SimulationTime,Step,VehicleID,PositionX,PositionY,Speed,Heading,OriginalStep
0.0,0.0,veh2567,232.51635619530157,400.4867494209492,23.513764740481967,227.83661768879148,1940
0.0,0.0,veh2576,4800.766705654283,3060.1721484495474,18.76453843596274,69.51704550529581,1940
0.0,0.0,veh2581,338.3147984317046,496.2957817119758,25.65426927909586,227.8366176887914,1940
0.0,0.0,veh2593,50.661712660577045,230.48938138904032,25.55020789546073,227.24398437946166,1940
0.0,0.0,veh2594,4269.15507499408,2861.5909472148696,18.19187289591149,69.51704550530069,1940
0.0,0.0,veh2596,4750.693301558867,3041.467447194557,19.415930593649566,69.51704550530069,1940
0.0,0.0,veh2600,4480.045169346799,2940.368020269213,18.520200317170694,69.51704550529945,1940
0.0,0.0,veh2604,4129.17381632222,2809.3015598234037,16.764712307008466,69.51704550529945,1940
0.0,0.0,veh2607,126.1769699874501,304.1878486844844,26.399882784262495,227.8366176887913,1940
0.0,0.0,veh2612,4895.226118513359,3100.465755690332,23.28977944153874,69.53524790941485,1940
0.0,0.0,veh2618,459.645775505107,606.170778494562,25.568604513333582,227.83661768879088,1940
0.0,0.0,veh2620,234.06482681324542,393.2479832572145,27.07472417299124,227.83635535128113,1940
0.0,0.0,veh2628,569.972607943699,706.0806337649898,21.30617572103859,227.8366176887914,1940
0.0,0.0,veh2636,883.4558916352158,989.9650598020617,23.863837224497953,227.83661768878966,1940
0.0,0.0,veh2641,4862.508142360703,3088.255941895749,23.815785274693393,69.53524790940997,1940
0.0,0.0,veh2646,755.9664239677903,874.5130525104897,25.414350304831043,227.8366176887914,1940
0.0,0.0,veh2648,970.8942280055437,1069.148991782071,22.523675489767378,227.8321807756659,1940
0.0,0.0,veh2655,4940.010443153751,3112.186038030388,24.522307937396278,69.51704550529945,1940
0.0,0.0,veh2657,185.69097751123354,349.44115357374926,29.74202612420534,227.83635535128028,1940
0.0,0.0,veh2658,4867.810731922762,3093.652747317511,26.371679641589644,69.5352479094157,1940
0.0,0.0,veh2659,4483.081135604003,2944.922241490787,22.30893890338206,69.51723463154411,1940
0.0,0.0,veh2662,181.6720077207484,354.443086377879,25.85575018068028,227.8366176887913,1940
0.0,0.0,veh2664,654.9533291877102,783.0375387408623,26.386574994563315,227.8366176887914,1940
0.0,0.0,veh2667,3929.2177193727603,2734.608833712222,19.366312617391525,69.51704550530069,1940
0.0,0.0,veh2668,944.4933660869855,1045.239421475982,21.541076126796714,227.8366176887904,1940
0.0,0.0,veh2669,4411.4886550184165,2918.179452554075,22.257517464788826,69.51723463154411,1940
0.0,0.0,veh2673,4122.97672271405,2810.4081664046194,21.405914018193616,69.51723463153559,1940
0.0,0.0,veh2675,4376.687687286817,2906.9556907318292,24.54275039507119,69.53524790941485,1940
0.0,0.0,veh2676,362.7880174194835,514.1319175989574,25.68998404299805,227.83665224689372,1940
0.0,0.0,veh2678,620.6063792952277,743.2957921351449,29.209299955151177,227.836355351282,1940
0.0,0.0,veh2679,4417.168254345917,2922.0623765422415,25.01590993210581,69.53524790941849,1940
0.0,0.0,veh2681,4470.965295200215,2942.1385526622375,26.607514443519573,69.53524790941849,1940
0.0,0.0,veh2682,272.96205029822465,437.1135912763449,26.52010579926014,227.8366176887913,1940
0.0,0.0,veh2685,207.34994024641037,373.3703582870678,28.045419136601666,227.8366522468939,1940
0.0,0.0,veh2686,4822.236246789339,3080.053836164883,28.494564279613133,69.53554701314668,1940
0.0,0.0,veh2690,4378.231626299221,2905.756559920311,23.655887048724495,69.51723463153924,1940
0.0,0.0,veh2693,4174.565123345724,2831.526854367081,25.251814989355307,69.53524790941609,1940
0.0,0.0,veh2696,4593.906092382381,2988.0180482137976,27.69632782655901,69.53524790940997,1940
0.0,0.0,veh2697,4414.160260779251,2924.357808209934,26.69432745778791,69.5352479094157,1940
0.0,0.0,veh2698,3300.6496689973083,2499.809985639087,18.02486878988218,69.51704550530252,1940
0.0,0.0,veh2700,3739.087498997603,2669.013724576006,22.94255959479227,69.5352479094118,1940
0.0,0.0,veh2701,1599.056230027922,1648.4159644845577,24.407952334699004,226.42748622308224,1940
0.0,0.0,veh2702,4251.099863150372,2860.088367997127,27.124617932793438,69.5352479094112,1940
0.0,0.0,veh2704,302.32161964727015,459.37477834978404,28.927030532269384,227.8366522468939,1940
0.0,0.0,veh2705,654.794904039964,778.5674113856076,25.920524866413515,227.8366522468949,1940
0.0,0.0,veh2706,3918.143421599966,2735.834467509234,24.75402884708656,69.53524790941485,1940
0.0,0.0,veh2708,3676.017164906166,2645.47690702881,23.59351725272012,69.53524790941485,1940
0.0,0.0,veh2712,1302.926148385356,1369.8775074099779,22.59006254887518,227.83218077566767,1940
0.0,0.0,veh2713,899.0182422313106,999.7310961749622,30.05059354295021,227.8366522468939,1940
0.0,0.0,veh2714,4137.863528575305,2817.8304192324567,25.909087371336554,69.53524790940997,1940
0.0,0.0,veh2715,3404.463470630921,2538.589177523093,20.754209685718305,69.51704550530252,1940
0.0,0.0,veh2716,61.130100278227815,235.81169024064843,32.12650759980692,227.24433579658972,1940
0.0,0.0,veh2717,3683.902666336123,2642.9724677951226,23.3736839115696,69.51704550530434,1940
0.0,0.0,veh2718,1259.461143715274,1326.1922408127332,28.62027477725842,227.83120150731506,1940
0.0,0.0,veh2719,689.6000855946892,801.4590271216887,35.649197547616424,227.83638990725203,1940
0.0,0.0,veh2720,3587.1998025848625,2606.8495356788517,22.844522852103157,69.51704550530069,1940
0.0,0.0,veh2721,1002.4522337943547,1093.4056975961382,24.152978458979746,227.83120150731702,1940
0.0,0.0,veh2724,4237.957306848283,2858.601746541739,28.391388334379677,69.53524790941083,1940
0.0,0.0,veh2725,1311.3487008253082,1373.1895416429463,28.144726020828205,227.83120150731685,1940
0.0,0.0,veh2726,1514.311657038989,1567.7922841748202,26.497836478992983,226.42748622308224,1940
0.0,0.0,veh2728,3919.6802490078626,2739.825952061439,27.456266863361503,69.53524790941388,1940
0.0,0.0,veh2729,856.9545838702514,961.6391032157815,27.16583219546397,227.8366522468939,1940
0.0,0.0,veh2730,3703.7527885359646,2653.810474897898,25.270327534851695,69.5172346315374,1940
0.0,0.0,veh2731,2751.9082877693663,2294.8300409450767,17.389787971059963,69.51704550530252,1940
0.0,0.0,veh2732,1404.7187804301489,1454.6918981316796,28.90526109750539,226.4260880338152,1940
0.0,0.0,veh2733,1853.09200670142,1882.5393957083927,19.194728257815747,228.4215462322436,1940
0.0,0.0,veh2734,1638.133470749524,1685.5929877700078,27.22644740837568,226.42857724984972,1940
0.0,0.0,veh2735,1097.5025683941894,1183.8209131673293,25.885786028828942,227.8321807756659,1940
0.0,0.0,veh2736,4611.261933388805,3001.3229263570515,34.585325734772525,69.53554701314303,1940
0.0,0.0,veh2737,3103.467989645386,2426.153631095926,19.62019589973436,69.51704550530252,1940
0.0,0.0,veh2739,3624.6032679984123,2624.244815140554,25.10324323308784,69.5172346315423,1940
0.0,0.0,veh2740,3870.168575532256,2721.3490049857783,27.88933456442095,69.53524790941083,1940
0.0,0.0,veh2742,3045.5001969156897,2410.178282885038,22.96014542844983,69.53524790941485,1940
0.0,0.0,veh2744,780.7984116552124,888.3639473367228,28.809017976418357,227.83635535128113,1940
0.0,0.0,veh2745,3431.717574336633,2554.308293877758,25.000057855274292,69.53524790941667,1940
0.0,0.0,veh2747,1411.586489967249,1470.0623560195636,24.919206257629078,226.427486223084,1940
0.0,0.0,veh2748,1604.1443392223455,1648.8353410053326,29.289601477670296,226.42844698292348,1940
0.0,0.0,veh2752,3134.831731735632,2441.2946405642356,23.25693758496621,69.51723463153559,1940
0.0,0.0,veh2753,1370.675913011168,1426.9253309884332,25.431789099650732,227.83120150731685,1940
0.0,0.0,veh2754,2992.1945869229316,2384.587937827227,22.175322971855604,69.51704550529763,1940
0.0,0.0,veh2755,1971.4925875390009,1991.2319743129092,20.47236950737374,225.94793053544558,1940
0.0,0.0,veh2756,3121.008825117767,2438.356868440884,24.396857881727094,69.53524790941667,1940
0.0,0.0,veh2758,3073.801338960178,2418.497233638693,22.888048275378118,69.5172346315374,1940
0.0,0.0,veh2759,2854.2500542483535,2333.059360530574,20.279392076486577,69.51704550530252,1940
0.0,0.0,veh2761,972.1460830354299,1065.9558162844676,29.12978380807187,227.83120150731597,1940
0.0,0.0,veh2762,1090.148581045557,1172.8369108393329,28.141582890974263,227.83120150731685,1940
0.0,0.0,veh2764,1798.308679613584,1833.7425360171,22.56473116583555,227.817519002845,1940
0.0,0.0,veh2765,3521.0187568370106,2587.634035203514,28.706276098157648,69.53524790941485,1940
0.0,0.0,veh2766,3231.279149394172,2479.5079506533416,26.938645489632233,69.53524790941667,1940
0.0,0.0,veh2769,1221.6866924820326,1291.977925335516,28.49768641802853,227.83120150731685,1940
0.0,0.0,veh2770,3125.97354047402,2443.627584732939,26.77463004202433,69.53524790941083,1940
0.0,0.0,veh2771,2323.355634485032,2107.1221892192452,16.794929217790898,63.18260622858199,1940
0.0,0.0,veh2772,3481.3138954550195,2576.234795758942,28.50281189174022,69.5352479094157,1940
0.0,0.0,veh2776,1243.4659583008108,1307.3852791400398,29.780115013975006,227.83244033851838,1940
0.0,0.0,veh2777,2745.6687312061435,2295.9259663681223,21.291426386601554,69.5172346315423,1940
0.0,0.0,veh2780,1653.3663466144596,1695.6695448786654,25.49416049402958,227.47567463934973,1940
0.0,0.0,veh2783,2899.6640243486477,2350.023550580653,22.46992975600408,69.51704550529763,1940
0.0,0.0,veh2785,2568.963337827432,2258.8745936542728,17.887143078595386,250.29797470206591,1940
0.0,0.0,veh2786,2685.613726174425,2275.8745357816665,24.36955364016784,69.53524790941485,1940
0.0,0.0,veh2787,2531.4006568880573,2212.1487853853855,21.94858165126173,67.93453573195896,1940
0.0,0.0,veh2789,2412.51835397637,2152.1314006511575,19.76704897928076,63.8382045446732,1940
0.0,0.0,veh2790,2523.7502729945086,2205.590438275688,20.363884355551793,67.90218934380843,1940
0.0,0.0,veh2791,2353.604109532041,2194.654670133854,21.157958009887526,260.72184418710964,1940
0.0,0.0,veh2792,1573.1543417252576,1619.3532908001516,27.60233568371351,226.42844698292535,1940
0.0,0.0,veh2793,2623.9609490024077,2252.8093748780316,24.816035527460375,69.40478044079691,1940
0.0,0.0,veh2794,3484.6880936399684,2580.910687826673,31.861451936956872,69.53554701314668,1940
0.0,0.0,veh2795,3377.4266519377215,2537.4657749289136,31.58555003751122,69.53524790941388,1940
0.0,0.0,veh2799,2301.511033616266,2184.8822985448473,21.29719867975267,254.92504650770786,1940
0.0,0.0,veh2800,2340.915999069645,2189.342424718479,21.176302917461452,260.72184418710793,1940
0.0,0.0,veh2801,2373.1838173832366,2194.6138513006445,21.804610991551698,260.7218441871088,1940
0.0,0.0,veh2802,2228.6806003835054,2121.358157997104,22.969736139901624,247.03877376751294,1940
0.0,0.0,veh2803,2530.5855035840386,2245.1318090690215,20.800420720312072,250.29797470206276,1940
0.0,0.0,veh2806,2418.0480343655267,2175.4314054777633,25.017873192076387,69.40478044079691,1940
0.0,0.0,veh2807,2958.4328623632946,2403.3279233477488,16.871180945083676,249.51597948853293,1940
0.0,0.0,veh2810,2442.804640662654,2184.734444715937,25.45373721587647,69.40478044079691,1940
0.0,0.0,veh2811,2073.8396951301866,2039.2116968246146,25.210000765942635,238.5862508692831,1940
0.0,0.0,veh2813,1677.4108718067087,1711.2457837043107,29.961063205495332,227.8229654179589,1940
0.0,0.0,veh2814,2294.0127718165263,2095.8669432023253,21.400520549187338,63.05767611033439,1940
0.0,0.0,veh2816,2001.0729666024922,1990.8541168533304,26.43425411979795,236.39372880113112,1940
0.0,0.0,veh2818,2713.3110939236017,2311.758561025973,20.31385870236044,249.51597948853478,1940
0.0,0.0,veh2821,2061.946023823399,2027.4662369452171,27.041473782447312,236.38906354905475,1940
0.0,0.0,veh2822,2185.8296056682507,2103.203203543681,25.682709048220055,247.0387737675177,1940
0.0,0.0,veh2823,2226.481372432064,2096.771916032141,25.834757033701234,66.55132982552847,1940
0.0,0.0,veh2824,2275.4780045595703,2141.467456445037,25.162194190502696,246.42181389886898,1940
0.0,0.0,veh2825,2519.320214360306,2237.696428536309,25.068220267522683,250.29906305091748,1940
0.0,0.0,veh2826,1862.4537067407684,1877.9144647218216,31.213105593743556,231.41040469158855,1940
0.0,0.0,veh2828,2109.5484242529,2036.0912561644197,24.561857794090137,60.01018258152782,1940
0.0,0.0,veh2830,2084.980792036688,1978.2579976519612,21.5856657476591,57.41587351269143,1940
0.0,0.0,veh2831,2725.9197094788938,2308.5866301635656,21.701433877411368,249.55291399453682,1940
0.0,0.0,veh2832,2740.016591619849,2317.256414475165,21.908774145736427,249.55283281120674,1940
0.0,0.0,veh2833,2079.02596590226,2017.847630643378,24.627594496976652,57.108984983227735,1940
0.0,0.0,veh2834,2321.6233343538725,2141.529324767018,28.03389735935202,66.54958202659039,1940
0.0,0.0,veh2835,2339.8575525412716,2152.890860902135,29.353852099034814,66.95499205089328,1940
0.0,0.0,veh2839,2108.407200923947,1993.230668171063,23.163187819077834,57.41587351269143,1940
0.0,0.0,veh2841,2095.100460731262,2031.446661713666,27.013570241621597,60.01147204933648,1940
0.0,0.0,veh2842,1788.2869128212883,1755.6185753050877,18.38302030505166,49.90742684512333,1940
0.0,0.0,veh2843,2314.3018850095104,2158.4115931593637,27.00827335612765,246.42181389886898,1940
0.0,0.0,veh2845,2303.1617654784345,2137.0102341283714,28.959438617683723,66.54783941933407,1940
0.0,0.0,veh2847,1885.1131677014318,1835.8518602036595,20.943811319137023,50.43828675493539,1940
0.0,0.0,veh2848,1486.7273281406965,1506.8979071073013,20.260828153087616,46.66812107751967,1940
0.0,0.0,veh2849,2311.75351027806,2153.806771243093,28.865861794127625,246.4240966693255,1940
0.0,0.0,veh2850,2770.372608414933,2329.6549343855586,24.27187583480881,249.51559891298254,1940
0.0,0.0,veh2851,2939.8123277243026,2392.953275960107,22.070514240241387,249.51559891298743,1940
0.0,0.0,veh2852,2817.2004526039077,2347.148618208662,23.994915784919673,249.51559891298254,1940
0.0,0.0,veh2853,1889.0099319968251,1877.0867230768574,26.182930836687216,51.29087556912168,1940
0.0,0.0,veh2854,1691.8609114397007,1700.4216196178354,23.484991940927543,46.66812107752146,1940
0.0,0.0,veh2856,2324.479797363414,2155.8703572209793,31.531856006486283,246.42115423660118,1940
0.0,0.0,veh2857,2894.0876143268406,2374.699335371791,23.642451765947246,249.55283281120856,1940
0.0,0.0,veh2858,1891.5878958173346,1883.2479025058688,28.478783786800374,51.289784463403585,1940
0.0,0.0,veh2860,1263.4192551070787,1294.3407052483294,17.888759578080425,47.895922257154396,1940
0.0,0.0,veh2861,1821.3070684226664,1822.541559545227,27.134808961190785,46.66812107751967,1940
0.0,0.0,veh2863,1534.4663351052257,1541.2146426873944,34.077287999475764,49.620254601912706,1940
0.0,0.0,veh2866,1620.548350303976,1633.1451095619277,25.044786427088617,46.66812107751967,1940
0.0,0.0,veh2869,2537.8415790637378,2238.833030832471,30.967829367064002,249.73707028904334,1940
0.0,0.0,veh2870,3286.303916580372,2525.8565353372187,21.7084067052309,249.50852638808885,1940
0.0,0.0,veh2873,1496.5176174051987,1512.7659765934168,34.6654136854093,48.104955468770235,1940
0.0,0.0,veh2874,1377.5834040609911,1406.4002568967821,21.96677974570847,45.80261909613618,1940
0.0,0.0,veh2875,1365.7929438830386,1391.164613817193,22.680670635437846,47.89906525851306,1940
0.0,0.0,veh2876,1589.0365297041558,1607.8112131425764,26.128421399707314,46.66855376395631,1940
0.0,0.0,veh2878,3004.3290341578186,2415.801088625716,27.47928781282258,249.55283281120674,1940
0.0,0.0,veh2880,1650.9436169533585,1666.2136839034315,28.365614249388234,46.66855376395821,1940
0.0,0.0,veh2881,3248.3437721946284,2506.778087729022,23.904791299818033,249.55283281120185,1940
0.0,0.0,veh2882,1466.924941587275,1494.5347292428305,26.20912226385315,45.389679000098404,1940
0.0,0.0,veh2883,3238.4572003106664,2499.677223203205,25.167982218092547,249.55291399453682,1940
0.0,0.0,veh2884,1355.4616671124752,1390.4557223394218,23.551419791985627,47.89906525851306,1940
0.0,0.0,veh2885,3429.068861548175,2579.2099471343126,22.57046726700126,249.50852638808217,1940
0.0,0.0,veh2886,1198.1441811282461,1235.3517108692795,19.014458630826873,47.895922257156336,1940
0.0,0.0,veh2887,3254.568973071968,2502.2693040742915,24.563500198817167,249.55269624816162,1940
0.0,0.0,veh2888,1294.134042213418,1326.4021444173632,23.126355142145425,47.899667054046716,1940
0.0,0.0,veh2891,3028.7299552541062,2421.4841068920664,29.440269352740017,249.55291399453867,1940
0.0,0.0,veh2894,1241.2084915493153,1274.2688688366513,19.384803844275194,47.895922257154396,1940
0.0,0.0,veh2895,3781.3282623630657,2710.8545947424013,19.099227369560033,249.50852638808396,1940
0.0,0.0,veh2896,1410.827805284275,1443.690774230585,28.604033482659517,45.392472064427864,1940
0.0,0.0,veh2898,2992.2301564235227,2404.4597526299717,31.857352852528667,249.55269624815674,1940
0.0,0.0,veh2900,1176.0440102925666,1215.3798169481067,17.980945553213978,47.895922257154396,1940
0.0,0.0,veh2902,1218.841261869301,1254.055634205969,17.30738503060873,47.895922257154396,1940
0.0,0.0,veh2903,4016.766113069665,2798.8412682511184,16.56365163856975,249.50852638808217,1940
0.0,0.0,veh2904,1266.18104574918,1305.4633987313582,26.786708402818462,47.89592225715502,1940
0.0,0.0,veh2908,3853.2600639432226,2737.7365932041284,20.61883203612359,249.50852638808706,1940
0.0,0.0,veh2909,3963.0006891059707,2778.748318922225,18.39061041799251,249.50852638808396,1940
0.0,0.0,veh2911,1152.664651277593,1198.5732473312814,26.88680403327919,47.899667054048464,1940
0.0,0.0,veh2912,1003.9312721902817,1059.8713603419121,22.87401081044987,47.902725492670406,1940
0.0,0.0,veh2913,3995.0743673577454,2787.32135913199,18.089570903606816,249.5082718117857,1940
0.0,0.0,veh2914,3377.307568653936,2554.8601801847144,30.96302644329007,249.55283281120674,1940
0.0,0.0,veh2916,938.5777097120219,1005.1445004080273,22.878315719071225,47.9021713868812,1940
0.0,0.0,veh2917,918.3961828841202,982.5918667870254,22.282589524058334,47.902725492670506,1940
0.0,0.0,veh2918,913.7879883631575,982.7469747589245,21.526859661735188,47.90217138688226,1940
0.0,0.0,veh2920,3711.9733743061242,2679.634982500685,26.100026539541137,249.55283281120367,1940
0.0,0.0,veh2921,3535.0043250297376,2613.654897990781,30.17893299658394,249.55283281120674,1940
0.0,0.0,veh2922,893.9857928307621,960.5374959305391,22.360886207185036,47.9027254926706,1940
0.0,0.0,veh2924,3683.6059915042233,2669.0586567406303,28.342549005200063,249.55283281120185,1940
0.0,0.0,veh2925,978.0451313856886,1040.803335648642,26.503787926263815,47.902171386884106,1940
0.0,0.0,veh2927,3920.8127527306187,2757.4974103872914,24.1677859043533,249.55283281120674,1940
0.0,0.0,veh2928,4022.792868798651,2797.680321274581,18.66605907494776,249.50827181178389,1940
0.0,0.0,veh2929,3812.866345246337,2713.83557477085,27.35659804464514,249.55291399453867,1940
0.0,0.0,veh2932,4191.533039079919,2864.1543027221524,18.697617126001575,249.50852638808396,1940
0.0,0.0,veh2934,3794.2474586932576,2703.4812759705637,30.94827606844258,249.55269624816162,1940
0.0,0.0,veh2938,863.4239354025012,932.9253792739598,24.153757687694483,47.902725492670406,1940
0.0,0.0,veh2939,811.9510304277835,886.4204880005434,27.065177452307537,47.902725492670506,1940
0.0,0.0,veh2941,871.8583953403419,944.8635664717242,27.098569796993285,47.902171386882166,1940
0.0,0.0,veh2942,4241.429484092057,2879.389226990035,20.312245502805965,249.5082718117906,1940
0.0,0.0,veh2943,683.3995029577786,774.5908628564686,24.087423346757753,47.902171386882166,1940
0.0,0.0,veh2945,4197.182872215201,2860.5375968728167,23.70947491351545,249.55283281120674,1940
0.0,0.0,veh2946,4129.935925683246,2835.465646532609,26.86717694408019,249.55283281120674,1940
0.0,0.0,veh2947,623.9422405024479,716.5577546222967,23.822202474772094,47.90272549266954,1940
0.0,0.0,veh2948,4270.365171910134,2890.2030761916712,21.152075742228508,249.5082718117857,1940
0.0,0.0,veh2949,4194.17357927076,2852.588430467535,25.02953981290912,249.55269624815674,1940
0.0,0.0,veh2950,4206.178205837541,2860.4749875637103,24.94570675074929,249.55291399453503,1940
0.0,0.0,veh2951,4319.385991333317,2908.523143518765,21.815804335803634,249.5082718117857,1940
0.0,0.0,veh2952,4242.268624452574,2873.93066567421,24.58297836604141,249.55291399453867,1940
0.0,0.0,veh2953,4227.728603343088,2865.0989765435893,25.54900452314921,249.55269624816162,1940
0.0,0.0,veh2954,4271.083096414399,2888.090115564087,24.946655497765104,249.5528328112104,1940
0.0,0.0,veh2957,4395.381504074798,2940.3355466509765,22.357343605464965,249.50852638808396,1940
0.0,0.0,veh2960,455.8587516156244,564.6971907124571,22.654266261908138,47.90272549266997,1940
0.0,0.0,veh2962,553.8906110422441,661.8943384577601,30.374718453294935,47.90278468712849,1940
0.0,0.0,veh2963,4515.168351420999,2979.093405793695,20.924378052432672,249.55283281120185,1940
0.0,0.0,veh2964,4490.369858488632,2975.8341264326773,22.129454988924007,249.50852638808396,1940
0.0,0.0,veh2965,411.6729066513278,524.7760338067424,23.355719693039955,47.90272549267094,1940
0.0,0.0,veh2966,4378.684644352633,2921.3809360629084,29.094972786330075,249.55269624816162,1940
0.0,0.0,veh2968,407.8254283012725,525.6095484444934,26.160270234115657,47.90217138688173,1940
0.0,0.0,veh2969,445.0330785085748,563.5436197056893,36.39239859676733,47.90278468712761,1940
0.0,0.0,veh2970,380.669458965578,496.7649478881405,23.80013482864745,47.90272549267098,1940
0.0,0.0,veh2971,4497.790315199849,2969.1974359940705,28.391404138199903,249.55291399453503,1940
0.0,0.0,veh2972,374.4540978868195,495.45853470844605,26.214043947809692,47.902171386882216,1940
0.0,0.0,veh2973,4631.791949330034,3028.6856934022094,20.745176900814354,249.50852638808033,1940
0.0,0.0,veh2975,4559.807940908556,2992.3196174687464,27.586753567249158,249.55291399453867,1940
0.0,0.0,veh2976,373.0467671132916,502.8118605437637,31.837553380596972,47.90253722585635,1940
0.0,0.0,veh2977,4688.142804841349,3046.3349902052137,21.257985872548506,249.50827181178207,1940
0.0,0.0,veh2978,4648.0889912353405,3025.233655100863,24.790797803575405,249.55291399453992,1940
0.0,0.0,veh2979,4718.229502866521,3057.5789950985804,20.55283960686097,249.5082718117906,1940
0.0,0.0,veh2980,263.29084910841135,390.71537691651054,25.91372470168362,47.90272549267006,1940
0.0,0.0,veh2981,4676.66088874245,3039.3033199213737,24.14121791198966,249.55283281120674,1940
0.0,0.0,veh2983,4746.978980211592,3071.732823029825,20.42687466966775,249.50852638808396,1940
0.0,0.0,veh2984,232.88071562191428,363.2403402521867,27.373510026139673,47.902725492670506,1940
0.0,0.0,veh2986,4725.999719394528,3054.2813004232144,28.579835240399785,249.55291399453867,1940
0.0,0.0,veh2988,4818.603510678058,3095.090783000844,21.885896739395687,249.50827181178695,1940
0.0,0.0,veh2989,164.87209577323,306.1010908764092,26.616717793430592,47.90217138688195,1940
0.0,0.0,veh2990,142.68541376029202,281.75042417871146,25.218890882737156,47.902725492670506,1940
0.0,0.0,veh2991,4840.68320656538,3093.6309778800323,28.05405615461162,249.55269624815674,1940
0.0,0.0,veh2993,4880.939789077264,3118.3871054742676,21.474038683565134,249.5082718117857,1940
0.0,0.0,veh2994,4888.038436765345,3118.11206381797,29.037243049255732,249.55283281120552,1940
0.0,0.0,veh2995,4897.959471594136,3118.3934709757445,24.391866494253268,249.55291399453992,1940
0.0,0.0,veh2996,4920.525033856894,3123.398945173805,26.142062256163495,249.55269624816162,1940
0.0,0.0,veh2997,48.613305429214584,197.73672080292187,24.276942000000002,48.39067652278661,1940
1.0,1.0,veh2567,214.94661270112726,384.57592799300187,23.704102015892968,227.83661768878957,1941
1.0,1.0,veh2576,4818.653911292751,3066.8538359401073,19.09561136909643,69.51704550530434,1941
1.0,1.0,veh2581,319.3758891618818,479.1450701189375,25.551302871921614,227.83661768879227,1941
1.0,1.0,veh2594,4285.052345866183,2867.5293032704258,16.971242604271666,69.51704550530069,1941
1.0,1.0,veh2596,4769.084306545465,3048.337326729766,19.633445883572744,69.51704550529945,1941
1.0,1.0,veh2600,4497.652685282971,2946.945230893859,18.797026673033123,69.51704550530434,1941
1.0,1.0,veh2604,4145.564224336301,2815.4241251031,17.497694606066233,69.51704550529945,1941
1.0,1.0,veh2607,106.38577392355535,286.26532258030227,26.70115990427808,227.8366176887904,1941
1.0,1.0,veh2612,4917.3863869399665,3108.7356055693226,23.660875743106484,69.53524790941485,1941
1.0,1.0,veh2618,441.0168629479126,589.300793955935,25.133072878798874,227.83661768879148,1941
1.0,1.0,veh2620,213.5149119948578,374.63820480360323,27.723737270249522,227.83635535128113,1941
1.0,1.0,veh2628,554.329918893462,691.9149157387847,21.104229391433755,227.8366176887913,1941
1.0,1.0,veh2636,865.4132235901853,973.6259670063475,24.34214501310748,227.8366176887914,1941
1.0,1.0,veh2641,4884.288314763933,3096.383946152998,23.255041093161744,69.53524790941485,1941
1.0,1.0,veh2646,737.5065266438922,857.7961249129883,24.90504710633237,227.8366176887904,1941
1.0,1.0,veh2648,954.443897434841,1054.2504310812967,22.194832343855587,227.8366176887904,1941
1.0,1.0,veh2657,164.0746914192938,329.8656809396275,29.162370825754376,227.83635535128113,1941
1.0,1.0,veh2658,4892.314584625205,3102.797184533027,26.154583571715403,69.5352479094157,1941
1.0,1.0,veh2659,4504.435838759415,2952.899117199244,22.794489651589664,69.51723463154411,1941
1.0,1.0,veh2662,162.65285997786418,337.2197123685137,25.65955607161575,227.83661768879062,1941
1.0,1.0,veh2664,635.7407484777594,765.6389955607976,25.920524866413515,227.8366176887904,1941
1.0,1.0,veh2667,3947.980731131389,2741.6176747512745,20.030584312511785,69.51704550529581,1941
1.0,1.0,veh2668,928.1534002788178,1030.4422630428653,22.04495566946879,227.83661768879148,1941
1.0,1.0,veh2669,4432.767554440012,2926.128012394196,22.713575043998855,69.51723463154411,1941
1.0,1.0,veh2673,4143.672078508413,2818.138748268131,22.09068747326488,69.51723463154411,1941
1.0,1.0,veh2675,4400.3615712202,2915.790397171876,25.27698741374115,69.53524790941485,1941
1.0,1.0,veh2676,343.52297135149706,496.68588394964945,25.990712453201056,227.83665224689304,1941
1.0,1.0,veh2678,598.9780980862187,723.7094568539923,29.17855334899588,227.83635535128113,1941
1.0,1.0,veh2679,4441.435673080822,2931.118580466527,25.910714086977773,69.53524790941849,1941
1.0,1.0,veh2681,4495.790950695649,2951.40308141895,26.50675247296789,69.53524790940997,1941
1.0,1.0,veh2682,253.49667661593946,419.4861236477026,26.26157881561339,227.8366176887905,1941
1.0,1.0,veh2685,186.9656672972078,354.91077555191805,27.500675312200727,227.8366522468939,1941
1.0,1.0,veh2686,4848.292199339885,3089.7773367045884,27.80199130543233,69.53554701315156,1941
1.0,1.0,veh2690,4399.208251497941,2913.5922076825536,22.390920751165698,69.51723463154411,1941
1.0,1.0,veh2693,4197.972772193831,2840.262206225975,24.99272392243697,69.53524790941972,1941
1.0,1.0,veh2696,4619.695950074003,2997.6424014664035,27.536246697317274,69.53524790940997,1941
1.0,1.0,veh2697,4439.591431909433,2933.84830550197,27.14437189644992,69.5352479094157,1941
1.0,1.0,veh2698,3318.2395131870967,2506.3805950601054,18.778161076697305,69.51704550530252,1941
1.0,1.0,veh2700,3760.9108949838806,2677.1578591677867,23.30119160939097,69.53524790941667,1941
1.0,1.0,veh2701,1581.461774145305,1631.6770780134543,24.285617769243913,226.42748622308412,1941
1.0,1.0,veh2702,4276.404044538117,2869.531474793439,27.01768228030832,69.53524790941485,1941
1.0,1.0,veh2704,281.3606486679731,440.3929496151692,28.278705773151128,227.83665224689284,1941
1.0,1.0,veh2705,635.4628538599063,761.0607001760325,26.081108531356048,227.8366522468938,1941
1.0,1.0,veh2706,3941.0613240075754,2744.3870540033904,24.469813754963074,69.53524790940997,1941
1.0,1.0,veh2708,3698.025261140854,2653.6899687336363,23.49839904132408,69.53524790941485,1941
1.0,1.0,veh2712,1286.9785260145,1355.433399753413,21.517137140597523,227.83218077566417,1941
1.0,1.0,veh2713,876.8777777119935,979.6811420948012,29.86997512858836,227.8366522468938,1941
1.0,1.0,veh2714,4160.946041642141,2829.8624014225597,26.11887139916299,69.5352479094157,1941
1.0,1.0,veh2715,3423.4446434081055,2545.6795116571584,20.26348363230623,69.51704550530252,1941
1.0,1.0,veh2717,3705.4755186542925,2651.0309124948376,23.030249236066076,69.51704550529945,1941
1.0,1.0,veh2718,1238.1134611679847,1306.8565172870478,28.80290466748611,227.83120150731685,1941
1.0,1.0,veh2719,663.4449102476706,777.773214654211,35.28493813431262,227.83638990725115,1941
1.0,1.0,veh2720,3608.375779898144,2614.759729455025,22.606562551368892,69.51704550530434,1941
1.0,1.0,veh2721,983.4502202532672,1076.1945703720053,25.6380608668798,227.83120150731597,1941
1.0,1.0,veh2724,4265.101512646001,2868.731520365327,28.972807159972522,69.5352479094157,1941
1.0,1.0,veh2725,1290.7030883920256,1354.4897200981904,27.85565156313529,227.83120150731685,1941
1.0,1.0,veh2726,1494.555704381102,1548.997008499624,27.26913057827173,226.42748622308224,1941
1.0,1.0,veh2728,3945.395584587777,2749.4224948803158,27.44767941869473,69.5352479094157,1941
1.0,1.0,veh2729,836.8012316872572,943.3886376269587,27.189137244094542,227.8366522468939,1941
1.0,1.0,veh2730,3727.495777343157,2662.6794752901724,25.34379938342523,69.51723463154048,1941
1.0,1.0,veh2731,2768.5119623451824,2301.0322710168316,17.72536881428136,69.51704550529763,1941
1.0,1.0,veh2732,1384.0804716360853,1435.0562133371484,28.48651786950108,226.42608803381708,1941
1.0,1.0,veh2733,1838.0921755867864,1869.23200619886,20.05658551147806,228.4215462322436,1941
1.0,1.0,veh2734,1619.0837869864238,1667.4696370993004,26.294268011589885,226.42748622308224,1941
1.0,1.0,veh2735,1078.2185101100629,1166.354923100972,26.018783056031452,227.8321807756659,1941
1.0,1.0,veh2736,4643.651057932437,3013.409825478074,34.559556293546954,69.53554701314668,1941
1.0,1.0,veh2737,3122.073289504167,2433.103559544067,19.86221787179177,69.51704550530252,1941
1.0,1.0,veh2739,3647.7864414426685,2632.9047010563904,24.74623989480212,69.51723463154048,1941
1.0,1.0,veh2740,3896.4559287612256,2731.1590154393766,28.058231709732297,69.5352479094157,1941
1.0,1.0,veh2742,3066.614610136829,2418.057836700015,22.54419928479379,69.53524790941667,1941
1.0,1.0,veh2744,756.6779760036402,870.8306478969821,29.597806923951243,227.8366522468939,1941
1.0,1.0,veh2745,3456.107459363801,2563.410200220117,26.041473320943997,69.53524790940997,1941
1.0,1.0,veh2747,1393.624632126392,1452.9739333247048,24.792742489952463,226.42748622308412,1941
1.0,1.0,veh2748,1585.7714841056752,1626.9489302385423,28.389950417456703,226.42608803381708,1941
1.0,1.0,veh2752,3156.4801363021375,2449.381226046443,23.107993132631083,69.51723463153559,1941
1.0,1.0,veh2753,1351.7557486884423,1409.7883389241017,25.52762755739251,227.83120150731506,1941
1.0,1.0,veh2754,3012.7727257360966,2392.2748116445237,21.968335883076616,69.51704550529763,1941
1.0,1.0,veh2755,1957.2052148993616,1977.409704343126,19.883814086601568,225.9479305354438,1941
1.0,1.0,veh2756,3144.82158729435,2447.2434019707757,25.425269952224966,69.53524790940997,1941
1.0,1.0,veh2758,3095.3900535229723,2426.56152240541,23.044278682376774,69.51723463154048,1941
1.0,1.0,veh2759,2873.703546614749,2340.3261275829254,20.767711710178148,69.51704550530434,1941
1.0,1.0,veh2761,950.3970327232201,1046.258683216247,29.343011413519044,227.83665224689574,1941
1.0,1.0,veh2762,1068.7972264243585,1153.4978613223734,28.80785913476897,227.83120150731685,1941
1.0,1.0,veh2764,1782.4203234345982,1815.0203614808772,24.34175096009399,227.82200476001154,1941
1.0,1.0,veh2765,3547.6459936826277,2597.5708846660946,28.430329915586295,69.53524790941485,1941
1.0,1.0,veh2766,3256.463992642419,2488.90652240705,26.890263025464574,69.53524790941485,1941
1.0,1.0,veh2769,1200.3814774290186,1272.680666862246,28.745606307987103,227.83120150731685,1941
1.0,1.0,veh2770,3150.8711171338805,2452.9189532923774,26.574831206792407,69.5352479094157,1941
1.0,1.0,veh2771,2338.956747851256,2115.008824219469,17.48232590820332,63.18260622857735,1941
1.0,1.0,veh2772,3508.4190632943382,2586.350001254687,28.931139363572964,69.53524790941388,1941
1.0,1.0,veh2776,1222.0527323756892,1287.991032320478,28.89021162310178,227.83244033851838,1941
1.0,1.0,veh2777,2765.156710759898,2303.2055426552715,20.801906963331884,69.5172346315423,1941
1.0,1.0,veh2780,1634.6191288187667,1677.827252894272,25.88081391023757,226.42844698292348,1941
1.0,1.0,veh2783,2920.768006323538,2357.906850812825,22.529703424790593,69.51704550529763,1941
1.0,1.0,veh2785,2552.2284064944606,2252.8819533479063,17.77418456772341,250.29797470206094,1941
1.0,1.0,veh2786,2709.290816745061,2284.710438886311,25.280411192015425,69.53524790941485,1941
1.0,1.0,veh2787,2552.1914293498075,2220.576448015223,22.432535180671795,67.93453573195896,1941
1.0,1.0,veh2789,2430.3736936079376,2160.7707132484393,19.836828395966684,64.17996453826495,1941
1.0,1.0,veh2790,2543.1886165478877,2213.4688015900138,20.975520668439795,67.93728067657476,1941
1.0,1.0,veh2791,2333.872897302882,2191.431284045823,19.991253029324152,260.72184418710447,1941
1.0,1.0,veh2792,1552.675041093066,1599.8704957640434,28.2664840262065,226.42844698292348,1941
1.0,1.0,veh2793,2647.932753343109,2261.8126127665487,25.615201835035446,69.45723477915716,1941
1.0,1.0,veh2794,3514.929124895726,2592.1959664272617,32.26751685277689,69.53554701314485,1941
1.0,1.0,veh2795,3406.4363381475555,2548.291715543599,30.96395785503142,69.5352479094157,1941
1.0,1.0,veh2799,2280.785281459728,2179.299780028171,21.462788393453714,254.92504650770786,1941
1.0,1.0,veh2800,2319.7472406265506,2185.884194140759,21.45098189790415,260.7218441871036,1941
1.0,1.0,veh2801,2352.602434951946,2191.251577303945,20.855774945624585,260.72184418710793,1941
1.0,1.0,veh2802,2207.4112788071634,2112.3468487605364,23.09263576986891,247.0387737675177,1941
1.0,1.0,veh2803,2511.461072250015,2238.28350860287,20.312074517687112,250.29797470206094,1941
1.0,1.0,veh2806,2439.98553507468,2183.6750810217895,23.443005021078815,69.40478044079691,1941
1.0,1.0,veh2807,2941.9925632878017,2397.186372916284,17.548654049735696,249.51597948853293,1941
1.0,1.0,veh2810,2466.8189363924093,2193.7585384374156,25.662324201564193,69.40478044079691,1941
1.0,1.0,veh2811,2052.7967817349668,2025.2274984426456,25.258299173195514,236.39372880112973,1941
1.0,1.0,veh2813,1654.163436133671,1692.0171082990796,30.377317315594148,226.42999412673075,1941
1.0,1.0,veh2814,2312.789789612737,2105.3589096481837,21.048254870724765,63.18265628001749,1941
1.0,1.0,veh2816,1979.9342908318365,1975.2233082696043,26.30301941476889,231.7110817781734,1941
1.0,1.0,veh2818,2694.5726068277686,2304.758483777989,20.001778918389018,249.51597948853478,1941
1.0,1.0,veh2821,2039.397549601277,2012.478861827719,27.074943872413744,236.38906354905475,1941
1.0,1.0,veh2822,2162.7891686032413,2092.317324635541,25.524988160954884,239.19064547832383,1941
1.0,1.0,veh2823,2249.6819933021934,2106.8351282464173,25.297411018086777,66.55132982553054,1941
1.0,1.0,veh2824,2252.193040779292,2131.31982370197,25.392580017612843,246.57681033205415,1941
1.0,1.0,veh2825,2496.4555604445745,2229.509275351064,24.2880679973481,250.29906305091922,1941
1.0,1.0,veh2826,1838.783487525995,1859.0258136086782,30.282953452370883,231.4104046915865,1941
1.0,1.0,veh2828,2131.625147270459,2048.832027390338,25.49779632159505,60.01018258153268,1941
1.0,1.0,veh2830,2103.5432069543413,1990.121912601044,22.03973294209764,57.41587351268924,1941
1.0,1.0,veh2831,2705.044264171179,2300.8035873712342,22.27909934529762,249.55291399453867,1941
1.0,1.0,veh2832,2719.676402500479,2309.6728997163355,21.701433877411368,249.55283281120367,1941
1.0,1.0,veh2833,2099.957263441148,2030.5560693707844,24.503026994350417,60.01018258153042,1941
1.0,1.0,veh2834,2347.3625394980263,2152.2901399492816,27.904895919383897,69.40479072891247,1941
1.0,1.0,veh2835,2367.4582232681023,2163.262972054429,29.475519676174844,69.40418165002312,1941
1.0,1.0,veh2839,2127.681698278218,2005.416492077795,22.818342211201056,58.70369285301366,1941
1.0,1.0,veh2841,2118.2421200558306,2044.8013276155523,26.718651322010807,60.01147204933648,1941
1.0,1.0,veh2842,1801.8023851770233,1766.9966659576603,17.675070900959152,49.90742684512333,1941
1.0,1.0,veh2843,2289.873189489738,2147.750032495086,26.64595225482439,246.42181389886684,1941
1.0,1.0,veh2845,2330.1617902051703,2148.7233827355967,29.421587664244893,66.54783941933613,1941
1.0,1.0,veh2847,1901.2358516844254,1849.1715674547304,20.922398131174997,50.438286754935746,1941
1.0,1.0,veh2848,1501.7946711049144,1521.112489143119,20.721058501044144,46.66812107751967,1941
1.0,1.0,veh2849,2284.5639198161593,2141.941546404042,29.665710311181385,246.42409666933028,1941
1.0,1.0,veh2850,2747.557531221719,2321.1318055990378,24.356936272484376,249.51559891298743,1941
1.0,1.0,veh2851,2919.0913306541033,2385.2124419002967,22.121336731277182,249.51559891298743,1941
1.0,1.0,veh2852,2794.2217863034543,2338.5643767194633,24.531580847479443,249.5155989129844,1941
1.0,1.0,veh2853,1909.642016881989,1893.621535242179,26.44889757211821,51.29087556911964,1941
1.0,1.0,veh2854,1709.594726733057,1717.151760618415,24.388070611587576,46.66812107751967,1941
1.0,1.0,veh2856,2295.820213110727,2143.361891841928,31.27957729381503,246.42115423660593,1941
1.0,1.0,veh2857,2871.611384573163,2366.3194319667864,23.980426678946444,249.55283281120856,1941
1.0,1.0,veh2858,1913.248092726496,1900.6073339866323,27.758188825324794,51.289784463403585,1941
1.0,1.0,veh2860,1277.2034718827003,1306.797482948197,18.578491210975262,47.895922257156336,1941
1.0,1.0,veh2861,1842.1448539386367,1839.5284604427943,26.901329627195874,51.29087556912168,1941
1.0,1.0,veh2863,1560.3789891788974,1563.2522492999112,34.03226318362208,49.620254601914695,1941
1.0,1.0,veh2866,1638.8290976731641,1650.391228122611,25.140227880876115,46.66812107752336,1941
1.0,1.0,veh2869,2508.971762735154,2228.174991041934,30.774288866959573,249.73707028904334,1941
1.0,1.0,veh2870,3266.026692528089,2518.2786310750244,21.645304856736637,249.50852638808217,1941
1.0,1.0,veh2873,1522.588572469105,1535.3095539093986,34.453408808434325,49.619371719797826,1941
1.0,1.0,veh2874,1393.3430408773424,1421.946970258032,22.132485344622538,45.389679000098404,1941
1.0,1.0,veh2875,1381.9332456081231,1406.201770133578,21.96677974570847,45.39288609520109,1941
1.0,1.0,veh2876,1607.9287007551427,1625.633881215666,25.97237569339328,46.66855376395821,1941
1.0,1.0,veh2878,2979.5226339215437,2406.5524183601055,26.466541255089535,249.55283281120856,1941
1.0,1.0,veh2880,1672.2048797192467,1686.271327255722,29.229330116760465,46.66855376395631,1941
1.0,1.0,veh2881,3226.3157582067274,2498.565294416011,23.502214566623742,249.55283281120856,1941
1.0,1.0,veh2882,1486.5832566690287,1511.157913033307,25.890091801251927,46.6685537639581,1941
1.0,1.0,veh2883,3215.767042212566,2491.217596649657,24.21583247573977,249.55291399453682,1941
1.0,1.0,veh2884,1372.7637943467087,1406.148042837829,23.66603499340019,47.37235065546888,1941
1.0,1.0,veh2885,3408.5181534694257,2571.5298377692675,21.937240533486218,249.50852638808396,1941
1.0,1.0,veh2886,1210.7410272848292,1246.7354633774023,16.97814242300578,47.895922257154396,1941
1.0,1.0,veh2887,3231.251803910761,2493.575806536467,24.892441255857523,249.55269624815674,1941
1.0,1.0,veh2888,1311.5154420322867,1342.1195189571947,24.04368267920707,47.89906525851499,1941
1.0,1.0,veh2891,3000.9402997775833,2411.1232223902166,29.65821739401423,249.55291399453867,1941
1.0,1.0,veh2894,1254.8920504688028,1286.6346821706784,18.442823648143012,47.895922257154396,1941
1.0,1.0,veh2895,3763.2840687994794,2704.11120763178,19.26161438916541,249.50852638808396,1941
1.0,1.0,veh2896,1431.268976104734,1463.8538047740228,28.68909980443111,45.392472064431544,1941
1.0,1.0,veh2898,2961.6475969087146,2393.057450575026,32.64867021004738,249.5526962481549,1941
1.0,1.0,veh2900,1190.4380829502643,1228.387720567977,19.400460447932883,47.895922257156144,1941
1.0,1.0,veh2902,1233.5633170708309,1267.3599351986072,19.842518267185536,47.895922257154396,1941
1.0,1.0,veh2903,4001.7988784123745,2793.2477870620614,15.97705663181699,249.50852638808217,1941
1.0,1.0,veh2904,1285.9017706955094,1323.2849906821702,26.580552839416473,47.89592225715502,1941
1.0,1.0,veh2908,3834.1911923692487,2730.6102684762927,20.355426237259035,249.50852638808217,1941
1.0,1.0,veh2909,3945.989011377764,2772.3907985421542,18.159435907112133,249.50852638808217,1941
1.0,1.0,veh2911,1172.358998782309,1216.3686637369399,26.543093640961455,47.899667054048464,1941
1.0,1.0,veh2912,1021.7025703761451,1075.9274249904292,23.949745618513006,47.90272549266972,1941
1.0,1.0,veh2913,3977.989668113097,2780.936462997898,18.240166867632524,249.5082718117906,1941
1.0,1.0,veh2914,3348.293539468357,2544.0427626449527,30.95576113835304,249.55283281120856,1941
1.0,1.0,veh2916,955.0186345700819,1019.9988842480553,22.157412117690228,47.9021713868812,1941
1.0,1.0,veh2917,935.3359589133695,997.8966653567429,22.829132823725175,47.902725492670506,1941
1.0,1.0,veh2918,930.9526022512687,998.255211999902,23.132726841304233,47.902171386882166,1941
1.0,1.0,veh2920,3687.773849595468,2670.612576085341,25.819051253215328,249.55283281120185,1941
1.0,1.0,veh2921,3507.101085911943,2603.251620792762,29.770632668492222,249.55283281120367,1941
1.0,1.0,veh2922,910.0400267703027,975.0422223337416,21.635719289091657,47.9027254926706,1941
1.0,1.0,veh2924,3657.3017350375258,2659.2515346944906,28.06463986428259,249.55283281120552,1941
1.0,1.0,veh2925,997.7709299061789,1058.6256044871723,26.584431894338397,47.90217138688111,1941
1.0,1.0,veh2927,3898.4515973485973,2749.160410624465,23.857651081687585,249.55283281120367,1941
1.0,1.0,veh2928,4006.3138085509677,2791.5217646291158,17.593567462632585,249.5082718117857,1941
1.0,1.0,veh2929,3787.173847560985,2704.256578683372,27.420047808477754,249.5529139945417,1941
1.0,1.0,veh2932,4173.6857868699,2857.4845155638095,19.05138563073852,249.50852638808033,1941
1.0,1.0,veh2934,3764.9985706068182,2692.5762156347405,31.224897990711113,249.55269624815855,1941
1.0,1.0,veh2938,881.3105651214323,949.0856439945019,24.10517381795391,47.902725492671465,1941
1.0,1.0,veh2939,831.9293940849876,904.4705986394398,26.924129146895716,47.9027254926706,1941
1.0,1.0,veh2941,891.315471120997,962.4430441802836,26.222274622571135,47.902171386882166,1941
1.0,1.0,veh2942,4221.723589651598,2872.0247374295222,21.038638007192567,249.5082718117906,1941
1.0,1.0,veh2943,702.2016684614982,791.5786288019509,25.339652931185306,47.90217138688226,1941
1.0,1.0,veh2945,4175.123850181473,2852.3132427049977,23.53529779177189,249.55283281120674,1941
1.0,1.0,veh2946,4105.067982644281,2826.194031015616,26.532202742078724,249.55283281120674,1941
1.0,1.0,veh2947,641.0756151823334,732.0374662691552,23.09003882993395,47.90272549266954,1941
1.0,1.0,veh2948,4251.891148631345,2883.2989616898712,19.723453278067524,249.5082718117906,1941
1.0,1.0,veh2949,4171.14209565432,2844.0014469993584,24.587455234973373,249.55269624815674,1941
1.0,1.0,veh2950,4182.725606549593,2851.7310982162558,25.02953981290912,249.55291399453503,1941
1.0,1.0,veh2951,4298.452559023488,2900.699898338129,22.349196376002304,249.50827181178207,1941
1.0,1.0,veh2952,4218.502207541382,2865.0697749428477,25.364458369208677,249.55291399453867,1941
1.0,1.0,veh2953,4204.451713158822,2856.420496488566,24.849441093170874,249.55269624815674,1941
1.0,1.0,veh2954,4248.03012127574,2879.4951818506897,24.59577011370074,249.55283281120552,1941
1.0,1.0,veh2957,4374.8281855042915,2932.6544617058144,21.94002715209656,249.50852638808396,1941
1.0,1.0,veh2960,472.6430803447149,579.8615452991473,22.61964203374731,47.90272549267103,1941
1.0,1.0,veh2962,575.9489033058426,681.8235877074356,29.728022350815465,47.90278468712761,1941
1.0,1.0,veh2963,4495.195326233565,2971.646782244697,21.30969790365512,249.55283281120552,1941
1.0,1.0,veh2964,4470.517358913453,2968.4149481093496,21.19192471144084,249.50852638808396,1941
1.0,1.0,veh2965,429.19775759881827,540.609437580945,23.617617452877987,47.902725492671465,1941
1.0,1.0,veh2966,4351.661689108733,2911.3057852908146,28.848584548057445,249.55269624815674,1941
1.0,1.0,veh2968,426.61901321957356,542.5895618267543,25.328088887862165,47.9021713868827,1941
1.0,1.0,veh2969,472.7174474485751,588.5559226678604,37.310301667128684,47.90278468712761,1941
1.0,1.0,veh2970,399.006500505858,513.3321520031152,24.71217778761663,47.90272549267006,1941
1.0,1.0,veh2971,4470.9197981564,2959.1792360985246,28.677276572838345,249.55291399453867,1941
1.0,1.0,veh2972,394.73955835401955,513.7864583960104,27.338687540349465,47.90217138688313,1941
1.0,1.0,veh2973,4613.166192852994,3021.724967465068,19.882414678328736,249.50852638808033,1941
1.0,1.0,veh2975,4534.320652178834,2982.8171299327983,27.20104070986772,249.55291399453867,1941
1.0,1.0,veh2976,396.8399259034689,524.3087154866316,32.06676693777978,47.902537225855866,1941
1.0,1.0,veh2977,4668.379260421616,3038.9489556865765,21.100186953816063,249.50827181178695,1941
1.0,1.0,veh2978,4625.056673577676,3016.646460370702,24.58099866535165,249.55291399453867,1941
1.0,1.0,veh2979,4697.971009219821,3050.007988087271,21.628610449108823,249.5082718117857,1941
1.0,1.0,veh2980,282.85784385893857,408.39382276812364,26.369741922774935,47.90272549267094,1941
1.0,1.0,veh2981,4653.425119226334,3030.6402342428623,24.790797803575405,249.55283281120185,1941
1.0,1.0,veh2983,4726.889591815071,3064.225115783392,21.44479614699115,249.50852638808396,1941
1.0,1.0,veh2984,252.8278690557596,381.26225298687234,26.88206824046515,47.902725492670506,1941
1.0,1.0,veh2986,4698.801025930036,3044.1407457184287,29.027519405001165,249.55291399453503,1941
1.0,1.0,veh2988,4798.089156309624,3087.424155685678,21.901775471944713,249.50827181178207,1941
1.0,1.0,veh2989,184.77403486926772,324.0825028131273,26.821816308946737,47.90217138688266,1941
1.0,1.0,veh2990,161.68475618541405,298.91600584115486,25.604737101460028,47.902725492670506,1941
1.0,1.0,veh2991,4814.798410101848,3083.98017452706,27.63353351059007,249.55269624816162,1941
1.0,1.0,veh2993,4861.286801441088,3111.042388251874,20.98215302465277,249.5082718117857,1941
1.0,1.0,veh2994,4860.08568121972,3107.6903252104203,29.82346292872836,249.55283281120185,1941
1.0,1.0,veh2995,4875.017950558384,3109.8401281698575,24.484096926012068,249.55291399453867,1941
1.0,1.0,veh2996,4896.962659352347,3114.614026073017,25.154212295151822,249.55269624815674,1941
1.0,1.0,veh2997,65.91230386058147,213.10052497354394,23.136067550230965,48.39067652278655,1941
1.0,1.0,veh2998,48.613305429214584,197.73672080292187,21.76308106027716,48.39067652278661,1941
1.0,1.0,veh3000,4942.769902744917,3138.5178170581494,26.360442,249.55283281120674,1941
2.0,2.0,veh2567,197.72209792483852,368.9777390450847,23.238338998334477,227.8366176887904,1942
2.0,2.0,veh2576,4836.4669130408465,3073.5078048917258,19.016394487417994,69.51704550530069,1942
2.0,2.0,veh2581,300.06415345946834,461.65673408678674,26.054299161837953,227.8366176887905,1942
2.0,2.0,veh2594,4301.245105157392,2873.5780377335127,17.286693330860853,69.51704550530434,1942
2.0,2.0,veh2596,4787.202292819995,3055.1052213183048,19.341982849741065,69.51704550529945,1942
2.0,2.0,veh2600,4515.394149985021,2953.5724774945784,18.940024614035373,69.51704550530069,1942
2.0,2.0,veh2604,4162.376549241995,2821.704295593678,17.948114931921026,69.51704550529945,1942
2.0,2.0,veh2607,87.02408330696434,268.47629053653577,26.294156505409823,227.24328187508186,1942
2.0,2.0,veh2612,4938.820575428195,3116.7344942859777,22.885628491095744,69.5352479094112,1942
2.0,2.0,veh2618,422.3977339145737,572.4396691881435,25.11987350297294,227.8366176887905,1942
2.0,2.0,veh2620,193.69238792912915,356.6871434724626,26.742419814788274,227.83635535128113,1942
2.0,2.0,veh2628,538.0696231219758,677.1899049569536,21.937469371918112,227.83661768879148,1942
2.0,2.0,veh2636,847.5639271349135,957.4619877992243,24.081259025094592,227.8366176887914,1942
2.0,2.0,veh2641,4906.40259835942,3104.6366352448194,23.611776997808306,69.53524790940997,1942
2.0,2.0,veh2646,718.7326988122525,840.7949078919605,25.328584352842757,227.83661768878957,1942
2.0,2.0,veh2648,938.2185620376273,1039.5570797412947,21.89030281660969,227.83661768879236,1942
2.0,2.0,veh2657,142.45409853681087,310.28630812302015,29.1681810848507,227.83635535128113,1942
2.0,2.0,veh2658,4916.566873651596,3111.847742297451,25.886073012630575,69.5352479094157,1942
2.0,2.0,veh2659,4526.092412441954,2960.9887541883145,23.11671303051711,69.51723463154411,1942
2.0,2.0,veh2662,143.91053096110807,320.2470200677799,25.286087937249775,227.8366176887913,1942
2.0,2.0,veh2664,616.4091413731153,748.1326643693824,26.081108531356048,227.8366176887904,1942
2.0,2.0,veh2667,3966.7244829580936,2748.6193213269316,20.010023237603892,69.51704550530252,1942
2.0,2.0,veh2668,912.6461294331137,1016.3991771354006,20.921530825793333,227.8366176887914,1942
2.0,2.0,veh2669,4453.627255122297,2933.919983954149,22.266112896873814,69.51723463154048,1942
2.0,2.0,veh2673,4163.228697150476,2825.443964128549,20.87517386743089,69.51723463154411,1942
2.0,2.0,veh2675,4424.172119953803,2924.676104681035,25.422906623483136,69.53524790941485,1942
2.0,2.0,veh2676,323.80706842565064,478.8315635054132,26.598969028805957,227.83665224689477,1942
2.0,2.0,veh2678,574.8346800640027,706.1570598521671,29.632418541267647,227.8366522468939,1942
2.0,2.0,veh2679,4465.6152240719,2940.1419935853646,25.81689628078044,69.53524790941361,1942
2.0,2.0,veh2681,4520.605625723989,2960.663512444862,26.495028451286306,69.53524790941485,1942
2.0,2.0,veh2682,234.194719649773,402.0066430508216,26.041106245181897,227.83661768879062,1942
2.0,2.0,veh2685,166.0774966758753,335.99487333988975,28.180489907813424,227.8366522468939,1942
2.0,2.0,veh2686,4874.522926120537,3099.5660590901457,27.988477353730286,69.53554701314668,1942
2.0,2.0,veh2690,4420.571026146856,2921.5720984317713,22.803105344994155,69.51723463154048,1942
2.0,2.0,veh2693,4222.1723853349495,2849.2931062112125,25.83831696170932,69.53524790940997,1942
2.0,2.0,veh2696,4645.322782538329,3007.205916369479,27.36218203475366,69.53524790941485,1942
2.0,2.0,veh2697,4464.74044352835,2943.233505477423,26.84320437771126,69.5352479094157,1942
2.0,2.0,veh2698,3335.1662514884865,2512.7035041746044,18.070257751977785,69.51704550530252,1942
2.0,2.0,veh2700,3782.618196545851,2685.2586692184414,23.177235721532213,69.53524790941485,1942
2.0,2.0,veh2701,1564.5409956833378,1615.5791099053645,23.355741196372332,226.42748622308412,1942
2.0,2.0,veh2702,4301.351015357743,2878.841276445758,26.63628279977547,69.53524790940997,1942
2.0,2.0,veh2704,259.6880244851709,420.7666622225696,29.238805931408535,227.8366522468938,1942
2.0,2.0,veh2705,615.8217688177456,743.2741332846165,26.498031294509026,227.8366522468949,1942
2.0,2.0,veh2706,3964.042597596431,2752.9632895863333,24.53747618649559,69.53524790941304,1942
2.0,2.0,veh2708,3720.56576340642,2662.10171566489,24.0668575409671,69.53524790941485,1942
2.0,2.0,veh2712,1270.1719861699635,1340.211351901787,22.676021182610025,227.8321807756659,1942
2.0,2.0,veh2713,854.7556145579227,959.6477613585496,29.845284529877315,227.8366522468939,1942
2.0,2.0,veh2714,4185.735212069622,2839.1133145484064,26.459122061014796,69.53524790941083,1942
2.0,2.0,veh2715,3443.373501671851,2553.1238495628877,21.27519189559076,69.51704550529763,1942
2.0,2.0,veh2717,3727.0459844263964,2659.0884657107,23.027701462137696,69.51704550529763,1942
2.0,2.0,veh2718,1216.7436420997665,1287.500743545253,28.83277189549026,227.83120150731506,1942
2.0,2.0,veh2719,637.2122496797754,754.0172325019066,35.389470456833,227.83638990725203,1942
2.0,2.0,veh2720,3630.2151647252313,2622.917736208571,23.31478787840058,69.51704550529763,1942
2.0,2.0,veh2721,965.1471015078315,1059.6164690752687,24.695091992990616,227.83120150731597,1942
2.0,2.0,veh2724,4291.5286354971695,2878.5936905568396,28.20741707698829,69.53524790941206,1942
2.0,2.0,veh2725,1269.7098304360627,1335.4750176432187,28.324704858529696,227.83120150731685,1942
2.0,2.0,veh2726,1475.0962884022586,1530.4838497502446,26.859821163427704,226.42748622308224,1942
2.0,2.0,veh2728,3970.51245939177,2758.7957019218434,26.80890262843719,69.53524790941388,1942
2.0,2.0,veh2729,816.6499782960439,925.1400726612594,27.186305738087192,227.83665224689284,1942
2.0,2.0,veh2730,3750.82195773521,2671.392780288434,24.89888872199141,69.5172346315423,1942
2.0,2.0,veh2731,2784.307147049139,2306.9324932304426,16.862259802123702,69.51704550530252,1942
2.0,2.0,veh2732,1363.5172731154498,1416.1173701696532,27.957342496916354,227.83244033852014,1942
2.0,2.0,veh2733,1823.05701044972,1855.8932694297578,20.10383136624603,228.4215462322436,1942
2.0,2.0,veh2734,1600.0551584108573,1649.3663177609687,26.265205547827644,226.42748622308224,1942
2.0,2.0,veh2735,1058.6743587642754,1148.6533611044551,26.36971048251121,227.83218077566787,1942
2.0,2.0,veh2736,4675.45297082903,3025.277590305088,33.932994932042234,69.53554701313817,1942
2.0,2.0,veh2737,3140.028658507582,2439.810709161697,19.1683796456485,69.51704550529763,1942
2.0,2.0,veh2739,3671.028889572798,2641.5867285491167,24.80951102547012,69.5172346315423,1942
2.0,2.0,veh2740,3922.92093430971,2741.035322834184,28.247851786783517,69.53524790941206,1942
2.0,2.0,veh2742,3088.4624119025225,2426.211079129664,23.327250053406676,69.53524790941485,1942
2.0,2.0,veh2744,735.0019250804037,851.2012573179841,29.243428989405032,227.8366522468947,1942
2.0,2.0,veh2745,3479.9255482803705,2572.298721602285,25.430957398356632,69.53524790940997,1942
2.0,2.0,veh2747,1376.0369579084268,1436.2414987447792,24.276257041258607,226.42748622308224,1942
2.0,2.0,veh2748,1563.9100728936114,1606.149562227962,30.17473414895824,226.42608803381708,1942
2.0,2.0,veh2752,3178.095304565748,2457.455396377979,23.072515956625132,69.51723463154048,1942
2.0,2.0,veh2753,1333.0973832030677,1392.8884718932327,25.17440106840087,227.83120150731685,1942
2.0,2.0,veh2754,3033.1226426593894,2399.8764341722976,21.72469600980574,69.51704550529763,1942
2.0,2.0,veh2755,1942.6247562119981,1963.3038892752902,20.291703530749736,225.94793053544564,1942
2.0,2.0,veh2756,3168.3580534878774,2456.0268263569487,25.130264278216686,69.53524790941485,1942
2.0,2.0,veh2758,3116.856132915101,2434.580001801387,22.91337514752946,69.51723463154048,1942
2.0,2.0,veh2759,2892.4778677817685,2347.339193202055,20.042657750465764,69.51704550529763,1942
2.0,2.0,veh2761,928.2169132440492,1026.1728184114745,29.923474126476567,227.83665224689295,1942
2.0,2.0,veh2762,1047.2696374072839,1133.99918700554,29.045639628848896,227.83120150731685,1942
2.0,2.0,veh2764,1763.074235359006,1797.4919340898894,26.10646188130609,227.82200476001154,1942
2.0,2.0,veh2765,3574.0703077898434,2607.432006680284,28.21366603740807,69.53524790941485,1942
2.0,2.0,veh2766,3280.8964262446134,2498.024307181983,26.086903120230033,69.53524790940997,1942
2.0,2.0,veh2769,1179.6994524114718,1253.9478645168515,27.90478046464173,227.83120150731506,1942
2.0,2.0,veh2770,3175.0826470680186,2461.9543004299417,25.842568136168087,69.53524790941083,1942
2.0,2.0,veh2771,2354.1992842451677,2122.7141923040735,17.080511028330488,63.18260622858199,1942
2.0,2.0,veh2772,3535.5961908262307,2596.4920609312326,29.007946705507145,69.5352479094157,1942
2.0,2.0,veh2776,1200.5463836348677,1268.5124429138384,29.015850695977274,227.83244033852014,1942
2.0,2.0,veh2777,2784.1315275240877,2310.29343115539,20.254145479073077,69.51723463153559,1942
2.0,2.0,veh2780,1615.8212419023232,1659.9440553924333,25.94571854738338,226.42844698292348,1942
2.0,2.0,veh2783,2941.804025796971,2365.764763949606,22.457149581460932,69.51704550529763,1942
2.0,2.0,veh2785,2535.025344921725,2246.721679479883,18.271386086973347,250.29797470206094,1942
2.0,2.0,veh2786,2731.976757654254,2293.1764611415924,24.222144724717044,69.53524790941485,1942
2.0,2.0,veh2787,2572.4544156164557,2228.7901693881304,21.863071856916605,67.93453573196378,1942
2.0,2.0,veh2789,2448.8739890731295,2169.7220879612046,20.553357930467705,64.17996453827192,1942
2.0,2.0,veh2790,2562.3496032595904,2221.234752138281,20.67623054893245,67.93728067657476,1942
2.0,2.0,veh2791,2313.9369686158498,2188.1744544889048,20.198667478120925,260.72184418710964,1942
2.0,2.0,veh2792,1532.5128392159977,1580.6893697235334,27.82880956371392,226.42844698292348,1942
2.0,2.0,veh2793,2671.134733860359,2270.471212566835,24.773128530945726,69.53524790941485,1942
2.0,2.0,veh2794,3544.734825736186,2603.3187894231323,31.803014455574008,69.53554701313998,1942
2.0,2.0,veh2795,3436.596547325087,2559.5470125199504,32.191987156188645,69.5352479094157,1942
2.0,2.0,veh2799,2259.17575098065,2173.4792142351907,22.377995088010113,254.92504650770923,1942
2.0,2.0,veh2800,2298.194794886006,2180.679360901263,22.19540971475335,254.9276104971059,1942
2.0,2.0,veh2801,2331.525979713993,2187.808425823438,21.357448099598354,260.7218441871088,1942
2.0,2.0,veh2802,2186.162348439584,2103.344178797544,23.070496523200244,247.0387737675177,1942
2.0,2.0,veh2803,2491.798419226611,2231.2424754074727,20.883720224206595,250.29797470206276,1942
2.0,2.0,veh2806,2463.1206806942146,2192.3688076536328,24.722840678740532,69.40478044079691,1942
2.0,2.0,veh2807,2926.4670055482566,2391.3865395071603,16.5722436343396,249.51597948853293,1942
2.0,2.0,veh2810,2491.328737767794,2202.968833304911,26.19183490073018,69.4047804407951,1942
2.0,2.0,veh2811,2031.2507848316561,2010.908972800582,25.8621620280106,236.39372880112973,1942
2.0,2.0,veh2813,1632.2784891221993,1671.1965912438295,30.206362996481214,226.42608803381708,1942
2.0,2.0,veh2814,2331.974056023714,2115.0568699867417,21.494850397653778,63.18265628001514,1942
2.0,2.0,veh2816,1958.5777173833644,1958.363608817587,27.201316114185715,231.71108177817254,1942
2.0,2.0,veh2818,2675.3831997754414,2297.589957790682,20.483098527254324,249.51597948853478,1942
2.0,2.0,veh2821,2017.1213050810059,1997.6724306011274,26.74806570649441,236.38906354905407,1942
2.0,2.0,veh2822,2140.9182925648506,2079.2748256951345,25.456937370609587,239.19064547832653,1942
2.0,2.0,veh2823,2273.7238353017383,2117.2632180556443,26.214658741199592,66.55132982552577,1942
2.0,2.0,veh2824,2229.3469650098914,2121.640480951841,24.804557334843622,247.0387737675177,1942
2.0,2.0,veh2825,2473.0246864120504,2221.1193755662052,24.889537529701904,250.29906305091748,1942
2.0,2.0,veh2826,1815.0709360955434,1840.1033817161708,30.337111992487507,231.41040469158855,1942
2.0,2.0,veh2828,2153.7474835450535,2061.599122635103,25.550477941804527,60.01018258152782,1942
2.0,2.0,veh2830,2121.369038253603,2001.5150501518058,21.165164287593967,57.41587351268924,1942
2.0,2.0,veh2831,2685.019611475925,2293.3377476475116,21.37109988201137,249.55291399453378,1942
2.0,2.0,veh2832,2698.7947825737765,2301.887521125553,22.27909934529762,249.55283281120856,1942
2.0,2.0,veh2833,2122.386069927291,2043.5000326611275,25.90443967002292,60.01018258152782,1942
2.0,2.0,veh2834,2375.559164679903,2159.464935068737,28.02259862281794,69.40478044079691,1942
2.0,2.0,veh2835,2395.109840136954,2173.6542283591384,29.529926470358735,69.40418165002312,1942
2.0,2.0,veh2839,2147.9914792963073,2016.0275473015577,22.924907203471488,62.414717097202065,1942
2.0,2.0,veh2841,2141.832087567303,2058.414704700298,27.236254228643045,60.011472049336845,1942
2.0,2.0,veh2842,1815.882751868596,1778.657358795832,18.290179311763687,50.43828675493373,1942
2.0,2.0,veh2843,2266.216176850436,2137.4252619732483,25.80422801407412,246.42181389886207,1942
2.0,2.0,veh2845,2357.054796400887,2159.353447503396,28.916236964491727,69.40418165002312,1942
2.0,2.0,veh2847,1917.0847976886532,1861.2632814318792,19.948544959954017,53.365976334428176,1942
2.0,2.0,veh2848,1516.895331467819,1535.3585029249305,20.766877579360127,46.66812107751967,1942
2.0,2.0,veh2849,2257.7662981959697,2130.247372263357,29.238045388258534,246.42409666933028,1942
2.0,2.0,veh2850,2724.742657313044,2312.608752754417,24.356719249830707,249.5155989129892,1942
2.0,2.0,veh2851,2898.1634142618987,2377.394308078801,22.34223980764836,249.5155989129892,1942
2.0,2.0,veh2852,2771.8645449143714,2330.2122836690323,23.868159600371534,249.5155989129892,1942
2.0,2.0,veh2853,1929.8857639444564,1909.845128595116,25.951075497758925,51.29087556911964,1942
2.0,2.0,veh2854,1727.3227334419144,1733.8764217808389,24.38008247330025,46.66812107751967,1942
2.0,2.0,veh2856,2266.6087137093664,2130.61254329205,31.881947251465114,246.42115423660383,1942
2.0,2.0,veh2857,2848.688370471071,2357.772952150897,24.457111577876116,249.55283281120674,1942
2.0,2.0,veh2858,1935.2639980705153,1918.2518458029042,28.21403980133185,51.28978446340561,1942
2.0,2.0,veh2860,1290.3952157504414,1318.7188436978822,17.77995090281176,47.895922257154396,1942
2.0,2.0,veh2861,1863.783731821682,1856.8701291716666,27.73953615883881,51.290875569118015,1942
2.0,2.0,veh2863,1582.8652786084558,1582.375878983499,29.532263183622078,49.620254601912706,1942
2.0,2.0,veh2866,1657.499030026389,1668.0045051063714,25.67544665442554,46.66812107751967,1942
2.0,2.0,veh2869,2480.5102804268536,2217.6676983218485,30.339018030755284,249.73707028904334,1942
2.0,2.0,veh2870,3246.5023351845807,2510.9820844496835,20.84164310373222,249.50852638808217,1942
2.0,2.0,veh2873,1548.942451192061,1557.7231030781102,34.58089976856573,49.61937171979585,1942
2.0,2.0,veh2874,1409.4974913780811,1437.8831631011883,22.68695294977005,45.38967900010023,1942
2.0,2.0,veh2875,1397.686280146797,1421.740230647731,22.132485344622538,45.39288609520109,1942
2.0,2.0,veh2876,1626.8290997156437,1643.4643114088321,25.983687170327048,46.66855376395631,1942
2.0,2.0,veh2878,2954.290205458754,2397.144910272265,26.921080951519393,249.5528328112049,1942
2.0,2.0,veh2880,1692.8085508791032,1705.708605860609,28.325293402367752,46.6685537639581,1942
2.0,2.0,veh2881,3204.490731078258,2490.428181512622,23.285643035155672,249.55283281120674,1942
2.0,2.0,veh2882,1505.5387479770038,1529.040316746073,26.05942643515644,46.66855376395631,1942
2.0,2.0,veh2883,3193.3429669972766,2482.857174421224,23.931858318885094,249.55291399453378,1942
2.0,2.0,veh2884,1389.6133219940682,1422.764953576732,23.657287695036594,45.392472064431544,1942
2.0,2.0,veh2885,3388.4106866218267,2564.015374333175,21.46409433020952,249.5085263880858,1942
2.0,2.0,veh2886,1224.5609559332006,1259.2245138474486,18.62662399391179,47.895922257154396,1942
2.0,2.0,veh2887,3207.560920523123,2484.742974601536,25.29140304078097,249.55269624816162,1942
2.0,2.0,veh2888,1329.0943902437764,1358.0038384850575,23.692164277610374,47.89906525851499,1942
2.0,2.0,veh2891,2972.6954241889453,2400.5926170723405,30.14404626867023,249.55291399453682,1942
2.0,2.0,veh2894,1268.5474786317027,1298.9750737787524,18.404908761680243,47.895922257158084,1942
2.0,2.0,veh2895,3746.050054924668,2697.670596882502,18.396772815829248,249.50852638808396,1942
2.0,2.0,veh2896,1451.6028676554347,1483.9110157823757,28.53853378724577,45.39247206442972,1942
2.0,2.0,veh2898,2931.8836393315087,2381.9603534049356,31.774764784272513,249.55269624815674,1942
2.0,2.0,veh2900,1203.4939170589003,1240.186259855698,17.596770508443452,47.895922257154396,1942
2.0,2.0,veh2902,1246.8208730529525,1279.3407702653421,17.868653061846217,47.895922257154396,1942
2.0,2.0,veh2903,3986.561687204441,2787.553419041037,16.26522683803781,249.50852638808396,1942
2.0,2.0,veh2904,1305.1384436489614,1340.6609715748327,26.531716750793553,47.915912847180685,1942
2.0,2.0,veh2908,3815.0015960109886,2723.4388270769127,20.484296182814962,249.50852638808217,1942
2.0,2.0,veh2909,3928.3823548886103,2765.810925631142,18.79455719544895,249.50852638808396,1942
2.0,2.0,veh2911,1192.3676888293828,1234.4481137433017,26.966749389654726,47.899667054046716,1942
2.0,2.0,veh2912,1039.4240832047644,1091.9385094182499,23.88265166572124,47.9027254926706,1942
2.0,2.0,veh2913,3960.2304808447707,2774.299497107517,18.960271677552825,249.5082718117906,1942
2.0,2.0,veh2914,3320.3441114985467,2530.2073184664455,31.528732600718282,249.55291399453682,1942
2.0,2.0,veh2916,971.8518337124835,1035.207688100369,22.6860796383055,47.90217138688305,1942
2.0,2.0,veh2917,951.7408068031943,1012.7181654808948,22.108229222344193,47.90272549267137,1942
2.0,2.0,veh2918,947.4368835757145,1013.1487684290151,22.21584356859541,47.902171386882166,1942
2.0,2.0,veh2920,3663.615166780839,2661.6053969188433,25.775476058271632,249.55283281120367,1942
2.0,2.0,veh2921,3478.3359531768356,2592.5270003206433,30.690207567020156,249.55283281120674,1942
2.0,2.0,veh2922,927.1116494069452,990.4661420633121,23.006817800630092,47.902725492670506,1942
2.0,2.0,veh2924,3631.50026933089,2649.6318701556115,27.528200386281032,249.55283281120856,1942
2.0,2.0,veh2925,1017.1072917894293,1076.096017128994,26.059588666870898,47.902171386882166,1942
2.0,2.0,veh2927,3876.3387744415163,2740.9159976600085,23.592699229327778,249.55283281120185,1942
2.0,2.0,veh2928,3989.1824301614874,2785.1194235586445,18.290003003392865,249.50827181178877,1942
2.0,2.0,veh2929,3760.897294400324,2694.459827779629,28.04337486884753,249.5529139945417,1942
2.0,2.0,veh2932,4155.952551484376,2850.85733821133,18.929676223245046,249.50852638808396,1942
2.0,2.0,veh2934,3736.6216982931146,2681.996274824397,30.2939701732342,249.55269624816162,1942
2.0,2.0,veh2938,897.9437420988706,964.1134355529383,22.415940201500334,47.90272549267137,1942
2.0,2.0,veh2939,852.3671238097313,922.9357386814,27.543200435232716,47.902725492670506,1942
2.0,2.0,veh2941,910.3477512101541,979.6387187689103,25.649778045669283,47.9021713868812,1942
2.0,2.0,veh2942,4202.300440111737,2864.765915331861,20.736770582193202,249.5082718117906,1942
2.0,2.0,veh2943,720.9232939768135,808.4936268275894,25.231109298121048,47.902171386882166,1942
2.0,2.0,veh2945,4152.600913059788,2843.9159252035674,24.030259886123538,249.55283281120674,1942
2.0,2.0,veh2946,4080.0271697672574,2816.8579637395674,26.716641703683333,249.55283281120367,1942
2.0,2.0,veh2947,658.5469381986325,747.8225084709661,23.5454797664742,47.902725492670406,1942
2.0,2.0,veh2948,4231.669608962427,2875.7417651241835,21.5891572101885,249.5082718117906,1942
2.0,2.0,veh2949,4147.96433833538,2835.3599273195287,24.743610963894668,249.5526962481604,1942
2.0,2.0,veh2950,4159.6872391067045,2843.1416479300296,24.587455234973373,249.55291399453867,1942
2.0,2.0,veh2951,4277.732135255393,2892.95625873879,22.121781699874347,249.5082718117906,1942
2.0,2.0,veh2952,4195.232726086515,2856.394157860243,24.834109232388368,249.55291399453867,1942
2.0,2.0,veh2953,4181.11232390858,2847.7187144849913,24.916162499941098,249.55269624815674,1942
2.0,2.0,veh2954,4223.85021604271,2870.480090244331,25.798118763654948,249.55283281120674,1942
2.0,2.0,veh2957,4354.213337046907,2924.950382114501,22.005708389125473,249.50852638808885,1942
2.0,2.0,veh2960,490.02477052443294,595.5656057626675,23.42468478499717,47.902725492671465,1942
2.0,2.0,veh2962,598.2551789843391,701.9768852753685,30.06223029459581,47.90278468712752,1942
2.0,2.0,veh2963,4475.411281286445,2964.270616961015,21.108070368864226,249.55283281120674,1942
2.0,2.0,veh2964,4450.686052317152,2961.0036899216657,21.169301866840723,249.50852638808396,1942
2.0,2.0,veh2965,446.9100904106459,556.612228020249,23.870280084048808,47.9027254926706,1942
2.0,2.0,veh2966,4324.094790260412,2901.027832353798,29.42927614599412,249.55269624815674,1942
2.0,2.0,veh2968,445.1231902934592,559.3080950767006,24.938054328725908,47.90217138688163,1942
2.0,2.0,veh2969,499.693925126314,612.9286592828871,36.356274627547705,47.902784687126115,1942
2.0,2.0,veh2970,417.1837633211239,529.7549987666204,24.496849690630143,47.902725492670506,1942
2.0,2.0,veh2971,4444.313214358676,2949.2594390736963,28.39559659354567,249.55291399453503,1942
2.0,2.0,veh2972,414.65507355137515,531.7801363470659,26.840112802267573,47.9021713868827,1942
2.0,2.0,veh2973,4593.926306028359,3014.534731760388,20.537979688665896,249.50852638808396,1942
2.0,2.0,veh2975,4508.690682820079,2973.2614464326425,27.353315109863523,249.55291399453867,1942
2.0,2.0,veh2976,420.5630688026558,545.7423118489305,31.972404382638224,47.90253722585683,1942
2.0,2.0,veh2977,4649.295966715122,3031.8171445573576,20.373929713719026,249.5082718117857,1942
2.0,2.0,veh2978,4602.324325239227,3008.171103927745,24.26085956581053,249.55291399453867,1942
2.0,2.0,veh2979,4677.777575686335,3042.461295350354,21.559150208430886,249.5082718117906,1942
2.0,2.0,veh2980,302.09449186737993,425.7738059755403,25.92454538417014,47.902725492670506,1942
2.0,2.0,veh2981,4630.385988981735,3022.0504623771662,24.58099866535165,249.55283281120185,1942
2.0,2.0,veh2983,4707.391620622658,3056.9384300604274,20.81347670960561,249.50852638808396,1942
2.0,2.0,veh2984,272.55404517628745,399.0845164898939,26.584264985685067,47.902725492671415,1942
2.0,2.0,veh2986,4671.468943014476,3033.9504591018012,29.16987789307846,249.55291399453992,1942
2.0,2.0,veh2988,4777.7617465856865,3079.8273933485752,21.702187439295816,249.50827181178207,1942
2.0,2.0,veh2989,204.58131603563797,341.97839126300255,26.694245945603043,47.90217138688195,1942
2.0,2.0,veh2990,180.70691706624137,316.10220358893724,25.63548872150682,47.902725492670285,1942
2.0,2.0,veh2991,4787.9347503914905,3077.3726879116325,27.431589686871604,249.55291399453867,1942
2.0,2.0,veh2993,4841.540107630738,3103.6626511452755,21.082196708710665,249.50827181178207,1942
2.0,2.0,veh2994,4831.871599941006,3097.1711554756525,30.10227759872952,249.55283281120674,1942
2.0,2.0,veh2995,4851.701866161026,3101.1471359994257,24.883845732388078,249.55291399453503,1942
2.0,2.0,veh2996,4873.567164740648,3105.8913259288947,24.97605825334745,249.55269624815674,1942
2.0,2.0,veh2997,83.52039595175306,228.7388452948242,23.5494563265212,48.39067652278661,1942
2.0,2.0,veh2998,64.77057966085505,212.086522510277,21.609100060557807,48.39067652278661,1942
2.0,2.0,veh3000,4918.2361164229505,3129.3707865378965,26.175682954770707,249.55283281120674,1942
3.0,3.0,veh2567,180.11939716896097,353.0370721554842,23.74856608526501,227.8366176887904,1943
3.0,3.0,veh2576,4854.769532921024,3080.344668556717,19.539089745607917,69.51704550529581,1943
3.0,3.0,veh2581,280.9193780998705,444.31959412650633,25.82904573113057,227.8366176887913,1943
3.0,3.0,veh2594,4317.648160895932,2879.705327515404,17.51119677269102,69.51704550529945,1943
3.0,3.0,veh2596,4805.318910301932,3061.872604600353,19.340521585645796,69.51704550530069,1943
3.0,3.0,veh2600,4533.422001081361,2960.3067024812385,19.245758410430735,69.51704550529581,1943
3.0,3.0,veh2604,4178.549285843273,2827.74555066845,17.265317968314065,69.51704550530069,1943
3.0,3.0,veh2607,67.8835202504554,250.77877354882276,26.069230540991025,227.24328187508186,1943
3.0,3.0,veh2618,403.43873620750605,555.2707658931105,25.578405052778713,227.8366176887904,1943
3.0,3.0,veh2620,173.16954714910025,338.1018829723391,27.68721188642504,227.83635535128028,1943
3.0,3.0,veh2628,522.4316634838244,663.028469795275,21.097848736725272,227.8366176887913,1943
3.0,3.0,veh2636,829.9961499368759,941.5529470112001,23.70144920060088,227.8366176887904,1943
3.0,3.0,veh2641,4928.250613647877,3112.7899573576724,23.327478035101716,69.53524790941849,1943
3.0,3.0,veh2646,700.552033714893,824.3308476225939,24.52832281401776,227.8366176887905,1943
3.0,3.0,veh2648,922.3626398868108,1025.1982619247042,21.391911404035728,227.8366176887904,1943
3.0,3.0,veh2657,120.783935221771,290.66204486400045,29.23505618680258,227.83635535128113,1943
3.0,3.0,veh2658,4941.515192404766,3121.1580469765313,26.6289916009215,69.53524790941083,1943
3.0,3.0,veh2659,4548.867628536157,2966.076349112159,23.06036453519204,69.51704550530069,1943
3.0,3.0,veh2662,124.63534725872512,302.7917848231001,26.004985275275047,227.8366176887913,1943
3.0,3.0,veh2664,596.7685064892046,730.3464835709528,26.498031294509026,227.83661768878957,1943
3.0,3.0,veh2667,3985.345533199993,2755.57513326185,19.87903230334836,69.51704550530069,1943
3.0,3.0,veh2668,896.4607243723602,1001.741985939295,21.836431070030258,227.8366176887904,1943
3.0,3.0,veh2669,4475.035735848373,2941.9169478368112,22.85189303805047,69.51723463154048,1943
3.0,3.0,veh2673,4183.338960150318,2832.95598933661,21.46614628658386,69.51723463154048,1943
3.0,3.0,veh2675,4446.954375828045,2933.178070106622,24.324981765151456,69.53524790940997,1943
3.0,3.0,veh2676,304.096125741375,460.98173495499555,26.59227710541768,227.8366522468939,1943
3.0,3.0,veh2678,552.7710447738755,686.1766807583813,29.766323863139508,227.8366522468939,1943
3.0,3.0,veh2679,4489.838029441529,2949.181548531112,25.863079677865848,69.53524790941485,1943
3.0,3.0,veh2681,4545.260325359503,2969.864243269607,26.32422014613734,69.53524790941485,1943
3.0,3.0,veh2682,215.17111984836276,384.77923734297326,25.665562536622303,227.8366176887913,1943
3.0,3.0,veh2685,145.72542204677336,317.5644487481436,27.457236159433776,227.8366522468939,1943
3.0,3.0,veh2686,4900.585217107126,3109.291924992859,27.808754487221176,69.53554701314303,1943
3.0,3.0,veh2690,4441.561632627114,2929.412968788038,22.405844685018696,69.51723463154048,1943
3.0,3.0,veh2693,4245.252205034873,2857.9061175916777,24.642695457493797,69.53524790941485,1943
3.0,3.0,veh2696,4671.156222074114,3016.846533653808,27.582779734713423,69.53524790940997,1943
3.0,3.0,veh2697,4489.521059057181,2952.481226054957,26.449990851551735,69.5352479094157,1943
3.0,3.0,veh2698,3352.571498346111,2519.205158068972,18.58109290484224,69.51704550530069,1943
3.0,3.0,veh2700,3805.157673120888,2693.6700333787585,24.065762394658247,69.53524790941667,1943
3.0,3.0,veh2701,1547.0055827802887,1598.8963953180917,24.204120777048885,226.42748622308412,1943
3.0,3.0,veh2702,4326.24748630626,2888.1322323718,26.58236327351605,69.53524790941485,1943
3.0,3.0,veh2704,238.68269744692384,401.74466554367564,28.338547082103435,227.83665224689284,1943
3.0,3.0,veh2705,596.3285309865412,725.6214538185507,26.298568789544706,227.8366522468949,1943
3.0,3.0,veh2706,3987.5494177030355,2761.73565053755,25.098610673420445,69.53524790940997,1943
3.0,3.0,veh2708,3742.2432006696718,2670.1913808475138,23.145349128484884,69.53524790941485,1943
3.0,3.0,veh2712,1254.1511227660394,1325.7009082521877,21.615956721108713,227.8321807756659,1943
3.0,3.0,veh2713,833.1201844228631,940.0551561386362,29.18862698055433,227.8366522468938,1943
3.0,3.0,veh2714,4211.217650394396,2848.622943919298,27.199092765927933,69.53524790941083,1943
3.0,3.0,veh2715,3463.148426095312,2560.510686155343,21.110858748756943,69.51704550530252,1943
3.0,3.0,veh2717,3748.3446400960784,2667.044485450743,22.737528687979278,69.51704550529945,1943
3.0,3.0,veh2718,1195.4656289112781,1268.228123237306,28.70890477333651,227.83120150731685,1943
3.0,3.0,veh2719,611.4063540819709,730.647723577755,34.81373829798678,227.83638990725393,1943
3.0,3.0,veh2720,3651.6891497002293,2630.939249444342,22.924702713011698,69.51704550529763,1943
3.0,3.0,veh2721,946.4086891992971,1042.6469204891912,25.280508779433124,227.8366522468921,1943
3.0,3.0,veh2724,4318.545013262574,2888.675761048627,28.83636784185577,69.53524790941083,1943
3.0,3.0,veh2725,1248.1940584278095,1315.987046615371,29.029695782120655,227.83120150731685,1943
3.0,3.0,veh2726,1455.9505341588272,1512.2691002392312,26.42687404270532,226.42748622308224,1943
3.0,3.0,veh2728,3995.8082850645533,2768.235690501939,26.999908733062018,69.53524790941083,1943
3.0,3.0,veh2729,796.5030977254172,906.8954676328907,27.180406311629717,227.8366522468939,1943
3.0,3.0,veh2730,3774.2188153748375,2680.1324861977837,24.974331203055648,69.51723463154411,1943
3.0,3.0,veh2731,2799.96267885823,2312.780548715527,16.713172378362326,69.51704550529763,1943
3.0,3.0,veh2732,1342.0260940445655,1396.6525201371724,28.99538414057501,227.83244033852205,1943
3.0,3.0,veh2733,1808.1186056982808,1842.6311485571634,20.08565429126045,228.3407364733162,1943
3.0,3.0,veh2734,1581.2647688537736,1631.4896525408421,25.936364361763466,226.42748622308224,1943
3.0,3.0,veh2735,1039.195482099639,1131.010919803166,26.281639406241947,227.83218077566787,1943
3.0,3.0,veh2736,4707.323317963369,3037.1708932637953,34.006015025208505,69.53554701314668,1943
3.0,3.0,veh2737,3158.109733275942,2446.564815618427,19.30257771340487,69.51704550530252,1943
3.0,3.0,veh2739,3694.412375468182,2650.3214395521427,24.96005790299866,69.51723463154048,1943
3.0,3.0,veh2740,3948.6009113280925,2750.6186704159736,27.40993888606093,69.53524790941752,1943
3.0,3.0,veh2742,3109.6913771834634,2434.1333819005495,22.666508365211993,69.5352479094118,1943
3.0,3.0,veh2744,713.023200820123,831.2977719247723,29.651769340246204,227.83665224689304,1943
3.0,3.0,veh2745,3504.4518620593203,2581.451540924337,26.18714049796364,69.53524790941485,1943
3.0,3.0,veh2747,1357.6788319387263,1419.4682010782683,24.868782389884686,227.8321807756659,1943
3.0,3.0,veh2748,1542.1335516143695,1585.4309601357404,30.057562794832055,226.42608803381708,1943
3.0,3.0,veh2752,3199.6213876236297,2465.4962896553516,22.977424407690552,69.51723463154048,1943
3.0,3.0,veh2753,1314.3676976832717,1375.9240065405381,25.270628101371504,227.83120150731685,1943
3.0,3.0,veh2754,3053.5580256852422,2407.5099821891554,21.81593594480244,69.51704550529763,1943
3.0,3.0,veh2755,1928.0547359690936,1949.2081728449725,20.277176290912983,225.9479305354438,1943
3.0,3.0,veh2756,3191.45296692259,2464.6454704724697,24.658811281383436,69.53524790941485,1943
3.0,3.0,veh2758,3138.6916456459394,2442.7364800168275,23.30771658861037,69.51723463154048,1943
3.0,3.0,veh2759,2911.2286062330004,2354.3434496007694,20.017481857438426,69.51704550530252,1943
3.0,3.0,veh2761,905.7327153480383,1005.8115863808207,30.333710087886782,227.8366522468939,1943
3.0,3.0,veh2762,1026.0653422607113,1114.7933370214523,28.60944227997856,227.83120150731506,1943
3.0,3.0,veh2764,1742.5791739939725,1778.9224851342594,27.65693695751957,227.8220047600098,1943
3.0,3.0,veh2765,3601.044118017355,2617.498191662866,28.80037190095372,69.53524790940997,1943
3.0,3.0,veh2766,3305.2941235508547,2507.1291289391693,26.04981461721667,69.53524790941485,1943
3.0,3.0,veh2769,1158.350519270947,1234.6110082628245,28.804592003695646,227.83120150731506,1943
3.0,3.0,veh2770,3199.9232215706534,2471.224396716231,26.513989032174834,69.5352479094157,1943
3.0,3.0,veh2771,2368.8604923211888,2130.1256887815134,16.429085013118286,63.18260622857964,1943
3.0,3.0,veh2772,3562.2615241339927,2606.4431273706473,28.461674861275622,69.5352479094157,1943
3.0,3.0,veh2776,1178.9257526590318,1248.9303465493626,29.170037550675037,227.83244033852014,1943
3.0,3.0,veh2777,2803.311108343629,2317.4578076032544,20.472715229574852,69.5172346315423,1943
3.0,3.0,veh2780,1597.0718263495426,1642.106970678347,25.878816114955637,226.42844698292348,1943
3.0,3.0,veh2783,2962.9665028978593,2373.669914780442,22.59215030529415,69.51704550530252,1943
3.0,3.0,veh2785,2517.8296176606686,2240.5640319681265,18.263596308403635,250.29797470206591,1943
3.0,3.0,veh2786,2754.623694446713,2301.6279276981863,24.180499400673114,69.53524790941667,1943
3.0,3.0,veh2787,2593.0787003521314,2237.150345233148,22.25290059618531,67.93453573196378,1943
3.0,3.0,veh2789,2466.3288784669735,2178.167642564814,19.391938362466412,64.17996453826966,1943
3.0,3.0,veh2790,2582.004435497555,2229.2008583462293,21.209129199204266,67.93728067657476,1943
3.0,3.0,veh2791,2294.4435826725653,2182.978667957116,20.17502664101966,254.92504650770417,1943
3.0,3.0,veh2792,1512.6042452235158,1561.749511220606,27.47876815618093,226.42844698292348,1943
3.0,3.0,veh2793,2695.2072205792406,2279.4546710496807,25.70258203186477,69.53524790941485,1943
3.0,3.0,veh2794,3574.909429403007,2614.579278728621,32.1966378762167,69.53554701314485,1943
3.0,3.0,veh2795,3466.5900628644235,2570.740102155799,32.014064004920016,69.53524790941388,1943
3.0,3.0,veh2799,2238.5294143967412,2166.31688846797,21.89492199007703,247.67360158777697,1943
3.0,3.0,veh2800,2276.7389020343144,2174.9012074782286,22.221979453877157,254.92761049710725,1943
3.0,3.0,veh2801,2309.416698137657,2183.701462061755,22.508600451659643,255.1125511305078,1943
3.0,3.0,veh2802,2165.791224622446,2094.107573566621,22.39196676565957,240.6259493188379,1943
3.0,3.0,veh2803,2472.911581041279,2224.4792550800466,20.059726635711527,250.29797470206591,1943
3.0,3.0,veh2806,2486.182754308258,2201.0350752821646,24.64475396255777,69.40478044079691,1943
3.0,3.0,veh2807,2910.573621487885,2385.449298384892,16.964867687279536,249.51597948853478,1943
3.0,3.0,veh2810,2515.7938331948253,2212.1623285680216,26.144060918378532,69.4047804408018,1943
3.0,3.0,veh2811,2010.6349780795679,1997.208610782696,24.745633119381633,236.39372880112973,1943
3.0,3.0,veh2813,1610.6014850202848,1650.572671712332,29.920201837665257,226.42608803381708,1943
3.0,3.0,veh2814,2350.720766404044,2124.5336385976507,21.004594412989814,63.18265628002214,1943
3.0,3.0,veh2816,1937.6987663963168,1941.8809628835686,26.592980718632568,231.71108177817254,1943
3.0,3.0,veh2818,2655.705083256028,2290.2388661563227,21.004755300610114,249.51597948852805,1943
3.0,3.0,veh2821,1994.6134081233051,1982.7120261192977,27.026220967888978,236.38906354905336,1943
3.0,3.0,veh2822,2118.6565494586957,2065.9992367171726,25.911893013303263,239.19064547832653,1943
3.0,3.0,veh2823,2297.2227756440616,2127.4558256069313,25.622691550234514,66.55132982552577,1943
3.0,3.0,veh2824,2205.952572804406,2111.7288294772743,25.39987823869478,247.03877376751979,1943
3.0,3.0,veh2825,2449.094132552439,2213.956755713896,25.003397963529988,255.2427116993776,1943
3.0,3.0,veh2826,1792.411380487783,1819.7547124322584,30.457218638812947,227.8220047600096,1943
3.0,3.0,veh2828,2175.5113195137715,2074.159322573079,25.136423384286427,60.01018258152782,1943
3.0,3.0,veh2830,2140.3385474848956,2012.0291938972423,21.714918622556894,62.41471709720196,1943
3.0,3.0,veh2831,2665.0110419455973,2285.8779042490896,21.353935293478028,249.55291399453682,1943
3.0,3.0,veh2832,2678.7642069102253,2294.4194408003937,21.37109988201137,249.5528328112049,1943
3.0,3.0,veh2833,2144.712127699726,2056.3846982987316,25.78576871635109,60.01018258152782,1943
3.0,3.0,veh2834,2402.761710314883,2169.6871095616034,29.069374053212275,69.4047804407951,1943
3.0,3.0,veh2835,2424.654406716913,2181.334867356287,29.458724565891426,69.40479072891063,1943
3.0,3.0,veh2839,2168.1087573220066,2026.5380273452545,22.707617158197067,62.414717097204374,1943
3.0,3.0,veh2841,2165.56077575888,2072.1081351775206,27.39641687864521,60.01147204933425,1943
3.0,3.0,veh2842,1829.5974527666137,1789.9877180083727,17.797559807100523,50.438286754935746,1943
3.0,3.0,veh2843,2243.0263355854313,2127.4361072004426,25.242629440562947,247.0387737675177,1943
3.0,3.0,veh2845,2384.6970752924353,2169.741194670973,29.519954186117335,69.40418165002129,1943
3.0,3.0,veh2847,1933.7709620871412,1873.670901340281,20.802977299850465,53.365976334428176,1943
3.0,3.0,veh2848,1531.69516652912,1549.3207171052957,20.35317367098466,46.66812107752146,1943
3.0,3.0,veh2849,2230.3807962505894,2118.6045145573985,29.757843194677037,247.0384850024913,1943
3.0,3.0,veh2850,2701.7440277096616,2304.0170534862928,24.5528932845631,249.5155989129844,1943
3.0,3.0,veh2851,2877.330494568044,2369.611662591947,22.24082316512685,249.5155989129844,1943
3.0,3.0,veh2852,2748.926782513892,2321.6433228297474,24.487912632968314,249.5155989129844,1943
3.0,3.0,veh2853,1950.6619636123016,1926.4954361587525,26.633642698312528,51.29087556911964,1943
3.0,3.0,veh2854,1745.0598286911343,1750.609657102813,24.3925813045137,46.66812107751967,1943
3.0,3.0,veh2856,2237.3594043744747,2118.083978072121,31.829444953924916,247.04065446247702,1943
3.0,3.0,veh2857,2825.650869685796,2349.1837878030933,24.57926015625728,249.55283281120367,1943
3.0,3.0,veh2858,1956.5991287991196,1935.3507549942465,27.34160681277575,51.289784463403585,1943
3.0,3.0,veh2860,1305.896740566574,1329.2130386020692,18.642830732153307,75.94444294996848,1943
3.0,3.0,veh2861,1885.0853879985737,1873.941544186464,27.307241390045302,51.29087556911964,1943
3.0,3.0,veh2863,1602.1946533819382,1598.8146874557162,25.386144066747253,49.620254601916386,1943
3.0,3.0,veh2866,1675.7151427976225,1685.1896471699274,25.05134045801831,46.66812107751967,1943
3.0,3.0,veh2869,2451.2644057644916,2206.8708268657633,31.17515486703447,249.73707028904641,1943
3.0,3.0,veh2870,3226.450901194443,2503.488561336994,21.404281000800857,249.50852638808396,1943
3.0,3.0,veh2873,1574.3208618961385,1579.3070324161513,33.30091505956321,49.61937171979585,1943
3.0,3.0,veh2874,1425.8283953213152,1453.993425380338,22.934760261292823,45.38967900010023,1943
3.0,3.0,veh2875,1413.8339629682307,1437.6679638917565,22.68695294977005,45.392886095201064,1943
3.0,3.0,veh2876,1646.433603784553,1661.958986680124,26.951669217168693,46.6685537639581,1943
3.0,3.0,veh2878,2929.4480874448464,2387.882923203539,26.504649405657396,249.55283281120185,1943
3.0,3.0,veh2880,1713.4167619114014,1725.1501673316313,28.331534679367685,46.66855376395999,1943
3.0,3.0,veh2881,3181.7283822112154,2481.941603164417,24.285693998896466,249.55283281120367,1943
3.0,3.0,veh2882,1524.082415522253,1546.534210413706,25.49326379264583,46.66855376395631,1943
3.0,3.0,veh2883,3170.0466822088997,2474.1715641869237,24.862714808042398,249.55291399453682,1943
3.0,3.0,veh2884,1406.2452178867406,1439.1705414867747,23.342797992971118,45.392472064427864,1943
3.0,3.0,veh2885,3367.8969626331655,2556.349086480048,21.897761169706683,249.50852638808396,1943
3.0,3.0,veh2886,1238.4265689973047,1271.7548492610208,18.68819785987637,47.895922257156336,1943
3.0,3.0,veh2887,3183.944132132144,2475.93776800425,25.21230230008001,249.55269624815855,1943
3.0,3.0,veh2888,1346.9458780495795,1374.1344245100956,24.059481637155642,47.89906525851306,1943
3.0,3.0,veh2891,2945.1834660321015,2390.33526713421,29.36184785162319,249.55291399453682,1943
3.0,3.0,veh2894,1282.347555201118,1311.4461839524106,18.599867183539203,47.895922257154396,1943
3.0,3.0,veh2895,3728.2494753331453,2691.018251985177,19.00156406476825,249.50852638808217,1943
3.0,3.0,veh2896,1472.5713939516136,1503.0483249323624,28.467673750876358,58.09976321698765,1943
3.0,3.0,veh2898,2901.941658599435,2370.7968826606,31.96481490974383,249.55269624816162,1943
3.0,3.0,veh2900,1216.8249261170158,1252.2334743659603,17.967653777591256,47.895922257156144,1943
3.0,3.0,veh2902,1260.436332583771,1291.6450422756975,18.351038680273216,47.895922257154396,1943
3.0,3.0,veh2903,3971.3055277331487,2781.8519622940917,16.28547486814062,249.50852638808396,1943
3.0,3.0,veh2904,1324.7983459686968,1358.425639095108,26.496786374085048,47.89906525851306,1943
3.0,3.0,veh2908,3795.768017291097,2716.2509488060555,20.53124598340781,249.50852638808217,1943
3.0,3.0,veh2909,3911.0791635348314,2759.3444622152783,18.47061761912301,249.50852638808522,1943
3.0,3.0,veh2911,1212.0268085566295,1252.2116990375732,26.495615338067296,47.899667054046716,1943
3.0,3.0,veh2912,1057.1467227009803,1107.9506117710175,23.884170035513268,47.90272549267234,1943
3.0,3.0,veh2913,3942.509700083642,2767.6768845022484,18.919267672152362,249.5082718117906,1943
3.0,3.0,veh2914,3293.0592546666016,2516.61989551872,30.843256359387663,249.55269624815674,1943
3.0,3.0,veh2916,988.383946538415,1050.1444603150203,22.28030601823089,47.90217138688305,1943
3.0,3.0,veh2917,968.5501039206064,1027.9050785803547,22.653291041408156,47.9027254926706,1943
3.0,3.0,veh2918,964.0561568089677,1028.1642901153161,22.39777198088486,47.902171386882166,1943
3.0,3.0,veh2920,3638.502226135892,2652.2424379561267,26.793596543047496,249.55283281120367,1943
3.0,3.0,veh2921,3449.8598695226747,2581.9101471833565,30.381814194634394,249.55283281120367,1943
3.0,3.0,veh2922,943.4822712223995,1005.256719513329,22.06210396091857,47.902725492670406,1943
3.0,3.0,veh2924,3604.8092398119784,2639.6805459522266,28.47729727709936,249.55283281120674,1943
3.0,3.0,veh2925,1037.1171748609434,1094.1749565015944,26.96729225819529,47.90217138688305,1943
3.0,3.0,veh2927,3853.9374338539274,2732.5640154848893,23.90052563788537,249.55283281120674,1943
3.0,3.0,veh2928,3971.358139415238,2778.458127187606,19.029778215769724,249.5082718117906,1943
3.0,3.0,veh2929,3735.2119757967444,2684.883508286581,27.412386008996616,249.55291399453682,1943
3.0,3.0,veh2932,4138.867368820629,2844.472347928925,18.237900135458045,249.50852638808396,1943
3.0,3.0,veh2934,3707.9623073191606,2671.3110006753323,30.59557535975248,249.55269624815674,1943
3.0,3.0,veh2938,915.862706515416,980.3029141209921,24.14875013828898,47.9027254926706,1943
3.0,3.0,veh2939,872.4129059080689,941.0467607313828,27.014986578820324,47.902725492670406,1943
3.0,3.0,veh2941,929.3248910508813,996.7845741154758,25.575465607696373,47.902171386882166,1943
3.0,3.0,veh2942,4182.621289191004,2857.4114203631907,21.010085777187413,249.5082718117906,1943
3.0,3.0,veh2943,739.2707179881724,825.070533607068,24.726798439103042,47.90217138688226,1943
3.0,3.0,veh2945,4130.126107122492,2835.5365526457676,23.9789075752211,249.55283281120185,1943
3.0,3.0,veh2946,4055.8211829375055,2807.8331480262937,25.825945842515125,249.55283281120856,1943
3.0,3.0,veh2947,676.1098714580897,763.6903189641664,23.668939628367408,47.902725492670506,1943
3.0,3.0,veh2948,4211.733116134417,2868.2910963027944,21.284832160692822,249.5082718117942,1943
3.0,3.0,veh2949,4124.222439395754,2826.5080749120634,25.34586512501692,249.55269624816162,1943
3.0,3.0,veh2950,4136.502554241912,2834.497645765309,24.743610963894668,249.55291399453867,1943
3.0,3.0,veh2951,4257.364813819334,2885.3445805911842,21.744798449220045,249.5082718117857,1943
3.0,3.0,veh2952,4172.297472616407,2847.843151806023,24.477407932528802,249.55291399453867,1943
3.0,3.0,veh2953,4158.0552181199755,2839.1221781294516,24.61480840169116,249.55269624815674,1943
3.0,3.0,veh2954,4200.573851851695,2861.8018694894245,24.834109232388368,249.55283281120674,1943
3.0,3.0,veh2957,4333.652017452721,2917.266307066192,21.948567995570308,249.50852638808885,1943
3.0,3.0,veh2960,507.35406412967046,611.2223268152779,23.354071787738153,47.90272549267094,1943
3.0,3.0,veh2962,620.1448306769075,721.7537709633729,29.50074498024989,47.90278468712752,1943
3.0,3.0,veh2963,4456.337086418698,2957.159107945861,20.35071435462183,249.55283281120674,1943
3.0,3.0,veh2964,4430.746479241625,2953.5519709188197,21.284872959934326,249.50852638808522,1943
3.0,3.0,veh2965,464.00458761175753,572.056814528469,23.03764503645938,47.90272549267094,1943
3.0,3.0,veh2966,4297.293436508924,2891.0353027616316,28.612011999566498,249.55269624815674,1943
3.0,3.0,veh2968,464.3591325824001,576.6877785647907,25.92425331590907,47.90217138688313,1943
3.0,3.0,veh2969,527.1342979685587,637.7205163923145,36.98146744184475,47.90278468712665,1943
3.0,3.0,veh2970,435.31932387359006,546.140168247324,24.440649036332434,47.902725492669624,1943
3.0,3.0,veh2971,4417.747910409479,2939.355032514691,28.351541109566497,249.55291399453867,1943
3.0,3.0,veh2972,433.5462649683863,548.8483372497759,25.45963303370284,47.90217138688163,1943
3.0,3.0,veh2973,4575.0207745879925,3007.469449702469,20.181065734157404,249.50852638808033,1943
3.0,3.0,veh2975,4482.679114425931,2963.563490440658,27.760572665055857,249.55291399453867,1943
3.0,3.0,veh2976,446.732331289968,565.0788624077943,32.40166404662147,47.902784687126115,1943
3.0,3.0,veh2977,4630.304385890038,3024.7196083787003,20.276014132244946,249.5082718117857,1943
3.0,3.0,veh2978,4579.7241064698055,2999.7450096717607,24.11984567358275,249.55291399453867,1943
3.0,3.0,veh2979,4658.825801078801,3035.378635556753,20.233515751672666,249.50827181178207,1943
3.0,3.0,veh2980,321.7667740181249,443.5473771965492,26.51163400210871,47.90272549267054,1943
3.0,3.0,veh2981,4607.646916782423,3013.5725623628864,24.26085956581053,249.55283281120674,1943
3.0,3.0,veh2983,4689.047185409341,3046.672975434549,20.819551914048798,249.5082718117857,1943
3.0,3.0,veh2984,289.7735505139443,418.949617763685,26.0701800777604,47.902171386882216,1943
3.0,3.0,veh2986,4644.126842595057,3023.7564376349674,29.180568968664243,249.55291399453867,1943
3.0,3.0,veh2988,4756.906472693986,3072.033357542633,22.26575196949707,249.5082718117906,1943
3.0,3.0,veh2989,223.98505203720114,359.509676454449,26.150388674681462,47.90217138688243,1943
3.0,3.0,veh2990,199.78957972514496,333.343063660765,25.71702481297512,47.902725492670285,1943
3.0,3.0,veh2991,4761.529373928953,3067.5279075045005,28.180860182248153,249.55291399453992,1943
3.0,3.0,veh2993,4821.777299946459,3096.276891959513,21.0994003916744,249.5082718117906,1943
3.0,3.0,veh2994,4804.394544162256,3086.926773931093,29.31592747879848,249.55283281120674,1943
3.0,3.0,veh2995,4828.899773752767,3092.6457767061424,24.335293190441085,249.55291399453867,1943
3.0,3.0,veh2996,4849.312946359541,3096.8484620065965,25.892796080191196,249.55269624815674,1943
3.0,3.0,veh2997,100.87833076639089,244.154992787789,23.214890387861253,48.39067652278637,1943
3.0,3.0,veh2998,79.42616995888274,229.37486250159174,22.436465724403913,48.39120681968328,1943
3.0,3.0,veh3000,4894.2058649785995,3120.4114909572536,25.638449559967228,249.5528328112104,1943
3.0,3.0,veh3002,48.613305429214584,197.73672080292187,26.991048000000003,48.39067652278661,1943
4.0,4.0,veh2567,162.95260816222208,337.491158553044,23.160458662129933,227.8366176887914,1944
4.0,4.0,veh2576,4872.004659135919,3086.782774628502,18.399479423951117,69.51704550530069,1944
4.0,4.0,veh2581,261.451409994071,426.6897770378815,26.26507906475901,227.8366176887905,1944
4.0,4.0,veh2594,4334.091946866057,2885.8478318972925,17.554678616027505,69.51704550529945,1944
4.0,4.0,veh2596,4823.96274925549,3068.8369291589142,19.903360551719263,69.51704550529703,1944
4.0,4.0,veh2600,4551.291920656022,2966.9819328382123,19.077157510890846,69.51704550529945,1944
4.0,4.0,veh2604,4194.799916282631,2833.8159026460035,17.348474079452007,69.51704550530434,1944
4.0,4.0,veh2607,48.44315014519126,232.80405257694702,26.477564352737005,227.24328187508166,1944
4.0,4.0,veh2618,384.58475383385417,538.1969624620981,25.43672431752219,227.8366176887905,1944
4.0,4.0,veh2620,152.9735940639382,319.8126483990601,27.246210128049835,227.83635535128016,1944
4.0,4.0,veh2628,506.3791547859323,648.4916269866467,21.657134830227577,227.83661768879094,1944
4.0,4.0,veh2636,812.6189155080685,925.8164580863615,23.444379696898654,227.8366176887914,1944
4.0,4.0,veh2641,4951.566380685548,3121.491020427087,24.894620232631947,69.53524790941485,1944
4.0,4.0,veh2646,681.9292589852942,807.4664213824623,25.124792069717532,227.83661768879227,1944
4.0,4.0,veh2648,906.162228964143,1010.5274817089656,21.85667612834719,227.8366176887904,1944
4.0,4.0,veh2657,98.75851448964295,270.6019377443086,29.79137504993462,227.24433579658933,1944
4.0,4.0,veh2659,4569.510217926049,2973.787298160712,22.037140546619902,69.51704550529945,1944
4.0,4.0,veh2662,105.28291231443791,285.26659234111446,26.10920827201751,227.8366176887913,1944
4.0,4.0,veh2664,577.275715427708,712.6941872915794,26.298568789544706,227.8366176887914,1944
4.0,4.0,veh2667,4003.7912693877015,2762.4654573980324,19.691874559761203,69.51704550530069,1944
4.0,4.0,veh2668,880.9418625578548,987.6884034736514,20.937168703889064,227.83661768879062,1944
4.0,4.0,veh2669,4495.637896168979,2949.612717288962,21.991208531944277,69.51723463154048,1944
4.0,4.0,veh2673,4203.077321271965,2840.3290936223566,21.069169871027004,69.51723463154048,1944
4.0,4.0,veh2675,4470.202794794093,2941.853999976778,24.822711611148403,69.53524790940997,1944
4.0,4.0,veh2676,284.2581277393318,443.0168476945561,26.763689009551534,227.83665224689284,1944
4.0,4.0,veh2678,531.2614708000428,666.6980483167313,29.018832873373427,227.8366522468939,1944
4.0,4.0,veh2679,4514.039865261648,2958.2132779838134,25.84069015189913,69.53524790941485,1944
4.0,4.0,veh2681,4570.521003888248,2979.2911155101674,26.97123357664426,69.53524790940997,1944
4.0,4.0,veh2682,196.5104716650476,367.8805136323555,25.17588878668948,227.8366176887913,1944
4.0,4.0,veh2685,125.48713404279022,299.2370670083926,27.30372521302586,227.8366522468938,1944
4.0,4.0,veh2686,4926.896028123145,3119.110533029471,28.073928123993845,69.53554701314303,1944
4.0,4.0,veh2690,4462.99531762736,2937.4193475223565,22.878796646242968,69.51723463154048,1944
4.0,4.0,veh2693,4269.501803007868,2866.9556710989696,25.891686572279692,69.53524790941485,1944
4.0,4.0,veh2696,4697.551781054973,3026.696924724957,28.18296372556726,69.53524790941972,1944
4.0,4.0,veh2697,4514.312225534409,2961.732884073935,26.46125257700074,69.5352479094157,1944
4.0,4.0,veh2698,3370.2808516457635,2525.820409595668,18.9057438620215,69.51704550530252,1944
4.0,4.0,veh2700,3826.86702593699,2701.7716089239193,23.179425878628113,69.53524790941485,1944
4.0,4.0,veh2701,1529.591961304367,1582.3295497798786,24.03601213722934,226.42748622308412,1944
4.0,4.0,veh2702,4350.595407064856,2897.2184783352013,25.996667395076468,69.53524790940997,1944
4.0,4.0,veh2704,217.38172838392939,382.4549414638874,28.737401402366928,227.8366522468939,1944
4.0,4.0,veh2705,577.0770797510479,708.1877313728752,25.972371496167224,227.83665224689372,1944
4.0,4.0,veh2706,4010.632421434009,2770.3498501463473,24.646095098759364,69.53524790941485,1944
4.0,4.0,veh2708,3764.216020145246,2678.391277842578,23.460733477083192,69.53524790941485,1944
4.0,4.0,veh2712,1237.852600247592,1310.9389827171549,21.99058493255016,227.8321807756659,1944
4.0,4.0,veh2713,814.3227747559406,918.7232444733097,28.303855037076723,227.8363553512812,1944
4.0,4.0,veh2714,4236.9666787573915,2858.232060333978,27.483641955752546,69.5352479094157,1944
4.0,4.0,veh2715,3482.380326278701,2567.694678416197,20.531149426798,69.51704550530252,1944
4.0,4.0,veh2717,3769.3853559801937,2674.904152911209,22.462163267501815,69.51704550529945,1944
4.0,4.0,veh2718,1173.9531414224762,1248.7431271721914,29.025264214411983,227.83120150731506,1944
4.0,4.0,veh2719,585.4274999411468,707.1215854756199,35.04706999656184,227.8363899072522,1944
4.0,4.0,veh2720,3673.347370126535,2639.029583027751,23.121384556430325,69.51704550530252,1944
4.0,4.0,veh2721,927.8484439843915,1025.8391401487784,25.039856885840685,227.83665224689295,1944
4.0,4.0,veh2724,4345.131397796344,2898.5973650963197,28.377407610229362,69.5352479094157,1944
4.0,4.0,veh2725,1227.0233280753118,1296.8115980379462,28.564155698553044,227.83120150731506,1944
4.0,4.0,veh2726,1436.5166649926998,1493.7802460321811,26.82455891189879,226.42748622308412,1944
4.0,4.0,veh2728,4020.489396377653,2777.4462777329545,26.34378341724774,69.5352479094157,1944
4.0,4.0,veh2729,776.480025475108,888.762980899734,27.01337497200389,227.8366522468947,1944
4.0,4.0,veh2730,3797.4368391841053,2688.8053901840694,24.783439956953828,69.5172346315374,1944
4.0,4.0,veh2731,2815.8563944802845,2318.717576722966,16.967447172239595,69.51704550529763,1944
4.0,4.0,veh2732,1321.4510677874932,1378.017442034322,27.759332703828516,227.8324403385203,1944
4.0,4.0,veh2733,1794.3579315693362,1825.8363722730442,21.473136824142582,227.82200476001154,1944
4.0,4.0,veh2734,1562.273035656252,1613.4214344610277,26.21427887782257,226.42748622308412,1944
4.0,4.0,veh2735,1019.786494590647,1113.4317786267904,26.187342305917763,227.8321807756659,1944
4.0,4.0,veh2736,4739.539863481359,3049.1933897403283,34.375412552839876,69.5355470131394,1944
4.0,4.0,veh2737,3177.074670122642,2453.649084891619,20.246150851266545,69.51704550529763,1944
4.0,4.0,veh2739,3717.405989056265,2658.9105169251957,24.54389944790061,69.5172346315423,1944
4.0,4.0,veh2740,3974.371636932049,2760.2358838862533,27.506800856881398,69.5352479094157,1944
4.0,4.0,veh2742,3131.6470047755683,2442.326863165773,23.44237742603196,69.53524790940997,1944
4.0,4.0,veh2744,691.2004160342673,811.5355021460198,29.441389462326875,227.8366522468949,1944
4.0,4.0,veh2745,3527.858791363893,2590.1866242613482,24.991955654209242,69.53524790941667,1944
4.0,4.0,veh2747,1339.540512036598,1403.0399311278627,24.472909362799356,227.832180775664,1944
4.0,4.0,veh2748,1521.0219270704254,1565.3449536135092,29.139823220314,226.42608803381708,1944
4.0,4.0,veh2752,3221.219631254802,2473.5641379280714,23.0544502239309,69.5172346315374,1944
4.0,4.0,veh2753,1295.6501398989951,1358.9705259184097,25.254265013283394,227.83120150731685,1944
4.0,4.0,veh2754,3074.596073790606,2415.3686531125277,22.459315261653938,69.51704550530252,1944
4.0,4.0,veh2755,1913.3648289158882,1936.0115925562795,19.75379086427806,228.4215462322436,1944
4.0,4.0,veh2756,3214.993071688426,2473.4302527143413,25.134149240510936,69.53524790941667,1944
4.0,4.0,veh2758,3160.264399137882,2450.7948066553217,23.027241476955407,69.5172346315423,1944
4.0,4.0,veh2759,2930.1086504554464,2361.396007605193,20.155523137043087,69.51704550529763,1944
4.0,4.0,veh2761,884.0917641388845,986.2139813885691,29.196075530051957,227.8366522468939,1944
4.0,4.0,veh2762,1004.7836906594018,1095.5174212108561,28.713813824115224,227.83120150731506,1944
4.0,4.0,veh2764,1720.978303520369,1759.3543719934512,29.145895802794108,227.8229654179589,1944
4.0,4.0,veh2765,3627.2628710857416,2627.2826016580775,27.99418520334493,69.53524790941485,1944
4.0,4.0,veh2766,3330.0781066444833,2516.3781062368294,26.46225817795106,69.53524790941485,1944
4.0,4.0,veh2769,1136.9861910652564,1215.2602078852121,28.825363466515185,227.83120150731702,1944
4.0,4.0,veh2770,3224.39210562847,2480.355784205274,26.11725922319889,69.5352479094157,1944
4.0,4.0,veh2771,2383.4735397474433,2137.5128392102342,16.37511705869035,63.18260622858199,1944
4.0,4.0,veh2772,3588.9681019477707,2616.4095855854016,28.50569785196896,69.53524790940901,1944
4.0,4.0,veh2776,1157.0653459573941,1229.1310820840226,29.49353721787716,227.8324403385203,1944
4.0,4.0,veh2777,2822.8163609411827,2324.7438360954516,20.82034459813617,69.5172346315374,1944
4.0,4.0,veh2780,1578.0487579489156,1624.009548834522,26.25652451385563,226.42844698292348,1944
4.0,4.0,veh2783,2984.387636206113,2381.6716855070877,22.86828054686887,69.51704550529763,1944
4.0,4.0,veh2785,2500.5165397387595,2234.364362156654,18.388234543460406,250.29797470206094,1944
4.0,4.0,veh2786,2777.6997151138526,2310.239521341727,24.638639168962516,69.53524790941485,1944
4.0,4.0,veh2787,2612.9629726186786,2245.2105526453834,21.454452352937032,67.93453573195896,1944
4.0,4.0,veh2789,2484.6179215748957,2187.016802747415,20.318661932191123,64.17996453827192,1944
4.0,4.0,veh2790,2600.7966829495863,2236.8173588218615,20.27833152316068,67.93728067657476,1944
4.0,4.0,veh2791,2274.9284594935943,2177.722234526909,20.20910778527804,254.92504650770786,1944
4.0,4.0,veh2792,1491.9931962647727,1542.1413786210403,28.448329199283226,226.42844698292348,1944
4.0,4.0,veh2793,2718.8691656919286,2288.284922117032,25.26424014247405,69.53524790941485,1944
4.0,4.0,veh2794,3604.9408734283356,2625.7863440478395,32.043884945755266,69.53554701314485,1944
4.0,4.0,veh2795,3496.6791122035015,2581.9688434438303,32.1160335514886,69.53524790941388,1944
4.0,4.0,veh2799,2218.055260015299,2157.908803731957,22.13170629580321,247.67360158778376,1944
4.0,4.0,veh2800,2256.230440993784,2169.3782010397817,21.240719415570222,254.9276104971059,1944
4.0,4.0,veh2801,2287.28120757886,2177.740290395446,22.925842322162033,254.9276104971059,1944
4.0,4.0,veh2802,2145.7185356075756,2082.1374071796868,23.363910353399522,239.19064547832204,1944
4.0,4.0,veh2803,2453.7299819261766,2218.4877322559196,20.11270951830808,255.24031491675237,1944
4.0,4.0,veh2806,2509.22009540607,2209.692048924024,24.618324128554068,69.40478044079995,1944
4.0,4.0,veh2807,2894.5141345311645,2379.4500067299623,17.142168735836812,249.5159794885299,1944
4.0,4.0,veh2810,2540.1886845160343,2221.3294274961554,26.068996172064804,69.40478044079691,1944
4.0,4.0,veh2811,1989.6126547479685,1982.8637805207793,25.453442354257817,232.81789925744573,1944
4.0,4.0,veh2813,1588.3867933332588,1629.4371858483155,30.66235794911426,226.42608803381708,1944
4.0,4.0,veh2814,2368.79004314305,2133.6679534266523,20.24556957134874,63.18265628001749,1944
4.0,4.0,veh2816,1916.6051051181234,1925.2168580331843,26.873883868610825,231.60355691694164,1944
4.0,4.0,veh2818,2636.952900155173,2283.2336725351415,20.016398266424215,249.51597948853478,1944
4.0,4.0,veh2821,1972.895945847136,1965.5860283890763,27.65813511061776,231.7163198103205,1944
4.0,4.0,veh2822,2096.1014450647463,2052.548704390874,26.253355326803497,239.19064547831937,1944
4.0,4.0,veh2823,2320.677387553165,2137.629205809385,25.574356869829998,66.55132982552847,1944
4.0,4.0,veh2824,2184.1751419071807,2102.5022463214123,23.644302800541467,247.03877376751979,1944
4.0,4.0,veh2825,2424.4826135497165,2207.4737356916926,25.452965788900457,255.2427116993776,1944
4.0,4.0,veh2826,1769.9967002363144,1799.4460022814055,30.247355086990456,227.82200476001154,1944
4.0,4.0,veh2828,2198.839399423314,2084.782278256261,25.66364842148494,66.55132982553054,1944
4.0,4.0,veh2830,2159.5013131843,2022.0409791004063,21.63020000212901,62.41471709719964,1944
4.0,4.0,veh2831,2644.5431557021066,2278.24681268896,21.844136222495766,249.55291399453867,1944
4.0,4.0,veh2832,2658.749719168739,2286.9573586001143,21.353935293478028,249.55283281120674,1944
4.0,4.0,veh2833,2165.863744105906,2068.591578163791,24.429332495060095,60.01018258153042,1944
4.0,4.0,veh2834,2430.0153095459764,2179.9284689783717,29.123931303186737,69.4047804408018,1944
4.0,4.0,veh2835,2452.537781342562,2191.8128781008827,29.78715844200353,69.40479072891247,1944
4.0,4.0,veh2839,2187.9980788175003,2036.9294091412414,22.450308509879946,62.41471709720196,1944
4.0,4.0,veh2841,2190.4556845386815,2084.630925320158,27.91260145843578,66.54958202659039,1944
4.0,4.0,veh2842,1843.9117537189913,1801.813435016193,18.57566046763696,50.43828675493539,1944
4.0,4.0,veh2843,2218.667736274611,2117.115943946923,26.446742070731307,247.0387737675177,1944
4.0,4.0,veh2845,2414.5013006062127,2180.9413840005027,31.828756567694303,69.40418165002312,1944
4.0,4.0,veh2847,1950.3122288099923,1885.9707771774883,20.622330448657305,53.365976334428176,1944
4.0,4.0,veh2848,1545.9613220556703,1562.7794562173917,19.619241690632744,46.66812107751967,1944
4.0,4.0,veh2849,2203.267774265608,2107.1172062921187,29.446073341237856,247.03848500249813,1944
4.0,4.0,veh2850,2679.181462352816,2295.588256657681,24.087359507329886,249.5155989129844,1944
4.0,4.0,veh2851,2856.4983561064955,2361.8293089534845,22.239989136587607,249.5155989129844,1944
4.0,4.0,veh2852,2726.077677405127,2313.1074820850713,24.393263818673827,249.51559891298254,1944
4.0,4.0,veh2853,1971.4294676344425,1943.13877492262,26.622495485423485,51.29087556911964,1944
4.0,4.0,veh2854,1762.331235535411,1766.9035604170854,23.752152749525234,46.66812107752146,1944
4.0,4.0,veh2856,2209.0430388545433,2106.08809903673,30.761618139976576,247.0406544624798,1944
4.0,4.0,veh2857,2803.5561759381635,2340.946134006285,23.57335679584669,249.55283281120367,1944
4.0,4.0,veh2858,1978.335614159249,1952.771327384435,27.85595475220183,51.28978446340398,1944
4.0,4.0,veh2860,1321.210213913323,1337.9405274820901,17.711326266304166,47.89906525851306,1944
4.0,4.0,veh2861,1906.2863775733897,1890.9322837210127,27.178193808957506,51.29087556911964,1944
4.0,4.0,veh2863,1619.2359499417075,1613.3057772250334,22.383921013382245,49.63603780982551,1944
4.0,4.0,veh2866,1693.9010624458347,1702.3463049396614,25.009817976586124,46.66812107752146,1944
4.0,4.0,veh2869,2422.504276998121,2196.253281077311,30.65736547935481,249.73707028904334,1944
4.0,4.0,veh2870,3206.7479547940284,2496.125273289256,21.03228135731393,249.50852638808396,1944
4.0,4.0,veh2873,1596.2698518781701,1597.9742946942192,28.80091505956321,49.61937171979951,1944
4.0,4.0,veh2874,1441.6388993505218,1469.5903187036622,22.20392213318336,45.389679000098404,1944
4.0,4.0,veh2875,1430.1580253094774,1453.7696741684222,22.934760261292823,45.39288609519924,1944
4.0,4.0,veh2876,1665.66456266333,1680.1012634940837,26.43813077892397,46.66855376395631,1944
4.0,4.0,veh2878,2903.8743990192406,2378.348181787168,27.285179361548355,249.55283281120674,1944
4.0,4.0,veh2880,1734.1570037903487,1744.7162852630463,28.513046626461218,46.66855376395631,1944
4.0,4.0,veh2881,3159.5725420968024,2473.681151921026,23.638595315889408,249.55283281120674,1944
4.0,4.0,veh2882,1543.1324293771931,1564.5057856661235,26.189373125488583,46.66855376395631,1944
4.0,4.0,veh2883,3146.603110087146,2465.4310404596868,25.01990566477576,249.55291399453682,1944
4.0,4.0,veh2884,1423.1594778115284,1455.854651339318,23.73909475941802,45.39247206442972,1944
4.0,4.0,veh2885,3346.79324990664,2548.4623109428194,22.52755576388652,249.50852638808396,1944
4.0,4.0,veh2886,1252.2559415105598,1284.252434138745,18.639352519847787,47.895922257156144,1944
4.0,4.0,veh2887,3160.8488829671687,2467.3270103962814,24.655528685918362,249.55269624815674,1944
4.0,4.0,veh2888,1364.7572633920963,1390.2287739905446,24.00543323012442,47.89906525851306,1944
4.0,4.0,veh2891,2917.1175646406527,2379.8713891993875,29.95303793995396,249.55291399454356,1944
4.0,4.0,veh2894,1296.3135464412196,1324.0672309852698,18.82348846730788,47.895922257154396,1944
4.0,4.0,veh2895,3710.866245017807,2684.52187680297,18.556056716648968,249.50852638808217,1944
4.0,4.0,veh2896,1492.9003631905937,1521.5131485106783,27.481049734007474,46.66805465855275,1944
4.0,4.0,veh2898,2871.5898851212287,2359.480626121175,32.402292623683564,249.55269624816162,1944
4.0,4.0,veh2900,1230.5891723018722,1264.6722046704813,18.551574669321642,47.895922257154396,1944
4.0,4.0,veh2902,1274.4785360489489,1304.3349621913067,18.926207988975484,47.895922257156336,1944
4.0,4.0,veh2903,3955.6055648078345,2775.9846495070324,16.75922122681371,249.50852638808396,1944
4.0,4.0,veh2904,1344.9962470248183,1376.6764417203692,27.221878358557284,47.89906525851499,1944
4.0,4.0,veh2908,3776.5861802723,2709.0824071887882,20.47601332971079,249.50852638808706,1944
4.0,4.0,veh2909,3894.3763389004507,2753.1023648916407,17.82974485302221,249.50852638808396,1944
4.0,4.0,veh2911,1231.7994672463738,1270.0778758553988,26.648637686878214,47.899667054046716,1944
4.0,4.0,veh2912,1074.3714344162593,1123.5128448707123,23.213130499453435,47.90272549266885,1944
4.0,4.0,veh2913,3925.5623645232617,2761.3433239429937,18.09351304091151,249.5082718117906,1944
4.0,4.0,veh2914,3263.8005988697496,2505.711193421505,31.23532559261984,249.55269624815674,1944
4.0,4.0,veh2916,1005.2218370188584,1065.3575027936035,22.692402148217344,47.902171386882166,1944
4.0,4.0,veh2917,985.05830706762,1042.8199584156473,22.247517421333537,47.9027254926706,1944
4.0,4.0,veh2918,980.0295704611992,1042.5962773468295,21.52734790009865,47.902171386882166,1944
4.0,4.0,veh2920,3613.2431770800117,2642.825004805181,26.94948309848729,249.55283281120856,1944
4.0,4.0,veh2921,3421.577399441542,2571.365479775512,30.17524324643968,249.55283281120674,1944
4.0,4.0,veh2922,960.3805433951743,1020.5240200569739,22.77319955456514,47.902725492670506,1944
4.0,4.0,veh2924,3577.9116620628433,2629.652213538981,28.697668520177622,249.55283281120674,1944
4.0,4.0,veh2925,1056.7384483933529,1111.9027869610659,26.44356370976259,47.90217138688129,1944
4.0,4.0,veh2927,3832.0435824305596,2724.4012425420055,23.35907332020048,249.55283281120185,1944
4.0,4.0,veh2928,3953.9708873156255,2771.9601609592523,18.5631818930535,249.5082718117857,1944
4.0,4.0,veh2929,3709.659553322993,2675.356736779224,27.270554012821155,249.55291399453992,1944
4.0,4.0,veh2932,4121.0706399116825,2837.8214420897193,18.99745358110086,249.50852638808396,1944
4.0,4.0,veh2934,3679.4356631961177,2660.675219430555,30.453860335713333,249.55269624815674,1944
4.0,4.0,veh2938,932.5563310843676,995.3853190468388,22.497403267667625,47.902725492670506,1944
4.0,4.0,veh2939,892.2349706889445,958.9556580027145,26.713490718043754,47.902725492671465,1944
4.0,4.0,veh2941,947.8791424778252,1013.5483495684789,25.005539466382288,47.90217138688226,1944
4.0,4.0,veh2942,4162.528988756036,2849.902523101658,21.451177304348604,249.5082718117857,1944
4.0,4.0,veh2943,757.1923190536842,841.2627091417952,24.152917432908765,47.90217138688305,1944
4.0,4.0,veh2945,4108.0482894374745,2827.3051908194598,23.555351321325006,249.55283281120674,1944
4.0,4.0,veh2946,4031.589464209599,2798.7987385856322,25.85339981961754,249.55283281120856,1944
4.0,4.0,veh2947,693.1168211060108,779.0558077520541,22.919660317137936,47.902725492670506,1944
4.0,4.0,veh2948,4191.71936458315,2860.8115543408016,21.367316024413952,249.50827181178695,1944
4.0,4.0,veh2949,4100.383919966127,2817.6201988352527,25.449013146752172,249.5526962481604,1944
4.0,4.0,veh2950,4112.753559141458,2825.6432504498043,25.34586512501692,249.55291399453503,1944
4.0,4.0,veh2951,4236.089530792002,2877.3935789137345,22.714167046060695,249.5082718117906,1944
4.0,4.0,veh2952,4148.992530093527,2839.1543136876157,24.87195468409086,249.55291399453503,1944
4.0,4.0,veh2953,4134.376690013744,2830.2939526974687,25.27821305556077,249.55269624816162,1944
4.0,4.0,veh2954,4177.631814504668,2853.248297160389,24.477407932528802,249.55283281120552,1944
4.0,4.0,veh2957,4313.327194923526,2909.6706145357352,21.696114747716752,249.50852638808396,1944
4.0,4.0,veh2960,524.2821888278309,626.5165986061835,22.813430739792906,47.902725492669624,1944
4.0,4.0,veh2962,642.0391186820891,741.5348454720059,29.50699335176252,47.90278468712674,1944
4.0,4.0,veh2963,4437.23516961674,2950.0372632501476,20.38029154875281,249.55283281120185,1944
4.0,4.0,veh2964,4409.793149649111,2945.7213958254606,22.36702645412475,249.50852638808396,1944
4.0,4.0,veh2965,481.5357417514528,587.8959131292664,23.6261120405164,47.90272549267094,1944
4.0,4.0,veh2966,4270.054029220695,2880.879450713091,29.079659759671816,249.55269624815674,1944
4.0,4.0,veh2968,483.69873686818727,594.1611207189276,26.06395844836929,47.90217138688173,1944
4.0,4.0,veh2969,554.0393117346568,662.0286867167858,36.25996251339372,47.90278468712665,1944
4.0,4.0,veh2970,453.0624335378896,562.1707650476375,23.91175695196953,47.902725492670506,1944
4.0,4.0,veh2971,4391.112302963116,2929.424414532704,28.426571777157406,249.55291399453867,1944
4.0,4.0,veh2972,453.3127032327553,566.707324117246,26.639202022007794,47.9021713868827,1944
4.0,4.0,veh2973,4556.136337795359,3000.412051032363,20.158547854989834,249.50852638808396,1944
4.0,4.0,veh2975,4456.981564335069,2953.9826106526066,27.425439935095252,249.55291399453503,1944
4.0,4.0,veh2976,470.6302835749974,586.6702096414675,32.20733732141513,47.90278468712665,1944
4.0,4.0,veh2977,4610.524740151433,3017.327556472976,21.11737723260323,249.5082718117906,1944
4.0,4.0,veh2978,4556.964821876192,2991.2596105196058,24.28960700070136,249.55291399453503,1944
4.0,4.0,veh2979,4639.910134797782,3028.3094701718674,20.19496535687082,249.5082718117906,1944
4.0,4.0,veh2980,340.8812899546182,460.81701616111155,25.75995234068914,47.90272549267098,1944
4.0,4.0,veh2981,4585.040013233928,3005.1439393198402,24.11984567358275,249.55283281120674,1944
4.0,4.0,veh2983,4669.942775772206,3039.5332728568483,20.39647375110308,249.5082718117906,1944
4.0,4.0,veh2984,309.88550471729525,437.1207784549998,27.104853384041657,47.90217138688266,1944
4.0,4.0,veh2986,4616.2394833160215,3013.3591259879845,29.762490749169462,249.55291399453503,1944
4.0,4.0,veh2988,4736.88375015646,3064.5504629424313,21.376893733916226,249.5082718117857,1944
4.0,4.0,veh2989,243.89577613204366,377.49902564198527,26.833655839912982,47.902171386882166,1944
4.0,4.0,veh2990,218.70762848645026,350.4351978852044,25.495180526107703,47.90272549267077,1944
4.0,4.0,veh2991,4735.268579291553,3057.7370318891203,28.026556750713944,249.55291399453867,1944
4.0,4.0,veh2993,4800.875974315651,3091.8749421032985,21.095694094326145,249.50852638808033,1944
4.0,4.0,veh2994,4776.499179513111,3076.5264326029846,29.76223120970109,249.55283281120185,1944
4.0,4.0,veh2995,4804.556676928562,3086.9872225443755,24.739480058084233,249.55283281120185,1944
4.0,4.0,veh2996,4825.300074984694,3087.8955811174096,25.635144041296602,249.55269624816162,1944
4.0,4.0,veh2997,118.3481212184582,259.762095676498,23.425614175756657,47.902725492670875,1944
4.0,4.0,veh2998,97.56594401274381,245.4850865799135,24.260744999707622,48.39120681968352,1944
4.0,4.0,veh3000,4870.479729927628,3111.5655803183167,25.313980511856457,249.5528328112104,1944
4.0,4.0,veh3002,68.05687156185064,215.00518542678714,26.004260376507002,48.39067652278661,1944
4.0,4.0,veh3004,4941.35307187319,3140.964765768308,25.035274,249.5082718117906,1944
5.0,5.0,veh2567,145.77388937495527,321.93444157104864,23.176553645801725,227.8366176887914,1945
5.0,5.0,veh2576,4889.846767509085,3093.4476162327055,19.04746746839838,69.51704550529945,1945
5.0,5.0,veh2581,242.0194961392342,409.0926099847554,26.216436713024557,227.8366176887914,1945
5.0,5.0,veh2594,4350.6405521055385,2892.029491059139,17.666579159472295,69.51704550530069,1945
5.0,5.0,veh2596,4841.9558216597125,3075.558162717133,19.20863017463841,69.51704550530434,1945
5.0,5.0,veh2600,4569.421230060784,2973.7540571325617,19.354070936543156,69.51704550530434,1945
5.0,5.0,veh2604,4211.555634053125,2840.074927788628,17.88768358918607,69.51704550530069,1945
5.0,5.0,veh2618,365.3893420936164,520.8139671704416,25.897361465665917,227.8366176887905,1945
5.0,5.0,veh2620,132.59706841357513,301.35988928259485,27.489819233007267,227.8363553512812,1945
5.0,5.0,veh2628,490.4473210955276,634.0640651413737,21.494326950351233,227.83661768879088,1945
5.0,5.0,veh2636,795.2987602058023,910.1316589195411,23.367371774787575,227.8366176887904,1945
5.0,5.0,veh2646,663.2300729878705,790.5327985693784,25.22788182104401,227.8366176887904,1945
5.0,5.0,veh2648,890.1759563144049,996.0506209902649,21.567772908518712,227.8366176887914,1945
5.0,5.0,veh2657,76.53099904141715,250.05095838359418,30.271845584954033,227.24433579658972,1945
5.0,5.0,veh2659,4591.195890107011,2981.887886227096,23.15069086893649,69.51704550529945,1945
5.0,5.0,veh2662,85.79148672313877,267.3366219219371,26.485020751312348,227.24328187508172,1945
5.0,5.0,veh2664,558.0247054203638,695.2608432796967,25.972371496167224,227.8366176887904,1945
5.0,5.0,veh2667,4022.3045917455574,2769.381028052689,19.76402664797119,69.51704550529945,1945
5.0,5.0,veh2668,865.0132062583024,973.263719012358,21.490040194717757,227.8366176887904,1945
5.0,5.0,veh2669,4516.328283746181,2957.3414433153553,22.08538428671119,69.51723463154048,1945
5.0,5.0,veh2673,4223.536566136298,2847.9714781679972,21.838657364861465,69.51723463154048,1945
5.0,5.0,veh2675,4493.939171689501,2950.7120277685563,25.343712156457325,69.53524790941485,1945
5.0,5.0,veh2676,265.0063145868072,425.5827975041826,25.972859762920642,227.8366522468949,1945
5.0,5.0,veh2678,509.25152210164737,646.7662867078226,29.693894616753926,227.83665224689435,1945
5.0,5.0,veh2679,4537.390824816748,2966.9274743253695,24.93219585066569,69.53524790941849,1945
5.0,5.0,veh2681,4595.1183932592685,2988.4704590811675,26.263029053100432,69.53524790941485,1945
5.0,5.0,veh2682,177.80296999497705,350.9393603062291,25.239100855221437,227.8366176887913,1945
5.0,5.0,veh2685,105.2782293126445,280.93629416343936,27.264083874066525,227.8366522468938,1945
5.0,5.0,veh2690,4483.526583615564,2945.0886349731472,21.915534329660424,69.51723463154411,1945
5.0,5.0,veh2693,4293.554071745482,2875.9315845617493,25.680994967423292,69.53524790941485,1945
5.0,5.0,veh2696,4724.0018549826755,3036.5676598830055,28.241170212897867,69.53524790941485,1945
5.0,5.0,veh2697,4539.290338996199,2971.0543076511594,26.660793465146305,69.5352479094157,1945
5.0,5.0,veh2698,3386.909091092197,2532.031815767482,17.751593213559843,69.51704550529763,1945
5.0,5.0,veh2700,3848.6517203976073,2709.901300739054,23.259869366712824,69.53524790941667,1945
5.0,5.0,veh2701,1512.2302797931327,1565.8121185104562,23.964319432563865,226.427486223084,1945
5.0,5.0,veh2702,4375.472475965412,2906.502193734148,26.561647394216376,69.53524790941972,1945
5.0,5.0,veh2704,196.2851278175326,363.3502893354414,28.461685330325384,227.83665224689477,1945
5.0,5.0,veh2705,557.0810737742752,690.0797553061975,26.976859526871895,227.83665224689295,1945
5.0,5.0,veh2706,4034.403884991897,2779.2209717069322,25.381174751459003,69.53524790941485,1945
5.0,5.0,veh2708,3786.236231255053,2686.608860620733,23.51133428873603,69.53524790940997,1945
5.0,5.0,veh2712,1221.675994732948,1296.287480058157,21.826089885601146,227.8321807756659,1945
5.0,5.0,veh2713,792.3476359742456,898.8227987620318,29.6464963210386,227.83635535128113,1945
5.0,5.0,veh2714,4262.443837847318,2867.7397195807353,27.193457889214777,69.53524790941206,1945
5.0,5.0,veh2715,3502.299345107559,2575.1353408440273,21.26468773812208,69.51704550529581,1945
5.0,5.0,veh2717,3791.1276360668135,2683.0258866133477,23.211123034179394,69.51704550529763,1945
5.0,5.0,veh2718,1152.8725019881679,1229.6492786973738,28.442602451624953,227.83120150731506,1945
5.0,5.0,veh2719,559.2417657969569,683.4080993286723,35.326163828781795,227.836389907253,1945
5.0,5.0,veh2720,3695.096665332912,2647.1539371972153,23.21861207429499,69.51704550529763,1945
5.0,5.0,veh2721,908.7386054302752,1008.5336592653476,25.781320072339415,227.83665224689477,1945
5.0,5.0,veh2724,4372.152334785671,2908.6811370159367,28.84123420326426,69.5352479094157,1945
5.0,5.0,veh2725,1205.5801178467461,1277.3893500461918,28.931793350874763,227.83120150731685,1945
5.0,5.0,veh2726,1417.0354297378187,1475.2463290174192,26.889938298131028,226.42748622308224,1945
5.0,5.0,veh2728,4045.5358530349463,2786.7932058733986,26.733740680428724,69.5352479094157,1945
5.0,5.0,veh2729,756.82969492809,870.9680414672775,26.510504519716285,227.8366522468939,1945
5.0,5.0,veh2730,3821.174492656254,2697.672397605325,25.338104326998895,69.51723463153559,1945
5.0,5.0,veh2731,2831.999332871136,2324.7477008064657,17.23350668055395,69.51704550530252,1945
5.0,5.0,veh2732,1300.1973157541515,1358.7676328641492,28.67505326732684,227.8324403385203,1945
5.0,5.0,veh2733,1777.321187794725,1810.4003148610602,22.990131141530746,227.8220047600096,1945
5.0,5.0,veh2734,1543.684579053529,1595.7368827578161,25.657636416021138,226.42748622308224,1945
5.0,5.0,veh2735,1000.7180592328959,1096.1610829240292,25.727856423234105,227.8321807756659,1945
5.0,5.0,veh2736,4771.097806454153,3060.970110431414,33.672676308605624,69.53554701314303,1945
5.0,5.0,veh2737,3195.2331516687964,2460.4321063118896,19.385213859931653,69.51704550529763,1945
5.0,5.0,veh2739,3739.932765281511,2667.3252109976565,24.04558676433414,69.51723463154048,1945
5.0,5.0,veh2740,4000.36252536305,2769.9352585241472,27.741795211818623,69.5352479094157,1945
5.0,5.0,veh2742,3153.258085248296,2450.3917650790386,23.07449891380871,69.53524790941667,1945
5.0,5.0,veh2744,669.614358667023,791.9876078998371,29.122017567486722,227.8366522468939,1945
5.0,5.0,veh2745,3551.6612928154245,2599.0693286564033,25.414314410721644,69.53524790940997,1945
5.0,5.0,veh2747,1321.8495439232781,1387.0168374004477,23.869325357232114,227.8321807756659,1945
5.0,5.0,veh2748,1499.5547485080108,1544.9206661447247,29.63058513311437,226.42608803381708,1945
5.0,5.0,veh2752,3243.0231108799844,2481.7086504373856,23.273523732354654,69.51723463154048,1945
5.0,5.0,veh2753,1276.7437611194828,1341.8460201486273,25.50902770768599,227.83120150731685,1945
5.0,5.0,veh2754,3095.555285866565,2423.1978751816678,22.375153307583496,69.51704550529763,1945
5.0,5.0,veh2755,1898.0011299941839,1922.38139070295,20.543120708548894,228.42154623224164,1945
5.0,5.0,veh2756,3238.643396969039,2482.2561674503345,25.251833460498066,69.53524790941485,1945
5.0,5.0,veh2758,3181.8518236422074,2458.8586135311884,23.042901644999677,69.5172346315423,1945
5.0,5.0,veh2759,2949.7649266508447,2368.7385236706054,20.98419500381485,69.51704550530252,1945
5.0,5.0,veh2761,862.075504861764,966.2765050479959,29.70240829673573,227.8366522468939,1945
5.0,5.0,veh2762,983.0701407051192,1075.850312251974,29.296543451051132,227.83120150731685,1945
5.0,5.0,veh2764,1700.241387040198,1740.5664245097723,27.98162630678256,227.8229654179552,1945
5.0,5.0,veh2765,3653.7053894698097,2637.150517210767,28.233103037190993,69.53524790941485,1945
5.0,5.0,veh2766,3354.6860731740753,2525.5613970304826,26.274322455774143,69.53524790941485,1945
5.0,5.0,veh2769,1115.93963478299,1196.1972303212442,28.396616486784982,227.83120150731685,1945
5.0,5.0,veh2770,3249.6111633324913,2489.767124234506,26.917969199757465,69.5352479094157,1945
5.0,5.0,veh2771,2398.188764927075,2144.9516422759893,16.489615603966353,63.18260622857964,1945
5.0,5.0,veh2772,3616.236420983754,2626.5856764403857,29.10528143256999,69.5352479094157,1945
5.0,5.0,veh2776,1135.752249462269,1209.8275238363765,28.755119394008357,227.83244033852014,1945
5.0,5.0,veh2777,2841.8918644053233,2331.869335293558,20.361620723443366,69.51723463153559,1945
5.0,5.0,veh2780,1559.6059253557423,1606.46412901031,25.45565604293538,226.42844698292348,1945
5.0,5.0,veh2783,3006.193050409385,2389.817002682575,23.27852230157116,69.51704550529763,1945
5.0,5.0,veh2785,2482.935026891811,2228.0685680217875,18.673339501894063,250.29797470206591,1945
5.0,5.0,veh2786,2800.9858569057915,2318.929528753776,24.862988880308954,69.53524790941667,1945
5.0,5.0,veh2787,2633.101196636352,2253.3737009024903,21.728457640706285,67.93453573195896,1945
5.0,5.0,veh2789,2503.1147476084457,2195.966498774415,20.549503480117078,64.17996453827192,1945
5.0,5.0,veh2790,2619.754863709352,2244.501112089929,20.457386776320867,67.93728067657476,1945
5.0,5.0,veh2791,2255.1589876372814,2172.3972918242644,20.472501451221333,254.92504650770786,1945
5.0,5.0,veh2792,1471.2460078065303,1522.4037309558628,28.636235273667452,226.42844698292348,1945
5.0,5.0,veh2793,2741.923524891112,2296.8884320548736,24.615510870520126,69.53524790941485,1945
5.0,5.0,veh2794,3634.5506429103734,2636.8360498292977,31.59395351593979,69.53554701313998,1945
5.0,5.0,veh2795,3525.815168297036,2592.841943233094,31.098840794638328,69.5352479094157,1945
5.0,5.0,veh2799,2198.0050191433725,2149.6748068064753,21.67347348615343,247.67360158778177,1945
5.0,5.0,veh2800,2235.563097004109,2161.6450542021585,22.101621253366194,247.6714466780601,1945
5.0,5.0,veh2801,2267.3534057981715,2172.3736577007103,20.639327610013027,254.92761049710725,1945
5.0,5.0,veh2802,2125.8141913881614,2070.267631687589,23.167962879367813,239.19064547832653,1945
5.0,5.0,veh2803,2433.425254132916,2213.1382732422594,20.995991658508107,255.24031491675103,1945
5.0,5.0,veh2806,2533.038280275152,2218.6424480926235,25.452754845765284,69.4047804407951,1945
5.0,5.0,veh2807,2877.8421536581923,2373.2219076635406,17.795955129534185,249.51597948853478,1945
5.0,5.0,veh2810,2564.978597611456,2230.6449827653114,26.491169840765075,69.40478044079691,1945
5.0,5.0,veh2811,1969.3637960162077,1966.8785536168696,25.790448483838368,231.711081778173,1945
5.0,5.0,veh2813,1566.0366099409905,1608.1727905642992,30.849373606311012,226.4260880338152,1945
5.0,5.0,veh2814,2387.2828585107086,2143.0163739574064,20.72011987551478,63.18265628001514,1945
5.0,5.0,veh2816,1895.5317429603172,1908.4000755612303,26.952879050929436,231.40973507016383,1945
5.0,5.0,veh2818,2617.8256399806123,2276.3717793623537,20.319400508655956,250.29797470205926,1945
5.0,5.0,veh2821,1951.3252395982793,1948.5604850459645,27.48020926640663,231.71631981031967,1945
5.0,5.0,veh2822,2073.363857229626,2038.895475801692,26.515793700676507,238.2667303969866,1945
5.0,5.0,veh2823,2344.117945751235,2147.6499516304234,25.504051497893588,68.09303343858157,1945
5.0,5.0,veh2824,2161.9301924897577,2091.805082006106,24.72851362475536,239.19064547832204,1945
5.0,5.0,veh2825,2400.3700710690628,2201.1221530985576,24.936929686282365,255.2427116993776,1945
5.0,5.0,veh2826,1746.8279333271169,1778.4540556449713,31.264952779520126,227.82200476001154,1945
5.0,5.0,veh2828,2222.129380489082,2094.884250235514,25.394847272504084,66.55132982552577,1945
5.0,5.0,veh2830,2179.0872084261746,2032.273832710854,22.107812512452533,62.41471709719964,1945
5.0,5.0,veh2831,2624.251946063567,2270.733653937137,21.637470933838816,249.73707028904334,1945
5.0,5.0,veh2832,2638.2757788556373,2279.3239768441927,21.844136222495766,249.55283281120367,1945
5.0,5.0,veh2833,2188.6246076816856,2080.351637473152,25.66827168503799,66.55132982553054,1945
5.0,5.0,veh2834,2457.0135764255583,2190.0738795863103,28.85107626478134,69.40478044079691,1945
5.0,5.0,veh2835,2479.789119510673,2202.053382270971,29.111968643259136,69.40479072891429,1945
5.0,5.0,veh2839,2208.1982864152956,2047.4832165978933,22.801224900350174,62.41471709719964,1945
5.0,5.0,veh2841,2215.331922658365,2095.4218340180205,27.115933492026194,66.5495820265931,1945
5.0,5.0,veh2842,1857.6990329107603,1813.2037545694916,17.891744618956192,50.43828675493373,1945
5.0,5.0,veh2843,2197.003274010502,2107.937222932944,23.521649922845373,247.0387737675177,1945
5.0,5.0,veh2845,2443.821621135499,2191.9597257850382,31.311981264013927,69.404181650028,1945
5.0,5.0,veh2847,1966.3255744244257,1897.8780975838345,19.964160567775398,53.365976334428176,1945
5.0,5.0,veh2848,1560.7587275213966,1576.7393783091193,20.34983241883744,46.66812107752336,1945
5.0,5.0,veh2849,2176.3478324837024,2095.7117026967085,29.23637875892083,247.0384850024961,1945
5.0,5.0,veh2850,2656.5957342949323,2287.150806836913,24.112087560113643,249.5155989129844,1945
5.0,5.0,veh2851,2835.262458405193,2353.896121199054,22.671034711794704,249.51559891298254,1945
5.0,5.0,veh2852,2703.2697215761345,2304.587013657921,24.34933364142295,249.51559891298743,1945
5.0,5.0,veh2853,1991.70483722402,1959.3877109662676,25.991613377724192,51.29087556911964,1945
5.0,5.0,veh2854,1779.7962633595673,1783.380126415077,24.018426083891505,46.66812107751967,1945
5.0,5.0,veh2856,2179.9020137276434,2093.7428631291223,31.657491019819805,247.040654462475,1945
5.0,5.0,veh2857,2781.2718029436865,2332.637761330736,23.775730117410625,249.55283281120185,1945
5.0,5.0,veh2858,2000.2822892208587,1970.3603550170255,28.12531912812559,51.28978446340521,1945
5.0,5.0,veh2860,1334.4851681589514,1349.9357624881013,17.89142291002492,47.89906525851306,1945
5.0,5.0,veh2861,1927.714981291329,1908.1054360908936,27.469979306688103,51.29087556911964,1945
5.0,5.0,veh2863,1633.6710573039234,1625.4541848866418,18.886903589755956,49.90742684512333,1945
5.0,5.0,veh2866,1712.5234317914237,1719.914710822026,25.61003659068381,46.66812107752146,1945
5.0,5.0,veh2869,2393.157697695383,2185.419231897197,31.282502750993768,249.73707028904334,1945
5.0,5.0,veh2870,3187.2635434302156,2488.8436550786237,20.799002015086316,249.50852638808885,1945
5.0,5.0,veh2873,1614.789421138156,1613.7248899123144,24.30091505956321,49.619371719797826,1945
5.0,5.0,veh2874,1457.5947406500827,1485.330585691572,22.40803058083474,45.38967900010023,1945
5.0,5.0,veh2875,1445.9619057509049,1469.3582880070223,22.20392213318336,45.39288609519924,1945
5.0,5.0,veh2876,1685.3064899718788,1698.631243441398,27.00311753599659,46.66855376395631,1945
5.0,5.0,veh2878,2878.537561608869,2368.90174649023,27.03247735294149,249.55283281120185,1945
5.0,5.0,veh2880,1754.745980033199,1764.1397008435374,28.305091282439896,46.6685537639581,1945
5.0,5.0,veh2881,3136.7218514653664,2465.161636756444,24.37994793858933,249.55283281120367,1945
5.0,5.0,veh2882,1561.7394852730336,1582.0594792121951,25.580408147399957,46.66855376395631,1945
5.0,5.0,veh2883,3123.8603282789772,2456.9517940809656,24.271994576583854,249.55291399453503,1945
5.0,5.0,veh2884,1440.639621827597,1473.0969453740083,24.533310771557826,45.39247206442972,1945
5.0,5.0,veh2885,3326.3085030545244,2540.806852282385,21.86682897934432,249.50852638808396,1945
5.0,5.0,veh2886,1266.6035188587057,1297.218320011463,19.337793651993664,47.89592225715422,1945
5.0,5.0,veh2887,3136.7051247921545,2458.3253300980778,25.77487335242546,249.55269624815674,1945
5.0,5.0,veh2888,1382.518974526269,1406.7795207659572,24.185555679722693,45.39288609519924,1945
5.0,5.0,veh2891,2889.107266449563,2369.4282419403135,29.89369600944907,249.5529139945417,1945
5.0,5.0,veh2894,1311.4290788168441,1333.4062507747713,18.079344011087986,53.609058539986606,1945
5.0,5.0,veh2895,3692.821833284165,2677.77840815891,19.26184727890148,249.50852638808396,1945
5.0,5.0,veh2896,1512.97698647822,1540.453546440802,27.59182357779043,46.66805465855454,1945
5.0,5.0,veh2898,2841.2654221537787,2348.1745519437845,32.37313705681426,249.55269624816162,1945
5.0,5.0,veh2900,1244.7588065319612,1277.4772835926892,19.097960318791518,47.895922257154396,1945
5.0,5.0,veh2902,1288.1237996898312,1316.6661681348448,18.391208927584792,47.895922257154396,1945
5.0,5.0,veh2903,3940.5623388806644,2770.362769235023,16.058174944597734,249.50852638808396,1945
5.0,5.0,veh2904,1365.0718607820177,1394.8167456680699,27.05706469961295,47.89906525851499,1945
5.0,5.0,veh2908,3758.213593248555,2702.216294492307,19.612164175456368,249.50852638808217,1945
5.0,5.0,veh2909,3877.537662525664,2746.809497724952,17.974762352894693,249.50852638808217,1945
5.0,5.0,veh2911,1251.0859471113413,1287.504751262886,25.9933892675431,47.899667054046716,1945
5.0,5.0,veh2912,1091.4012027845279,1138.8989499830388,22.950412293833832,47.90272549266866,1945
5.0,5.0,veh2913,3908.3525295290256,2754.9116620594823,18.373765763399295,249.5082718117906,1945
5.0,5.0,veh2914,3235.1290431932894,2495.02138382431,30.608561890854975,249.55269624816162,1945
5.0,5.0,veh2916,1022.1457841316542,1080.6482974825994,22.808380554843144,47.902171386882166,1945
5.0,5.0,veh2917,1001.8804056231487,1058.0184373959924,22.67054308361912,47.9027254926706,1945
5.0,5.0,veh2918,997.0874859902755,1058.008112567003,22.988929607642998,47.902171386882166,1945
5.0,5.0,veh2920,3588.469308826022,2633.588463569755,26.431832105714744,249.55283281120552,1945
5.0,5.0,veh2921,3393.7030502170865,2560.972973712964,29.73980935085642,249.55283281120674,1945
5.0,5.0,veh2922,976.404770255311,1035.0016355759976,21.595279816917966,47.902725492671465,1945
5.0,5.0,veh2924,3551.0454313684263,2619.635568374595,28.664223598342296,249.55283281120185,1945
5.0,5.0,veh2925,1076.4431993235382,1129.7060392912185,26.55606608545006,47.90217138688129,1945
5.0,5.0,veh2927,3809.72194523974,2716.0789765058157,23.815488179057652,249.55283281120856,1945
5.0,5.0,veh2928,3936.6848942230667,2765.500037260839,18.45507456502511,249.5082718117857,1945
5.0,5.0,veh2929,3681.8899403707937,2668.4188544742456,28.042103487618366,249.55283281120185,1945
5.0,5.0,veh2932,4104.055251255202,2831.462534879819,18.16339720741526,249.50852638808396,1945
5.0,5.0,veh2934,3650.749764662438,2649.9800622891075,30.623873729454434,249.55269624815674,1945
5.0,5.0,veh2938,950.1223033697456,1011.2558752480985,23.673035215362315,47.902725492670406,1945
5.0,5.0,veh2939,911.6350193663353,976.4832709261387,26.144754645998287,47.902725492670506,1945
5.0,5.0,veh2941,965.4864570064045,1029.4565670597472,23.729353893632602,47.902171386882166,1945
5.0,5.0,veh2942,4142.770427844398,2842.518351020347,21.094866402487895,249.5082718117906,1945
5.0,5.0,veh2943,775.3282954300489,857.6485728772002,24.44183074839679,47.90217138688226,1945
5.0,5.0,veh2945,4085.5933638969223,2818.9332303501724,23.957696704818236,249.55283281120185,1945
5.0,5.0,veh2946,4007.273222014083,2789.732815919586,25.94357992721946,249.55283281120674,1945
5.0,5.0,veh2947,710.098696954922,794.3986427904141,22.88586925124666,47.902725492670506,1945
5.0,5.0,veh2948,4171.461536361812,2853.2407960123496,21.627900019883786,249.5082718117906,1945
5.0,5.0,veh2949,4077.0821177066846,2808.932430643119,24.876036189839855,249.5526962481549,1945
5.0,5.0,veh2950,4088.90791467233,2816.7528211162876,25.449013146752172,249.55291399453682,1945
5.0,5.0,veh2951,4215.385069589346,2869.65590484653,22.104739558652884,249.5082718117906,1945
5.0,5.0,veh2952,4124.9072948197445,2830.174557134593,25.70471391195493,249.55291399453867,1945
5.0,5.0,veh2953,4110.615283224303,2821.434827046705,25.366690895168706,249.55269624815674,1945
5.0,5.0,veh2954,4153.67217449387,2844.315327925354,25.563112533982366,249.55283281120185,1945
5.0,5.0,veh2957,4291.993484915695,2901.6978855477873,22.77307069518295,249.50852638808396,1945
5.0,5.0,veh2960,540.7904489655862,641.4315299316385,22.247594225726004,47.902725492669624,1945
5.0,5.0,veh2962,664.1021965763748,761.4684184483617,29.734471958714877,47.90278468712761,1945
5.0,5.0,veh2963,4417.934990168847,2942.8414994923883,20.59182270393672,249.55283281120674,1945
5.0,5.0,veh2964,4389.368911352242,2938.0885501241537,21.802237982007824,249.50852638808033,1945
5.0,5.0,veh2965,498.91182082865845,603.5949040574187,23.417122901987696,47.90272549266954,1945
5.0,5.0,veh2966,4243.649940200146,2871.0350360115617,28.187908674263785,249.55269624816162,1945
5.0,5.0,veh2968,503.00406906245024,611.6034980212146,26.01776999713597,47.9021713868826,1945
5.0,5.0,veh2969,581.3769062877595,686.7276855887173,36.84295285330433,47.90278468712752,1945
5.0,5.0,veh2970,471.4434586972841,578.7777076119135,24.771452944566597,47.90272549266997,1945
5.0,5.0,veh2971,4364.475838006466,2919.493476843081,28.42748694598853,249.55291399453867,1945
5.0,5.0,veh2972,472.9413929517247,584.4418551049869,26.453558494324003,47.902171386882166,1945
5.0,5.0,veh2973,4536.5913001188965,2993.1077758548868,20.863718714782102,249.50852638808396,1945
5.0,5.0,veh2975,4431.790499020099,2944.590564809236,26.8848993874496,249.55291399453503,1945
5.0,5.0,veh2976,493.9869004877122,607.7724706197951,31.477778121856563,47.90278468712849,1945
5.0,5.0,veh2977,4591.169198008447,3010.094000620904,20.664590780675844,249.50827181178207,1945
5.0,5.0,veh2978,4534.692303816513,2982.955693712265,23.77011053930153,249.55291399453867,1945
5.0,5.0,veh2979,4620.048164554922,3020.8866519411736,21.205269484812327,249.5082718117906,1945
5.0,5.0,veh2980,360.207685536427,478.2780847695476,26.04549499232753,47.902725492670506,1945
5.0,5.0,veh2981,4562.273996812143,2996.655993582406,24.28960700070136,249.55283281120552,1945
5.0,5.0,veh2983,4650.3417236002015,3032.207964963215,20.926705075626565,249.5082718117906,1945
5.0,5.0,veh2984,330.3335157139383,455.59556662729324,27.55775666826727,47.90217138688173,1945
5.0,5.0,veh2986,4591.08144774864,3000.5702696650733,28.15937949876332,249.55269624816162,1945
5.0,5.0,veh2988,4716.174317020255,3056.8109307635423,22.110047752628454,249.5082718117857,1945
5.0,5.0,veh2989,263.889166345758,395.5630637093071,26.945064856122638,47.90217138688266,1945
5.0,5.0,veh2990,237.2282017247616,367.1682197574314,24.959516920346918,47.902725492670285,1945
5.0,5.0,veh2991,4708.720831985249,3047.8391710157716,28.332803967177036,249.55291399453867,1945
5.0,5.0,veh2993,4780.41573862043,3084.2286436316467,21.840664083103448,249.50852638808033,1945
5.0,5.0,veh2994,4748.928522115685,3066.247153189359,29.415793282729414,249.55283281120674,1945
5.0,5.0,veh2995,4781.941168410898,3078.555391275963,24.12902652083802,249.55283281120674,1945
5.0,5.0,veh2996,4801.113524058657,3078.877946109049,25.820557115906425,249.55269624816162,1945
5.0,5.0,veh2997,136.31538159456227,275.9952088198555,24.213836882866183,47.902725492670506,1945
5.0,5.0,veh2998,116.78761039202759,262.65673426210117,25.774812491456924,47.902171386882536,1945
5.0,5.0,veh3000,4846.703135434034,3102.700856681841,25.367816897110274,249.55283281120674,1945
5.0,5.0,veh3002,87.51030906461844,232.28241713611126,26.017462567783408,48.39067652278661,1945
5.0,5.0,veh3004,4918.816690998655,3132.5424664312377,24.060555111779625,249.5082718117857,1945
5.0,5.0,veh3005,4941.35307187319,3140.964765768308,22.810388445112956,249.5082718117906,1945
5.0,5.0,veh3006,42.24294333451896,204.90677424235585,28.774524000000003,48.38752625538961,1945
6.0,6.0,veh2567,128.55950626943752,306.3454276691107,23.224669922424475,227.8366176887905,1946
6.0,6.0,veh2576,4907.163299857104,3099.9161312097353,18.486385110205727,69.51704550529945,1946
6.0,6.0,veh2581,223.14894279559394,392.00380020237196,25.459080930937596,227.8366176887913,1946
6.0,6.0,veh2594,4367.034251217159,2898.1532857139373,17.50120804024131,69.51704550529945,1946
6.0,6.0,veh2596,4860.664892087496,3082.546854207798,19.97299886784301,69.51704550530434,1946
6.0,6.0,veh2600,4587.709998608925,2980.5857466930074,19.5243026593041,69.51704550530434,1946
6.0,6.0,veh2604,4227.268004904832,2845.9442152496676,16.773851295479126,69.51704550530434,1946
6.0,6.0,veh2618,346.10501091568847,503.35044814802995,26.017326530773595,227.8366176887904,1946
6.0,6.0,veh2620,112.57318478263915,283.2264789280573,27.014072506878993,227.83635535128113,1946
6.0,6.0,veh2628,474.30807296104894,619.4486727690169,21.774158761415155,227.83661768879094,1946
6.0,6.0,veh2636,777.2595616312566,893.7957080094982,24.33746420018983,227.83661768879062,1946
6.0,6.0,veh2646,644.1200687584419,773.2271466751108,25.782134493239447,227.8366176887904,1946
6.0,6.0,veh2648,873.5726323771636,981.0149705060446,22.400263529275957,227.8366176887914,1946
6.0,6.0,veh2657,54.35935783055499,229.55163888119952,30.195749977705898,227.24433579658972,1946
6.0,6.0,veh2659,4612.137582132018,2989.7105637577733,22.356449654765438,69.51704550529945,1946
6.0,6.0,veh2662,67.14173097038747,250.09290927479128,25.400756540770615,227.24328187508186,1946
6.0,6.0,veh2664,538.0473302818255,677.1697169901302,26.95234215859185,227.8366176887904,1946
6.0,6.0,veh2667,4041.2670992502644,2776.4643898557965,20.243557390246718,69.51704550530252,1946
6.0,6.0,veh2668,848.7166679060454,958.5058876471802,21.986365807554275,227.8366176887904,1946
6.0,6.0,veh2669,4537.153307774442,2965.1204616931855,22.22909825772905,69.51723463154048,1946
6.0,6.0,veh2673,4244.246648755872,2855.7075611173095,22.106407217176056,69.51723463154411,1946
6.0,6.0,veh2675,4517.784066580643,2959.6105527021846,25.45957856942477,69.53524790940997,1946
6.0,6.0,veh2676,245.9767308388757,408.3499937399382,25.673047318504768,227.8366522468939,1946
6.0,6.0,veh2678,487.52724126191555,627.0932200979906,29.308496567590296,227.8366522468939,1946
6.0,6.0,veh2679,4560.696289288031,2975.624692645444,24.88362001645752,69.53524790940997,1946
6.0,6.0,veh2681,4619.773823605949,2997.6714625953723,26.325000338224744,69.53524790941485,1946
6.0,6.0,veh2682,159.87227029672704,334.7016638895683,24.191083666337505,227.8366176887914,1946
6.0,6.0,veh2685,85.0843599413144,262.3160522534325,27.46866028199827,227.24398437946195,1946
6.0,6.0,veh2690,4504.633894623061,2952.9730993565295,22.530417717904108,69.51723463154048,1946
6.0,6.0,veh2693,4317.574903370525,2884.895766208083,25.647429055679503,69.53524790940997,1946
6.0,6.0,veh2696,4749.566885186141,3046.108111192732,27.296194764800767,69.53524790941485,1946
6.0,6.0,veh2697,4564.322222773193,2980.395797430928,26.718186080901393,69.53524790941206,1946
6.0,6.0,veh2698,3404.3601374583695,2538.5505778681018,18.629986490224272,69.51704550530252,1946
6.0,6.0,veh2700,3870.8472791561676,2718.1843203929684,23.698555799285838,69.53524790940997,1946
6.0,6.0,veh2701,1495.296053063737,1549.7013560867467,23.374303832500956,226.42748622308412,1946
6.0,6.0,veh2702,4400.353541158091,2915.78740048398,26.565914299721584,69.53524790941849,1946
6.0,6.0,veh2704,175.2833776503037,344.33153179814724,28.33372148107516,227.83665224689295,1946
6.0,6.0,veh2705,537.201347179854,672.077079481734,26.819985570782055,227.83665224689295,1946
6.0,6.0,veh2706,4058.2145919503555,2788.10673826302,25.423075562710256,69.53524790941485,1946
6.0,6.0,veh2708,3808.097477483338,2694.7671203040177,23.3416049227921,69.53524790941667,1946
6.0,6.0,veh2712,1204.9879245207774,1281.172732723444,22.516177459995568,227.832180775664,1946
6.0,6.0,veh2713,769.5861847675708,878.2102771052564,30.707304566480477,227.83635535128113,1946
6.0,6.0,veh2714,4287.666179267888,2877.1522850392976,26.921474127734697,69.53524790941083,1946
6.0,6.0,veh2715,3521.8904040940697,2582.45349530609,20.914571916751225,69.51704550530252,1946
6.0,6.0,veh2717,3812.502870522862,2691.010512024352,22.819280906471608,69.51704550529763,1946
6.0,6.0,veh2718,1131.6344695081134,1210.41287102857,28.654961656513297,227.83120150731506,1946
6.0,6.0,veh2719,532.9079346011943,659.5604982716161,35.52595584826915,227.8363899072523,1946
6.0,6.0,veh2720,3716.0957006257377,2654.9980350549695,22.41766686102089,69.51704550529581,1946
6.0,6.0,veh2721,889.7887739402848,991.373077522828,25.565452558734954,227.8366522468938,1946
6.0,6.0,veh2724,4399.077364173949,2918.7291177868333,28.738865673820634,69.53524790941083,1946
6.0,6.0,veh2725,1184.9719583004335,1258.723451559177,27.80511905542513,227.83120150731506,1946
6.0,6.0,veh2726,1397.170818133573,1456.3476781779495,27.419112462115162,226.42748622308412,1946
6.0,6.0,veh2728,4070.311896533407,2796.039220243946,26.445110820975657,69.53524790941206,1946
6.0,6.0,veh2729,736.4446161130052,852.5077289563853,27.501762515851674,227.8366522468939,1946
6.0,6.0,veh2730,3845.0463934200397,2706.5895520106797,25.481402900511476,69.5172346315423,1946
6.0,6.0,veh2731,2848.114882120183,2330.7675937957483,17.204267210833898,69.51704550529763,1946
6.0,6.0,veh2732,1278.854634951258,1339.4372797109222,28.795033833577,227.8324403385203,1946
6.0,6.0,veh2733,1758.9076953284793,1793.716861108139,24.847976360566523,227.82200476001154,1946
6.0,6.0,veh2734,1525.4518652728166,1578.3907750934695,25.166604794631958,226.42748622308224,1946
6.0,6.0,veh2735,981.9530127968565,1079.1651731514278,25.318512579769365,227.8321807756659,1946
6.0,6.0,veh2736,4803.244425264056,3072.9665118195976,34.300799977210154,69.53554701314303,1946
6.0,6.0,veh2737,3214.3029980886386,2467.5555640976236,20.35814779914738,69.51704550529581,1946
6.0,6.0,veh2739,3763.0180727537017,2675.9485398754687,24.64177555871326,69.5172346315423,1946
6.0,6.0,veh2740,4026.0567985707216,2779.523941210052,27.425198154964107,69.5352479094157,1946
6.0,6.0,veh2742,3174.7146403800934,2458.3990006614017,22.909509716903774,69.53524790941485,1946
6.0,6.0,veh2744,647.9276227754909,772.3485412310042,29.257844212579762,227.8366522468949,1946
6.0,6.0,veh2745,3575.8131501615544,2608.082406959709,25.787327329747143,69.53524790941667,1946
6.0,6.0,veh2747,1303.4710599076293,1370.3710456006863,24.796947896363083,227.83218077566417,1946
6.0,6.0,veh2748,1478.2621848752158,1524.662510685721,29.38956871250878,226.42608803381708,1946
6.0,6.0,veh2752,3265.3467686702784,2490.0474712702176,23.82877358599638,69.5172346315423,1946
6.0,6.0,veh2753,1257.719346654483,1324.614603224639,25.66828483496075,227.83120150731506,1946
6.0,6.0,veh2754,3116.056438158748,2430.8559910205195,21.886148384645896,69.51704550529763,1946
6.0,6.0,veh2755,1882.5068844523037,1908.6353718973794,20.717677303938625,228.42154623224533,1946
6.0,6.0,veh2756,3261.8172818714243,2490.904282426488,24.743130390154594,69.53524790941667,1946
6.0,6.0,veh2758,3203.2979276262968,2466.869631275931,22.89205294845584,69.51723463154048,1946
6.0,6.0,veh2759,2969.4060095931072,2376.0753643627113,20.967975340264704,69.51704550530252,1946
6.0,6.0,veh2761,840.2285456678579,946.4923434172949,29.47400345588546,227.83665224689304,1946
6.0,6.0,veh2762,961.6012055915519,1056.4049541456684,28.966374374997706,227.83281753948472,1946
6.0,6.0,veh2764,1678.693341916283,1721.043582695216,29.0761332272143,227.8229654179589,1946
6.0,6.0,veh2765,3680.478475035645,2647.1417950312543,28.586054944720487,69.53524790941485,1946
6.0,6.0,veh2766,3379.363683759682,2534.7706778472307,26.348682536792094,69.53524790941667,1946
6.0,6.0,veh2769,1094.9927690946245,1177.2245477931667,28.262111082462575,227.83120150731685,1946
6.0,6.0,veh2770,3274.6653207869576,2499.116926186555,26.741960250864178,69.5352479094157,1946
6.0,6.0,veh2771,2413.2583826996633,2152.4894638190067,16.851209832925065,64.00220196703785,1946
6.0,6.0,veh2772,3643.3111937318617,2636.689538985019,28.89869667127825,69.5352479094157,1946
6.0,6.0,veh2776,1113.9291252904632,1190.062026659914,29.443236521454814,227.83244033851838,1946
6.0,6.0,veh2777,2861.2583534289242,2339.1035297811222,20.67222524346903,69.51723463153559,1946
6.0,6.0,veh2780,1540.863233457014,1588.6334407829079,25.869535814652274,226.42844698292348,1946
6.0,6.0,veh2783,3028.098008079831,2397.9995038851725,23.38479062552908,69.51704550530069,1946
6.0,6.0,veh2785,2466.104407936745,2222.041662770464,17.875814471193575,250.29797470206094,1946
6.0,6.0,veh2786,2823.8070909567723,2327.446040197668,24.36659939264381,69.53524790941485,1946
6.0,6.0,veh2787,2653.7125394944123,2261.5764787367953,22.18372961409735,69.51723463153559,1946
6.0,6.0,veh2789,2520.9952552906957,2204.473829221607,19.80625409938885,65.66801831093342,1946
6.0,6.0,veh2790,2639.0451576267483,2252.319470866439,20.81576332126767,67.93728067657476,1946
6.0,6.0,veh2791,2236.300324146501,2165.40147192089,20.14487053901147,247.67360158777896,1946
6.0,6.0,veh2792,1451.1789171717685,1503.3130881243633,27.69753259973678,226.42844698292348,1946
6.0,6.0,veh2793,2765.1510446380566,2305.556562678142,24.80039717809214,69.53524790940997,1946
6.0,6.0,veh2794,3664.9787027441607,2648.1911233251553,32.46707842666787,69.53554701314485,1946
6.0,6.0,veh2795,3555.7036577591157,2603.9958388539794,31.901962722391417,69.5352479094157,1946
6.0,6.0,veh2799,2177.4705943883346,2141.2419709428295,22.196856053977292,247.67360158777697,1946
6.0,6.0,veh2800,2215.1801115974235,2153.273513756729,22.03682217793221,247.6714466780601,1946
6.0,6.0,veh2801,2245.8126187651087,2165.854657665858,22.54058504845134,247.6714466780601,1946
6.0,6.0,veh2802,2106.161894312722,2058.5481622281554,22.87458878921502,239.19064547832204,1946
6.0,6.0,veh2803,2413.121976225527,2207.789196213776,20.994492412028162,255.24031491675237,1946
6.0,6.0,veh2806,2556.2741586580105,2227.3740280892825,24.83048642689069,69.40478044079691,1946
6.0,6.0,veh2807,2862.0134189809355,2367.3088174064687,16.89585983933247,249.51597948853293,1946
6.0,6.0,veh2810,2588.5912873267657,2239.5181609507167,25.23315718122002,69.40478044079691,1946
6.0,6.0,veh2811,1949.0204858341608,1950.8187631099327,25.91074885706384,231.71108177817456,1946
6.0,6.0,veh2813,1544.1399869061552,1587.339921346819,30.22333610702571,226.42608803381708,1946
6.0,6.0,veh2814,2405.9718996792635,2152.4639898388564,20.939979428340582,63.18265628001749,1946
6.0,6.0,veh2816,1874.1153111197357,1891.3095195839026,27.391665970484134,231.40973507016224,1946
6.0,6.0,veh2818,2599.05337011139,2269.6495850000356,19.938043531333815,250.29797470206591,1946
6.0,6.0,veh2821,1929.7701741708884,1931.5472868472682,27.46028349105097,231.7163198103233,1946
6.0,6.0,veh2822,2051.6593692058623,2024.471623904249,26.05240261216844,236.3937288011326,1946
6.0,6.0,veh2823,2368.1438715217337,2156.6784156894223,25.674752376822934,69.4047804407951,1946
6.0,6.0,veh2824,2140.4254754614435,2078.9809386767215,25.030741045833516,239.19064547832383,1946
6.0,6.0,veh2825,2376.6627943313974,2195.182193770688,24.454252469966725,258.6269031394551,1946
6.0,6.0,veh2826,1724.4921044306789,1758.2199954240418,30.13779154031613,227.8229654179589,1946
6.0,6.0,veh2828,2245.737959459828,2105.124413272099,25.742238930547572,66.55132982553054,1946
6.0,6.0,veh2830,2197.5771614909263,2041.9340999919295,20.870754727903574,62.41471709720196,1946
6.0,6.0,veh2831,2603.5363547603947,2263.0859573296907,22.082149174690315,249.73707028904334,1946
6.0,6.0,veh2832,2617.972401410844,2271.825182751156,21.637470933838816,249.73707028904403,1946
6.0,6.0,veh2833,2211.745556439245,2090.3802921046454,25.210538421459677,66.55132982552847,1946
6.0,6.0,veh2834,2483.5084744788724,2200.030134221664,28.313162758675798,69.40478044079691,1946
6.0,6.0,veh2835,2506.9713315776685,2212.2679102441334,29.03812284252501,69.40479072891429,1946
6.0,6.0,veh2839,2228.342364379169,2058.007698546569,22.737867907584842,62.41471709719964,1946
6.0,6.0,veh2841,2240.387453066688,2106.2905168032526,27.311368097170156,66.5495820265931,1946
6.0,6.0,veh2842,1871.5469242173376,1824.6441486405297,17.970400926983174,50.43828675493373,1946
6.0,6.0,veh2843,2173.303393114901,2097.8961431150697,25.73155496977129,247.0387737675177,1946
6.0,6.0,veh2845,2474.332498791458,2203.425469408943,32.5834101492084,69.40418165002312,1946
6.0,6.0,veh2847,1982.811829739875,1910.137067637222,20.55374661883994,53.365976334428176,1946
6.0,6.0,veh2848,1575.8369958650173,1590.9642673846165,20.736083407976523,46.66812107751967,1946
6.0,6.0,veh2849,2151.197933321106,2081.680491676164,28.84409139583214,239.19105543372035,1946
6.0,6.0,veh2850,2634.126896268664,2278.8052900540747,23.970715137868314,250.03376922473169,1946
6.0,6.0,veh2851,2813.89820934021,2345.9149846608743,22.808060151557214,249.5155989129892,1946
6.0,6.0,veh2852,2679.808846581619,2295.822631344886,25.046377546690444,249.51559891298254,1946
6.0,6.0,veh2853,2012.7034690992664,1974.9564351061124,26.180634717131383,57.108984983229924,1946
6.0,6.0,veh2854,1796.9730391163991,1799.5847544431351,23.622013261520156,46.66812107751967,1946
6.0,6.0,veh2856,2152.401946264174,2078.6727396699366,31.42549479735078,239.188787781384,1946
6.0,6.0,veh2857,2758.8000362413977,2324.2595219031837,23.97566494275836,249.55283281120674,1946
6.0,6.0,veh2858,2023.9170945732371,1986.01786892771,28.364921559896935,57.10866705774367,1946
6.0,6.0,veh2860,1348.2264908723064,1362.352407561994,18.519974642377854,47.89906525851306,1946
6.0,6.0,veh2861,1949.2827281354773,1925.3900995111005,27.648351115133185,51.290875569121276,1946
6.0,6.0,veh2863,1647.6532441755558,1637.2251822709197,18.28542412738475,49.90742684512333,1946
6.0,6.0,veh2866,1730.2995535169637,1736.6847638530373,24.44625167631318,46.66812107752157,1946
6.0,6.0,veh2869,2363.982945993709,2174.648617322569,31.099340095219265,249.73707028904334,1946
6.0,6.0,veh2870,3167.856055309741,2481.5907842434726,20.716888849677943,249.50852638808396,1946
6.0,6.0,veh2873,1629.9445385112626,1626.5013231221249,19.80091505956321,49.90713898144543,1946
6.0,6.0,veh2874,1473.8936424546182,1500.3305376257028,22.229930748081088,54.29054049230827,1946
6.0,6.0,veh2875,1461.9110625756857,1485.0901994014573,22.40803058083474,45.39288609519924,1946
6.0,6.0,veh2876,1704.249112059039,1716.5015064716385,26.041734226199207,46.66855376395631,1946
6.0,6.0,veh2878,2853.493165580283,2359.5643432933302,26.720464653718366,249.55283281120367,1946
6.0,6.0,veh2880,1775.3190340555545,1783.5480955749113,28.283201903424704,46.6685537639581,1946
6.0,6.0,veh2881,3114.0473552638814,2456.707812871924,24.191961890441316,249.55283281120185,1946
6.0,6.0,veh2882,1580.4779900523017,1599.7371802009045,25.761120029356043,46.66855376395631,1946
6.0,6.0,veh2883,3100.5176713281294,2448.2488948011114,24.912205010493523,249.5529139945417,1946
6.0,6.0,veh2884,1457.4851975016436,1489.7133055532229,23.64269669387615,45.39247206442972,1946
6.0,6.0,veh2885,3305.395273598222,2532.9912632143482,22.32422080820168,249.50852638808396,1946
6.0,6.0,veh2886,1279.9714235669248,1309.2988770698666,18.017382066280653,47.895922257156144,1946
6.0,6.0,veh2887,3113.3370651174273,2449.612858706656,24.946769854218985,249.55269624816162,1946
6.0,6.0,veh2888,1399.781773736912,1423.8071812614512,24.253654087962587,45.39288609520109,1946
6.0,6.0,veh2891,2861.9165528687863,2359.2906623948843,29.01900295807269,249.55291399453682,1946
6.0,6.0,veh2894,1326.6525950247171,1347.164169221738,20.520543130081233,47.89499448326632,1946
6.0,6.0,veh2895,3675.9436217321236,2671.470766100577,18.01696492273557,249.50852638808396,1946
6.0,6.0,veh2896,1533.7105280184526,1560.0136846994499,28.494643353370858,46.66805465855454,1946
6.0,6.0,veh2898,2811.4935774342466,2337.0745141571933,31.783184769806205,249.55269624816162,1946
6.0,6.0,veh2900,1258.7557345497473,1290.1262881488985,18.865185334215,47.895922257154396,1946
6.0,6.0,veh2902,1301.247681598656,1328.5262021257986,17.688485944896,47.895922257154396,1946
6.0,6.0,veh2903,3925.4355843696226,2764.7096730722133,16.147339105208843,249.50852638808396,1946
6.0,6.0,veh2904,1384.7716406743864,1413.4913755249313,27.253971587608962,45.38967900010023,1946
6.0,6.0,veh2908,3739.795884689329,2695.3333191979104,19.660330008638066,249.50852638808033,1946
6.0,6.0,veh2909,3860.852514875695,2740.57400655683,17.81087522296112,249.50852638808217,1946
6.0,6.0,veh2911,1270.3717910083938,1304.9310520225526,25.992532140597472,47.899667054046716,1946
6.0,6.0,veh2912,1108.555001715778,1154.397114592471,23.117563866063172,47.90272549266866,1946
6.0,6.0,veh2913,3891.0439125189723,2748.443083347534,18.479228577009508,249.50827181178877,1946
6.0,6.0,veh2914,3205.5519243608132,2483.9939470043264,31.575303501243248,249.55269624815674,1946
6.0,6.0,veh2916,1038.7091760462654,1095.6133303695317,22.32246080359296,47.902171386883225,1946
6.0,6.0,veh2917,1018.7912663256179,1073.2971114613963,22.790164667677946,47.90272549266954,1946
6.0,6.0,veh2918,1014.2950772502245,1073.5551798849517,23.190647387001555,47.902171386883225,1946
6.0,6.0,veh2920,3564.2355280250467,2624.553285318073,25.855599894655786,249.55283281120185,1946
6.0,6.0,veh2921,3365.265257681979,2550.3703968080554,30.34096048460419,249.55283281120185,1946
6.0,6.0,veh2922,993.687772067292,1050.616532783358,23.29168598670554,47.9027254926706,1946
6.0,6.0,veh2924,3524.4363588022297,2609.714800512494,28.389855445574877,249.55283281120674,1946
6.0,6.0,veh2925,1096.5523831207456,1147.8746969191957,27.10111971144163,47.90217138688305,1946
6.0,6.0,veh2927,3787.5674664880994,2707.8190328247983,23.63714284541253,249.55283281120367,1946
6.0,6.0,veh2928,3919.1937209317152,2758.9632335905217,18.674131453901577,249.5082718117906,1946
6.0,6.0,veh2929,3655.905163288042,2658.730845215557,27.723779674379255,249.55283281120674,1946
6.0,6.0,veh2932,4086.665406092,2824.963687629261,18.563117860631614,249.50852638808396,1946
6.0,6.0,veh2934,3621.9396378040874,2639.2385882629997,30.75649472871803,249.55269624816162,1946
6.0,6.0,veh2938,966.7401833874843,1026.2698462644848,22.395325033733403,47.90272549266954,1946
6.0,6.0,veh2939,931.5516964466952,994.4776487955211,26.84099634432546,47.902725492669624,1946
6.0,6.0,veh2941,984.0389458447127,1046.2187500130356,25.00316402806964,47.902171386882166,1946
6.0,6.0,veh2942,4122.964016320425,2835.1162962016606,21.14595323411624,249.5082718117906,1946
6.0,6.0,veh2943,793.3037643597496,873.8894180541898,24.22551508036708,47.902171386882166,1946
6.0,6.0,veh2945,4063.2695546470964,2810.6101544964613,23.817805600720757,249.55283281120367,1946
6.0,6.0,veh2946,3981.9865649980584,2780.305089581493,26.97893869096172,249.55283281120674,1946
6.0,6.0,veh2947,727.8328441549966,810.4211421572423,23.899678558142952,47.902725492671465,1946
6.0,6.0,veh2948,4151.373215594664,2845.733386032818,21.446928484742962,249.5082718117906,1946
6.0,6.0,veh2949,4054.0211056971325,2800.334437904862,24.61897852091925,249.55269624816344,1946
6.0,6.0,veh2950,4065.5991477915304,2808.062557153262,24.876036189839855,249.55291399453503,1946
6.0,6.0,veh2951,4194.045734533112,2861.6809656360947,22.782551023948848,249.5082718117857,1946
6.0,6.0,veh2952,4101.13878603882,2821.312886486376,25.366690895168706,249.55291399453503,1946
6.0,6.0,veh2953,4087.0131300462754,2812.635076994631,25.196678354646508,249.55269624815674,1946
6.0,6.0,veh2954,4130.054796208313,2835.5099655099766,25.19794531968002,249.5528328112104,1946
6.0,6.0,veh2957,4270.86907585844,2893.8033754798134,22.5496484520628,249.50852638808396,1946
6.0,6.0,veh2960,557.3090723108041,656.3558242381905,22.261560351325112,47.902725492671465,1946
6.0,6.0,veh2962,686.2712443181057,781.4977331746884,29.87728781933185,47.90278468712674,1946
6.0,6.0,veh2963,4397.911007335649,2935.375877198763,21.36406583374797,249.55283281120185,1946
6.0,6.0,veh2964,4368.965071189961,2930.4633275131987,21.780463608920723,249.50852638808396,1946
6.0,6.0,veh2965,515.9692629781482,619.0060119588327,22.987707263149733,47.902725492671465,1946
6.0,6.0,veh2966,4216.848090415469,2861.042321479994,28.61254154399449,249.55269624816162,1946
6.0,6.0,veh2968,521.8837771881364,628.6613237644638,25.444157017569292,47.902171386882166,1946
6.0,6.0,veh2969,611.0204918627173,709.1963900971937,37.07089896560925,47.90217138688129,1946
6.0,6.0,veh2970,489.57243212390887,595.1569257368268,24.431771801444388,47.90272549267094,1946
6.0,6.0,veh2971,4338.496774730111,2909.807639812825,27.725881920123392,249.55291399453867,1946
6.0,6.0,veh2972,492.73323759993235,602.3237966529742,26.673442171025627,47.9021713868827,1946
6.0,6.0,veh2973,4517.192367976671,2985.85810251777,20.707755609492835,249.50852638808396,1946
6.0,6.0,veh2975,4406.222398028822,2935.0579478422483,27.287286745674553,249.55291399454356,1946
6.0,6.0,veh2976,517.8105272316675,629.2966661349228,32.107168581247855,47.90278468712568,1946
6.0,6.0,veh2977,4572.215450554855,3003.0106035350054,20.235622024705133,249.5082718117857,1946
6.0,6.0,veh2978,4512.15181422199,2974.551868429102,24.05610034016543,249.55291399453867,1946
6.0,6.0,veh2979,4600.268672666533,3013.4946575323734,21.117212977230956,249.5082718117857,1946
6.0,6.0,veh2980,379.1567881872356,495.39827565322696,25.537030746969048,47.90272549267103,1946
6.0,6.0,veh2981,4539.9948909019595,2988.349584655141,23.77011053930153,249.55283281120674,1946
6.0,6.0,veh2983,4631.11592052864,3025.0228952146285,20.52607723248978,249.5082718117906,1946
6.0,6.0,veh2984,351.1314054559846,474.38647042121715,28.02928777859403,47.902171386882166,1946
6.0,6.0,veh2986,4563.255703213203,2990.1958095436703,29.705609049714493,249.55269624816162,1946
6.0,6.0,veh2988,4695.292989959462,3049.00715836369,22.293567159268427,249.5082718117906,1946
6.0,6.0,veh2989,283.4650017559368,413.2498408025954,26.382326814100534,47.902171386882166,1946
6.0,6.0,veh2990,255.87824307753937,384.0182138617404,25.133996487047675,47.902725492670506,1946
6.0,6.0,veh2991,4682.077288806059,3037.90559433531,28.435041104514248,249.55291399453503,1946
6.0,6.0,veh2993,4760.275271977724,3076.7018476747244,21.499320583243655,249.50852638808396,1946
6.0,6.0,veh2994,4721.256840779374,3055.930208613082,29.52357813747601,249.55283281120674,1946
6.0,6.0,veh2995,4759.61963103611,3070.233162454587,23.81538168294727,249.5528328112104,1946
6.0,6.0,veh2996,4777.278876584233,3069.991513639427,25.444879608209753,249.55269624815674,1946
6.0,6.0,veh2997,153.4518216012779,291.4776899371961,23.09416986172759,47.902725492670506,1946
6.0,6.0,veh2998,137.69220209114252,281.54404332765455,28.17308986132028,47.902171386882166,1946
6.0,6.0,veh3000,4822.92181608863,3093.8343714598054,25.372857954424067,249.55283281120674,1946
6.0,6.0,veh3002,107.18261504909765,249.75403307556735,26.310182172191848,48.39067652278661,1946
6.0,6.0,veh3004,4895.420674185314,3123.7989038337605,24.97832970907891,249.5082718117857,1946
6.0,6.0,veh3005,4920.139923043162,3133.036984891557,22.64783060602295,249.5082718117906,1946
6.0,6.0,veh3006,63.39287787214562,223.69280047858973,28.289081866333056,48.387526255389666,1946
7.0,7.0,veh2567,111.73185324455744,291.10662908226163,22.70291561866365,227.83661768878957,1947
7.0,7.0,veh2576,4924.95251872906,3106.5612161719146,18.991004911808986,69.51704550530434,1947
7.0,7.0,veh2581,204.2057356780649,374.84919656119973,25.55710128443181,227.8366176887905,1947
7.0,7.0,veh2594,4383.80109890267,2904.4164683876734,17.89956540773359,69.51704550529945,1947
7.0,7.0,veh2596,4879.188415873877,3089.466235561495,19.774917254278147,69.51704550530069,1947
7.0,7.0,veh2600,4605.190375561167,2987.115465105865,18.661298562334142,69.51704550530069,1947
7.0,7.0,veh2604,4243.116348517088,2851.864294741144,16.91900996613551,69.51704550529945,1947
7.0,7.0,veh2618,326.80089723137223,485.86901446871695,26.044015967060282,227.8366176887904,1947
7.0,7.0,veh2620,92.59462330130265,264.90296518534984,27.108969423295466,227.24433579658984,1947
7.0,7.0,veh2628,457.99761784632466,604.6782386516961,22.005141514630512,227.83661768879088,1947
7.0,7.0,veh2636,759.4944156038752,877.707933809676,23.96772803768658,227.8366176887904,1947
7.0,7.0,veh2646,625.0492084989608,755.9569428063662,25.729323667785376,227.8366176887914,1947
7.0,7.0,veh2648,856.9819180640088,965.9907390546168,22.38325133920978,227.8366176887914,1947
7.0,7.0,veh2659,4632.720039504542,2997.3990507540443,21.972946191296924,69.51704550530069,1947
7.0,7.0,veh2662,47.741887778780026,232.1556598099335,26.422367154403563,227.24328187508158,1947
7.0,7.0,veh2664,518.1680593151311,659.1674319497297,26.819985570782055,227.8366176887913,1947
7.0,7.0,veh2667,4060.13333523329,2783.5117898527333,20.140782054562298,69.51704550529763,1947
7.0,7.0,veh2668,832.5378873588744,943.8546954830294,21.827493651802243,227.8366176887904,1947
7.0,7.0,veh2669,4557.66270672891,2972.781580891346,21.892192966844153,69.51723463154048,1947
7.0,7.0,veh2673,4264.328231951803,2863.208873217842,21.435532819905674,69.51723463154048,1947
7.0,7.0,veh2675,4541.431280988235,2968.4353065112255,25.248511931235402,69.53524790941361,1947
7.0,7.0,veh2676,226.19172545251342,390.43309551378763,26.692196014858425,227.83665224689295,1947
7.0,7.0,veh2678,466.016793537431,607.6137964055323,29.02001166120837,227.8366522468939,1947
7.0,7.0,veh2679,4584.638363794482,2984.559483422717,25.563338810875088,69.53524790941849,1947
7.0,7.0,veh2681,4644.86508677736,3007.035111794345,26.790346069253097,69.53524790941485,1947
7.0,7.0,veh2682,142.12470915748213,318.6298142258704,23.94400350337784,227.83661768878957,1947
7.0,7.0,veh2685,64.78032861066032,243.54324500502983,27.652928990432226,227.24398437946172,1947
7.0,7.0,veh2690,4525.225550489753,2960.6649449553424,21.979995841967682,69.51723463154048,1947
7.0,7.0,veh2693,4341.624551834425,2893.870701827551,25.678197258949194,69.53524790941485,1947
7.0,7.0,veh2696,4775.302586076525,3055.712254012524,27.47842260782274,69.53524790941485,1947
7.0,7.0,veh2697,4589.093629315328,2989.640081365184,26.44016149062987,69.5352479094157,1947
7.0,7.0,veh2698,3421.0974981877825,2544.80274581826,17.868086401707277,69.51704550529763,1947
7.0,7.0,veh2700,3892.964350837192,2726.4380499527297,23.61475388167049,69.53524790941485,1947
7.0,7.0,veh2701,1477.7221337033134,1532.9820075039302,24.257271218965546,226.42748622308224,1947
7.0,7.0,veh2702,4425.316208855738,2925.1030599545493,26.653042609417565,69.53524790940997,1947
7.0,7.0,veh2704,154.15142699980743,325.194867352963,28.509376566971298,227.83665224689372,1947
7.0,7.0,veh2705,517.4825377396298,654.2201269572288,26.602890243381452,227.836652246894,1947
7.0,7.0,veh2706,4081.3619999082607,2796.7449724763646,24.71486052981982,69.53524790941485,1947
7.0,7.0,veh2708,3830.7143991855473,2703.207385719647,24.148451805078583,69.53524790940997,1947
7.0,7.0,veh2712,1188.3063810904619,1266.0638968366934,22.507371278296528,227.8321807756659,1947
7.0,7.0,veh2713,747.6088252842976,858.3078203508794,29.64949225302439,227.83635535128033,1947
7.0,7.0,veh2714,4312.553939956768,2886.439990438847,26.564353971376704,69.5352479094157,1947
7.0,7.0,veh2715,3541.007854135848,2589.5947352167477,20.408967378383164,69.51704550530069,1947
7.0,7.0,veh2717,3834.4872013633367,2699.2226627277146,23.469526007825692,69.51704550530434,1947
7.0,7.0,veh2718,1110.9356623405436,1191.6648682035784,27.92742342207548,227.83120150731506,1947
7.0,7.0,veh2719,506.57039683194944,635.7095405861593,35.53095624357368,227.83638990725257,1947
7.0,7.0,veh2720,3737.362483032001,2662.942148676764,22.70350216289696,69.51704550529763,1947
7.0,7.0,veh2721,870.7688674667032,974.1490373012891,25.659991587723173,227.83665224689284,1947
7.0,7.0,veh2724,4425.782054807515,2928.694871736786,28.503683539642164,69.5352479094157,1947
7.0,7.0,veh2725,1164.229565290562,1239.9359707348983,27.986230688760372,227.83120150731492,1947
7.0,7.0,veh2726,1377.5912920359324,1437.7202499304972,27.025609094284164,226.42748622308594,1947
7.0,7.0,veh2728,4095.1875212585846,2805.322396700253,26.551400454199445,69.5352479094157,1947
7.0,7.0,veh2729,716.7502056920537,834.6728716871801,26.569973224038637,227.83665224689295,1947
7.0,7.0,veh2730,3868.509383163475,2715.3539610296243,25.044922095606182,69.51723463153924,1947
7.0,7.0,veh2731,2864.1381840505023,2336.753028202285,17.105787941132842,69.51704550529763,1947
7.0,7.0,veh2732,1257.8602707078412,1320.422401551956,28.325093472871632,227.83244033852205,1947
7.0,7.0,veh2733,1740.3538975604947,1776.9062844307023,25.037310503845642,227.82200476001154,1947
7.0,7.0,veh2734,1507.7848559330585,1561.582863237877,24.385763266196175,226.42748622308224,1947
7.0,7.0,veh2735,963.0031869957161,1062.0019046980046,25.56782390951971,227.8321807756659,1947
7.0,7.0,veh2736,4836.687725648875,3082.0381502055525,34.44773345528058,69.53524790941083,1947
7.0,7.0,veh2737,3232.67968834183,2474.4200964267307,19.618164089897736,69.51704550529763,1947
7.0,7.0,veh2739,3786.5265603965017,2684.7299442647345,25.0934875750089,69.51723463154048,1947
7.0,7.0,veh2740,4051.474224779599,2789.009309122173,27.12970103234958,69.53524790941388,1947
7.0,7.0,veh2742,3196.039061855683,2466.3569261235184,22.76842848264983,69.53524790941667,1947
7.0,7.0,veh2744,626.519999253644,752.9622330438422,28.88129025485668,227.83665224689372,1947
7.0,7.0,veh2745,3599.351486462715,2616.866529239476,25.13226102227601,69.53524790940997,1947
7.0,7.0,veh2747,1285.3429329085952,1353.9520075838068,24.45915671123551,227.8321807756659,1947
7.0,7.0,veh2748,1456.961298437618,1504.3964367498038,29.401056462309796,226.42608803381708,1947
7.0,7.0,veh2752,3287.5270057703992,2498.3327184705245,23.675683120904278,69.5172346315423,1947
7.0,7.0,veh2753,1239.1348501753416,1307.7816432539848,25.07473488966217,227.83120150731506,1947
7.0,7.0,veh2754,3136.876490385354,2438.633230536129,22.22659223800463,69.51704550530252,1947
7.0,7.0,veh2755,1867.5550119648394,1895.370529809028,19.992459035687578,228.42154623224533,1947
7.0,7.0,veh2756,3285.5616559344717,2499.765294630484,25.352250861231635,69.53524790941485,1947
7.0,7.0,veh2758,3224.3280496874913,2474.725262356118,22.448024503401996,69.51723463154048,1947
7.0,7.0,veh2759,2988.573779863931,2383.235401175005,20.462687090521534,69.51704550530252,1947
7.0,7.0,veh2761,818.5476571210884,926.8585719848775,29.249955487278992,227.8366522468939,1947
7.0,7.0,veh2762,940.1477439694953,1036.9771359078243,28.94313100404283,227.83665224689295,1947
7.0,7.0,veh2764,1657.1899101498072,1702.8170109646571,28.23495283711803,238.49664323658305,1947
7.0,7.0,veh2765,3706.4851287433476,2656.847053012668,27.76772329766154,69.53524790941485,1947
7.0,7.0,veh2766,3403.6539919738148,2543.8354237509443,25.935153552845204,69.53524790941667,1947
7.0,7.0,veh2769,1073.7843026703608,1158.014919662575,28.615070287300252,227.83120150731685,1947
7.0,7.0,veh2770,3299.65604175513,2508.443054679041,26.674250291030294,69.53524790941388,1947
7.0,7.0,veh2771,2428.792377163586,2160.0055927097164,17.25787293006358,64.17996453827192,1947
7.0,7.0,veh2772,3670.861342005073,2646.9708039037164,29.40609642797246,69.53524790940901,1947
7.0,7.0,veh2776,1091.9877804254509,1170.1894554110422,29.602737049628335,227.8324403385203,1947
7.0,7.0,veh2777,2880.893369644795,2346.4380304177107,20.958857198070064,69.5172346315423,1947
7.0,7.0,veh2780,1522.0132470886542,1570.700678944796,26.01762863610225,226.42844698292348,1947
7.0,7.0,veh2783,3049.3349051315636,2405.932453963396,22.671597843839507,69.51704550530069,1947
7.0,7.0,veh2785,2448.8302608499116,2217.19685767032,17.949334793942967,255.24031491675748,1947
7.0,7.0,veh2786,2847.396312802161,2336.249152130614,25.1865923379405,69.53524790941485,1947
7.0,7.0,veh2787,2673.8119383197163,2269.084445720804,21.45454962273473,69.5172346315423,1947
7.0,7.0,veh2789,2539.106210906301,2211.8142020222804,19.543163376916443,67.93728067657476,1947
7.0,7.0,veh2790,2658.4596455400574,2259.922709055818,20.853453284832877,69.51704550530252,1947
7.0,7.0,veh2791,2217.3026193335427,2157.5997181155217,20.53572593922917,247.67360158778092,1947
7.0,7.0,veh2792,1431.2867191141252,1484.3888277438339,27.456137723699985,226.42844698292348,1947
7.0,7.0,veh2793,2789.359768376114,2314.5908625892075,25.848044492890224,69.5352479094118,1947
7.0,7.0,veh2794,3695.554271373283,2659.601243814527,32.624471952674355,69.53554701314485,1947
7.0,7.0,veh2795,3585.889581887817,2615.2607322296944,32.21943442530051,69.53524790941388,1947
7.0,7.0,veh2799,2158.052600669965,2132.361916670164,21.381481541705337,241.19587394105073,1947
7.0,7.0,veh2800,2194.698543652682,2144.861484261826,22.143403516124547,247.67144667806292,1947
7.0,7.0,veh2801,2225.8259252369166,2157.645879123202,21.608375928147858,247.6714466780601,1947
7.0,7.0,veh2802,2086.837075710053,2047.0239815914751,22.49341526160174,239.19064547832204,1947
7.0,7.0,veh2803,2393.56570173211,2202.636923800789,20.222057656520306,255.24031491675237,1947
7.0,7.0,veh2806,2579.09146897761,2235.948318549985,24.383193303634076,69.40478044079691,1947
7.0,7.0,veh2807,2845.684280890202,2361.208793031846,17.429998929387136,249.51597948853293,1947
7.0,7.0,veh2810,2613.1157751221517,2248.7339746821435,26.20752920530912,69.40478044079691,1947
7.0,7.0,veh2811,1929.570927681588,1935.464534786832,24.772399976327684,231.71108177817413,1947
7.0,7.0,veh2813,1522.3186344259668,1566.5786659858857,30.11944212901671,226.42608803381708,1947
7.0,7.0,veh2814,2425.2996542406786,2161.864572003099,21.491603703595597,64.17491334480505,1947
7.0,7.0,veh2816,1853.2647975202458,1874.6705727938552,26.667855228247458,231.40973507016426,1947
7.0,7.0,veh2818,2579.5041950767186,2262.649187332543,20.76319515744762,250.29797470206094,1947
7.0,7.0,veh2821,1908.0839637227407,1914.3270554340195,27.691711248702514,231.41040469158855,1947
7.0,7.0,veh2822,2030.146752593578,2010.1752813412577,25.822094887049964,236.39372880113112,1947
7.0,7.0,veh2823,2391.61749869199,2165.4993369419644,25.08455119436904,69.40478044079995,1947
7.0,7.0,veh2824,2120.345809200307,2067.006611472137,23.372031624852898,239.19064547832204,1947
7.0,7.0,veh2825,2352.0365131993826,2191.159125594291,24.954600535294578,260.72184418710276,1947
7.0,7.0,veh2826,1702.0020680694288,1737.8436958683565,30.347221279894757,227.8229654179589,1947
7.0,7.0,veh2828,2268.3693095520744,2114.9407056872337,24.676691558496056,66.55132982552847,1947
7.0,7.0,veh2830,2216.899037061016,2052.0290137932298,21.80979716358316,62.414717097202065,1947
7.0,7.0,veh2831,2583.265514199333,2255.6024519679504,21.608059292865985,249.73707028904823,1947
7.0,7.0,veh2832,2597.250671824174,2264.1752200375095,22.082149174690315,249.73707028903914,1947
7.0,7.0,veh2833,2235.5926115956618,2100.7238935999635,26.0022677513586,66.55132982553054,1947
7.0,7.0,veh2834,2510.675863608683,2210.2390976005695,29.03180486344213,69.40478044079691,1947
7.0,7.0,veh2835,2533.8927390371828,2222.38443309718,28.75951136634114,69.40479072891247,1947
7.0,7.0,veh2839,2248.4998231404634,2068.539171431299,22.752971642032463,62.414717097202065,1947
7.0,7.0,veh2841,2264.9380530643966,2116.940168964421,26.760977022504335,66.54958202659039,1947
7.0,7.0,veh2842,1885.350371742497,1836.047825614201,17.912726256298093,50.43828675493373,1947
7.0,7.0,veh2843,2153.6718005726166,2083.1557360216725,24.751467415748426,239.19105543371586,1947
7.0,7.0,veh2845,2504.4596681842318,2214.74701853862,32.17363748196618,69.40418165002312,1947
7.0,7.0,veh2847,1999.5278321627704,1922.566874721587,20.840176965968713,53.365976334430265,1947
7.0,7.0,veh2848,1590.4921890829692,1604.7900259634216,20.15425790296574,46.66812107751967,1947
7.0,7.0,veh2849,2125.928257453953,2066.611394329449,29.421611803195912,239.19105543372035,1947
7.0,7.0,veh2850,2611.2700565674463,2270.6209349068617,24.27976731743583,250.29906305091922,1947
7.0,7.0,veh2851,2792.642322481031,2337.974329468772,22.692374751120582,249.5155989129844,1947
7.0,7.0,veh2852,2656.893856040485,2287.2621774893064,24.46360183523599,249.5155989129844,1947
7.0,7.0,veh2853,2034.9634750790522,1989.3521275960338,26.518059631204583,57.108984983229924,1947
7.0,7.0,veh2854,1813.932722219176,1815.5845765311035,23.323460982229413,46.66812107752146,1947
7.0,7.0,veh2856,2125.4490269110743,2062.59842551241,31.391496688462734,239.18878778138225,1947
7.0,7.0,veh2857,2736.20113042086,2315.8338806853135,24.11131270648932,249.55283281120856,1947
7.0,7.0,veh2858,2047.471194690691,2001.250645980969,28.05060158343116,57.10866705774367,1947
7.0,7.0,veh2860,1361.6361542431973,1374.4693655950741,18.072978182104926,47.89906525851306,1947
7.0,7.0,veh2861,1970.8657780252474,1942.6870269844228,27.667968555079344,51.29087556911964,1947
7.0,7.0,veh2863,1661.986606319897,1649.2918189035095,18.74467909683167,49.90742684512333,1947
7.0,7.0,veh2866,1749.000382902063,1754.3271892005992,25.717937172262534,46.66812107751967,1947
7.0,7.0,veh2869,2335.041208911737,2163.967825232358,30.849638661101523,249.7479747287238,1947
7.0,7.0,veh2870,3147.537836311942,2473.997559552232,21.689065683710815,249.50852638807908,1947
7.0,7.0,veh2873,1644.2824848252967,1638.5719420591013,18.733893897616742,49.90713898144543,1947
7.0,7.0,veh2874,1490.7256802907964,1515.0658302880067,22.458165453503163,46.6685537639581,1947
7.0,7.0,veh2875,1478.6033524708428,1499.425979517222,22.229930748081088,60.94915591057041,1947
7.0,7.0,veh2876,1723.5636026764312,1734.7225862165524,26.55296764398214,46.66855376395631,1947
7.0,7.0,veh2878,2828.210435202735,2350.1380809397,26.974749266529535,249.55283281120367,1947
7.0,7.0,veh2880,1796.0068691863862,1803.0647735518637,28.440999441029053,46.66855376395631,1947
7.0,7.0,veh2881,3091.196631705509,2448.1882854310597,24.37998306912458,249.55283281120367,1947
7.0,7.0,veh2882,1599.2751422811616,1617.4702085537683,25.841746739231695,46.6685537639581,1947
7.0,7.0,veh2883,3077.957620489835,2439.837776452094,24.076976871750556,249.55291399453682,1947
7.0,7.0,veh2884,1476.0744173010694,1505.6394576946166,24.568564154567518,55.00281127809749,1947
7.0,7.0,veh2885,3285.300261751486,2525.481454399809,21.450799004875336,249.50852638808217,1947
7.0,7.0,veh2886,1293.309999203349,1321.3529294865166,17.97785207981551,47.895922257156144,1947
7.0,7.0,veh2887,3090.1805299836883,2440.9792514373557,24.720955040494264,249.55269624816162,1947
7.0,7.0,veh2888,1416.3723123580462,1440.171738111761,23.309150499872867,45.392886095201064,1947
7.0,7.0,veh2891,2834.6291639746896,2349.117039158438,29.122178668959407,249.55291399453867,1947
7.0,7.0,veh2894,1343.3365338215344,1362.2419125109054,22.489120186482644,47.894994483268256,1947
7.0,7.0,veh2895,3658.233413866299,2664.852194479297,18.905095063482516,249.50852638808396,1947
7.0,7.0,veh2896,1554.059910066836,1579.2114047595783,27.96668300999133,46.66805465855454,1947
7.0,7.0,veh2898,2780.9871185542465,2325.7005852155,32.56742833336884,249.55269624816162,1947
7.0,7.0,veh2900,1271.7249093808073,1301.8465135669255,17.479970355557885,47.895922257156144,1947
7.0,7.0,veh2902,1317.8727337654368,1339.2295624244994,20.114798891168086,47.89499448326632,1947
7.0,7.0,veh2903,3909.9361382851293,2758.917296450912,16.545175747152857,249.50852638808033,1947
7.0,7.0,veh2904,1403.9402320268612,1432.4009861186642,26.91994568970839,45.38967900010023,1947
7.0,7.0,veh2908,3721.0154758568806,2688.314797344515,20.047501248905412,249.50852638808396,1947
7.0,7.0,veh2909,3843.2583747854255,2733.998811212738,18.781196329638995,249.50852638808217,1947
7.0,7.0,veh2911,1290.5813053462134,1323.1919628200037,27.237410702671628,47.899667054048464,1947
7.0,7.0,veh2912,1126.3033588864478,1170.432452425243,23.918828829408774,47.9027254926706,1947
7.0,7.0,veh2913,3873.806273922495,2742.0010306979975,18.403449771125906,249.5082718117906,1947
7.0,7.0,veh2914,3176.1229377964714,2473.021739337565,31.417163644850728,249.55269624815674,1947
7.0,7.0,veh2916,1054.9579587125158,1110.2941136430682,21.898462346562567,47.90217138688305,1947
7.0,7.0,veh2917,1035.3415626642134,1088.2500217769739,22.304244916427756,47.90272549267234,1947
7.0,7.0,veh2918,1030.4197788371184,1088.1238558411715,21.731238444316286,47.90217138688129,1947
7.0,7.0,veh2920,3539.0760001551157,2615.1729570523394,26.843301566761834,249.55283281120856,1947
7.0,7.0,veh2921,3336.9754806329624,2539.8230051138994,30.183039225103172,249.55283281120856,1947
7.0,7.0,veh2922,1010.4132679065344,1065.7277328580378,22.5403550435045,47.90272549267253,1947
7.0,7.0,veh2924,3498.0722568712026,2599.8853660404798,28.128490420410316,249.55283281120185,1947
7.0,7.0,veh2925,1116.5860935429032,1165.9751643150316,26.999404346319555,47.90217138688129,1947
7.0,7.0,veh2927,3765.0336780945804,2699.417669599918,24.041837367375194,249.55283281120367,1947
7.0,7.0,veh2928,3901.7175256180617,2752.432027492074,18.658140489785634,249.50827181178877,1947
7.0,7.0,veh2929,3630.5768153673184,2649.28757508929,27.02341971354755,249.55283281120674,1947
7.0,7.0,veh2932,4069.1429117834027,2818.4152673936796,18.704716690118953,249.50852638808217,1947
7.0,7.0,veh2934,3592.7492905462263,2628.3553540993667,31.162402233770198,249.55269624815674,1947
7.0,7.0,veh2938,983.9377171331149,1041.8075245323867,23.17650371773479,47.902725492671465,1947
7.0,7.0,veh2939,949.647760428043,1010.8271337982173,24.38742091415481,47.902725492671465,1947
7.0,7.0,veh2941,1001.770799364759,1062.2394885454419,23.897194923409508,47.902171386882166,1947
7.0,7.0,veh2942,4103.027569276811,2827.6656444908217,21.28478327982004,249.50827181178695,1947
7.0,7.0,veh2943,812.0748257147927,890.8490813857715,25.297733912228473,47.90217138688226,1947
7.0,7.0,veh2945,4040.6788631227573,2802.187575847778,24.102548677563036,249.55283281120367,1947
7.0,7.0,veh2946,3957.7587593879443,2771.272139084323,25.849224820726,249.55283281120674,1947
7.0,7.0,veh2947,745.145319080337,826.0626678195721,23.331405851858765,47.9027254926706,1947
7.0,7.0,veh2948,4131.381815108032,2838.2621971137523,21.34345331879622,249.5082718117857,1947
7.0,7.0,veh2949,4030.3160303295363,2791.4963146782657,25.306553809082747,249.55269624815674,1947
7.0,7.0,veh2950,4042.531243129858,2799.462094434277,24.61897852091925,249.55291399453682,1947
7.0,7.0,veh2951,4173.242481488043,2853.906371068057,22.210212863448916,249.5082718117906,1947
7.0,7.0,veh2952,4077.5295784682494,2812.5106084939216,25.196678354646508,249.55291399453682,1947
7.0,7.0,veh2953,4063.7652703715667,2803.967420580404,24.818449327026183,249.55269624816162,1947
7.0,7.0,veh2954,4105.619767201218,2826.3997550777995,26.070316415355062,249.55283281120185,1947
7.0,7.0,veh2957,4249.983689970295,2885.9981919728766,22.294498666773258,249.50852638808396,1947
7.0,7.0,veh2960,574.3114226946263,671.7171576694502,22.91346205272051,47.902725492669624,1947
7.0,7.0,veh2962,708.0901558650496,801.2107064810242,29.405408287586052,47.90278468712665,1947
7.0,7.0,veh2963,4378.302502498849,2928.065159242516,20.920782429966728,249.55283281120185,1947
7.0,7.0,veh2964,4348.289001899848,2922.736368773926,22.071059720481895,249.50852638808033,1947
7.0,7.0,veh2965,533.2734713030666,634.6400688887484,23.320265248895105,47.902725492671465,1947
7.0,7.0,veh2966,4189.36773143946,2850.7966337875987,29.33688977297807,249.55269624815674,1947
7.0,7.0,veh2968,540.8440016200943,645.791896030738,25.55266873425548,47.9021713868812,1947
7.0,7.0,veh2969,638.4573269745251,733.9855843563323,36.97658544308785,47.90217138688226,1947
7.0,7.0,veh2970,507.2011352158513,611.084158151333,23.757575289134532,47.90272549267103,1947
7.0,7.0,veh2971,4312.59464494578,2900.150486082578,27.64377546028412,249.55291399454356,1947
7.0,7.0,veh2972,511.8456792559205,619.5918972573638,25.757811680492903,47.9021713868827,1947
7.0,7.0,veh2973,4498.306075074703,2978.800010191628,20.16052919387172,249.50852638808396,1947
7.0,7.0,veh2975,4380.22272534606,2925.364426957127,27.747877092251198,249.55291399454356,1947
7.0,7.0,veh2976,541.643275834174,650.8291030764724,32.11946213560138,47.90278468712761,1947
7.0,7.0,veh2977,4552.566430736821,2995.6673691661495,20.977916856139398,249.50827181178695,1947
7.0,7.0,veh2978,4489.6959463297935,2966.17959286,23.9657887187798,249.55291399453867,1947
7.0,7.0,veh2979,4581.820473012518,3006.600193839149,19.695883157091252,249.5082718117857,1947
7.0,7.0,veh2980,398.6365089755681,512.9978709693039,26.252125912294375,47.902725492670506,1947
7.0,7.0,veh2981,4517.447734195286,2979.9432372681413,24.05610034016543,249.55283281120552,1947
7.0,7.0,veh2983,4611.112921128082,3017.547371547867,21.355836687240235,249.5082718117906,1947
7.0,7.0,veh2984,371.4215258248027,492.7186043322264,27.344967683435847,47.9021713868827,1947
7.0,7.0,veh2986,4535.414467604554,2979.815573780898,29.722146676011704,249.55269624815674,1947
7.0,7.0,veh2988,4675.477449797151,3041.6016919890376,21.15569925798045,249.5082718117857,1947
7.0,7.0,veh2989,302.8730220748604,430.7849968769218,26.156162643373403,47.902171386882166,1947
7.0,7.0,veh2990,274.56797994896715,400.90407218975633,25.18749272372775,47.90272549267054,1947
7.0,7.0,veh2991,4656.112512171745,3028.2250838283794,27.71063465173459,249.55291399453503,1947
7.0,7.0,veh2993,4740.480591028399,3069.3042770433653,21.130205129913787,249.50852638808396,1947
7.0,7.0,veh2994,4693.770793810753,3045.6824748469335,29.325520394150328,249.55283281120552,1947
7.0,7.0,veh2995,4737.282523623099,3061.9051285930523,23.831993728833265,249.55283281120185,1947
7.0,7.0,veh2996,4753.332800739943,3061.0635365786766,25.56383590740575,249.55269624815674,1947
7.0,7.0,veh2997,170.7347058514927,307.0924809295066,23.2915275529001,47.90272549267098,1947
7.0,7.0,veh2998,158.72574871105869,300.5478632287101,28.346882233067333,47.90217138688195,1947
7.0,7.0,veh3000,4798.678778536261,3084.7957419761606,25.86547614394334,249.55283281120185,1947
7.0,7.0,veh3002,127.12000095695213,267.6873393304653,26.815673226203355,47.902725492670875,1947
7.0,7.0,veh3004,4872.947652197649,3115.400282988541,23.992911154310942,249.5082718117857,1947
7.0,7.0,veh3005,4897.731365356473,3124.662455653699,23.92408702167765,249.5082718117857,1947
7.0,7.0,veh3006,84.05712603917866,242.0474250533045,27.639452361587228,48.38752625538937,1947
7.0,7.0,veh3008,48.613305429214584,197.73672080292187,27.593874,48.39067652278661,1947
8.0,8.0,veh2567,94.91085570618485,275.7684630865991,22.76508882816601,227.24328187508186,1948
8.0,8.0,veh2576,4943.136003789583,3113.3535775457,19.41190653641125,69.51704550529945,1948
8.0,8.0,veh2581,185.40488749404392,357.82351042929406,25.36503868067968,227.8366176887914,1948
8.0,8.0,veh2594,4400.772975792402,2910.75623882457,18.118445767375796,69.51704550529945,1948
8.0,8.0,veh2596,4898.124575520557,3096.5397552373897,20.215429550300062,69.51704550530069,1948
8.0,8.0,veh2600,4623.160054935092,2993.8279602998555,19.183656781682966,69.51704550530434,1948
8.0,8.0,veh2604,4259.746214033416,2858.07630832426,17.75332913583845,69.51704550530069,1948
8.0,8.0,veh2618,307.27233432122785,468.18432389194413,26.3468301400835,227.8366176887905,1948
8.0,8.0,veh2620,72.81861837958425,246.6185883313429,26.933112190248913,227.24433579658972,1948
8.0,8.0,veh2628,442.3632389940017,590.5200461807208,21.0930177434557,227.8366176887914,1948
8.0,8.0,veh2636,741.4094489363919,861.3305361958683,24.39921191690632,227.8366176887904,1948
8.0,8.0,veh2646,606.3657900698448,739.0375987995599,25.2066091116371,227.8366176887914,1948
8.0,8.0,veh2648,840.9851093029088,951.5043370363244,21.581987632749343,227.8366176887904,1948
8.0,8.0,veh2659,4653.923319524722,3005.3194433370536,22.635709746900957,69.51704550530069,1948
8.0,8.0,veh2664,498.4497018145391,641.3108670460717,26.602890243381452,227.8366176887904,1948
8.0,8.0,veh2667,4078.7806658231366,2790.4774186967697,19.907088072437038,69.51704550529763,1948
8.0,8.0,veh2668,816.1294229354517,928.995506022781,22.13737011846114,227.8366176887914,1948
8.0,8.0,veh2669,4578.039472278781,2980.393155959787,21.750617092595633,69.51723463154048,1948
8.0,8.0,veh2673,4283.941860799848,2870.5353847771007,20.936027841416543,69.51723463154048,1948
8.0,8.0,veh2675,4565.075191404846,2977.2588273248493,25.244984206818476,69.53524790941485,1948
8.0,8.0,veh2676,207.03292571439124,373.0832763785477,25.847374212587827,227.8366522468947,1948
8.0,8.0,veh2678,444.416823900543,588.0533034910939,29.140786782914905,227.8366522468938,1948
8.0,8.0,veh2679,4608.258635569283,2993.374182681686,25.219744847988718,69.53524790940997,1948
8.0,8.0,veh2681,4670.1100324546005,3016.45611279194,26.954435357536237,69.53524790941485,1948
8.0,8.0,veh2682,124.466062338906,302.6384836590519,23.824045341865233,227.8366176887914,1948
8.0,8.0,veh2685,42.54444066122043,227.35005882608618,27.314585582589896,227.24328187508186,1948
8.0,8.0,veh2690,4545.675955634457,2968.3040274956,21.82922164964073,69.51723463153924,1948
8.0,8.0,veh2693,4365.677552454557,2902.846888416921,25.681776410183783,69.53524790941849,1948
8.0,8.0,veh2696,4801.220736431831,3065.3844839897624,27.673226841950253,69.53524790941849,1948
8.0,8.0,veh2697,4614.417890151516,2999.090681483376,27.030259464707665,69.53524790941206,1948
8.0,8.0,veh2698,3438.740476836758,2551.393203384285,18.834885139887934,69.51704550529581,1948
8.0,8.0,veh2700,3915.4570712718933,2734.831965485889,24.015840110081204,69.53524790941304,1948
8.0,8.0,veh2701,1460.4565728280957,1516.5560227915682,23.83164417158325,226.42748622308224,1948
8.0,8.0,veh2702,4450.414307142404,2934.4692599067866,26.79764403196586,69.53524790941485,1948
8.0,8.0,veh2704,133.0326589083396,306.07014076495193,28.491591813180243,227.8366522468931,1948
8.0,8.0,veh2705,498.163652180088,636.725337360075,26.063347978634017,227.83665224689295,1948
8.0,8.0,veh2706,4104.161796877054,2805.2534839516584,24.343710674503203,69.53524790941849,1948
8.0,8.0,veh2708,3853.249454572815,2711.6170999649703,24.061041821223842,69.53524790941485,1948
8.0,8.0,veh2712,1171.8041633745381,1251.1174801409688,22.265418220989712,227.832180775664,1948
8.0,8.0,veh2713,725.4967985590374,838.283410412731,29.831170827789492,227.83635535128212,1948
8.0,8.0,veh2714,4337.393201712776,2895.7095968295575,26.512587850827412,69.5352479094157,1948
8.0,8.0,veh2715,3560.5848647553357,2596.9076419727076,20.899574484370312,69.51704550530434,1948
8.0,8.0,veh2717,3855.7246592862266,2707.1558223169077,22.67219660576265,69.51704550529945,1948
8.0,8.0,veh2718,1089.9632336362163,1172.6690319018755,28.296601435695447,227.83120150731506,1948
8.0,8.0,veh2719,480.7241783084295,612.303515705071,34.8681364016272,227.83638990725203,1948
8.0,8.0,veh2720,3758.3686348404653,2670.788904877832,22.425264147018947,69.51704550530069,1948
8.0,8.0,veh2721,852.4430347163716,957.5535361181824,24.723608124187717,227.83665224689284,1948
8.0,8.0,veh2724,4452.149237948765,2938.5346734085097,28.143439457983856,69.5352479094157,1948
8.0,8.0,veh2725,1142.8481382320697,1220.5696830232555,28.848433728408384,227.83120150731506,1948
8.0,8.0,veh2726,1357.9697789819138,1419.7317181290507,26.621672141512544,227.8321807756659,1948
8.0,8.0,veh2728,4120.32832707444,2814.70453440416,26.834445781071242,69.5352479094157,1948
8.0,8.0,veh2729,697.1953272572608,816.9643717449748,26.381728891921608,227.8366522468938,1948
8.0,8.0,veh2730,3891.7031708177383,2724.017811797295,24.757569740898056,69.51723463154048,1948
8.0,8.0,veh2731,2880.873533344591,2343.0044447895684,17.865939079871573,69.51704550530252,1948
8.0,8.0,veh2732,1236.8450281497521,1301.3886136224887,28.353261995042377,227.8324403385203,1948
8.0,8.0,veh2733,1721.9129159243187,1760.2011444043728,24.881878611355628,227.8229654179552,1948
8.0,8.0,veh2734,1489.255315107113,1543.9543624012235,25.576315001767465,226.42748622308224,1948
8.0,8.0,veh2735,943.6071908099885,1044.436918207176,26.168210755492098,227.83661768879148,1948
8.0,8.0,veh2736,4868.479402450694,3093.902284226453,33.93336051661874,69.5352479094157,1948
8.0,8.0,veh2737,3251.0012497409625,2481.2640356133434,19.559310896525247,69.51704550530252,1948
8.0,8.0,veh2739,3809.8647616070602,2693.4477395419963,24.911720013582517,69.5172346315423,1948
8.0,8.0,veh2740,4078.041584645784,2798.923813474957,28.357101323528084,69.53524790941388,1948
8.0,8.0,veh2742,3217.7586473530773,2474.462320338044,23.19035147735754,69.53524790941485,1948
8.0,8.0,veh2744,604.7948296655973,733.2883616016236,29.30969558895867,227.8366522468939,1948
8.0,8.0,veh2745,3623.2217731529076,2625.7745299773796,25.486689802494595,69.5352479094118,1948
8.0,8.0,veh2747,1266.9105550816716,1337.2574029896382,24.869663471215276,227.8321807756659,1948
8.0,8.0,veh2748,1435.4055508050662,1483.8878829605028,29.752834704255225,226.42608803381708,1948
8.0,8.0,veh2752,3308.8472631926647,2506.296727255475,22.757721502576743,69.5172346315423,1948
8.0,8.0,veh2753,1220.6940619547456,1291.0788474428098,24.880839591582582,227.83120150731685,1948
8.0,8.0,veh2754,3157.696991790661,2446.410637840479,22.22707176186548,69.51704550530252,1948
8.0,8.0,veh2755,1852.5646636965132,1882.0715531895144,20.043905800859875,228.42154623224533,1948
8.0,8.0,veh2756,3308.9284416325754,2508.485397029868,24.949093678611728,69.53524790941485,1948
8.0,8.0,veh2758,3245.7824919020277,2482.7393947790383,22.900953362863095,69.51723463154048,1948
8.0,8.0,veh2759,3007.4164211300413,2390.273987468558,20.115593349647565,69.51704550530069,1948
8.0,8.0,veh2761,796.0958608287962,906.5266821871348,30.289996682670672,227.836652246894,1948
8.0,8.0,veh2762,919.1013534614004,1017.9179529863335,28.393946318283582,227.8366522468938,1948
8.0,8.0,veh2764,1635.8204020423887,1683.3923971551624,28.906604595208623,226.42748622308412,1948
8.0,8.0,veh2765,3732.5440390259428,2666.5718122934886,27.82351848486196,69.53524790941667,1948
8.0,8.0,veh2766,3428.6017062603496,2553.1455028529585,26.63707661137645,69.53524790941485,1948
8.0,8.0,veh2769,1052.8948871134216,1139.094272752664,28.184597719832304,227.83120150731506,1948
8.0,8.0,veh2770,3324.786299536731,2517.8212560290135,26.823187166078387,69.5352479094157,1948
8.0,8.0,veh2771,2443.9285553002514,2167.3292380252947,16.815909104129943,64.17996453827192,1948
8.0,8.0,veh2772,3698.3254219300175,2657.2199495219697,29.314229984154025,69.53524790941388,1948
8.0,8.0,veh2776,1070.64045063496,1150.8548916071995,28.801306136311318,227.83244033851838,1948
8.0,8.0,veh2777,2899.83075420537,2353.511936422565,20.21418950442344,69.51723463154048,1948
8.0,8.0,veh2780,1503.634301963668,1553.216037878141,25.367475585437436,226.42844698292348,1948
8.0,8.0,veh2783,3070.6427432015657,2413.8919037489472,22.74733142360458,69.51704550530252,1948
8.0,8.0,veh2785,2431.400687660632,2212.6048834093995,18.022953915931268,255.24031491675748,1948
8.0,8.0,veh2786,2870.3878765069317,2344.829227816584,24.548463109098055,69.53524790941304,1948
8.0,8.0,veh2787,2694.1718631700755,2276.6897300828896,21.732640951791502,69.5172346315423,1948
8.0,8.0,veh2789,2557.7509784430226,2219.3709288679643,20.11918894996425,67.93728067657476,1948
8.0,8.0,veh2790,2678.2739982679536,2267.324273919075,21.15295071066846,69.51704550529763,1948
8.0,8.0,veh2791,2198.118744251397,2149.721510095269,20.736968229480127,247.67360158777896,1948
8.0,8.0,veh2792,1411.2915012453677,1465.3665604098132,27.5983304624826,226.42844698292348,1948
8.0,8.0,veh2793,2812.5234001934587,2323.2351512816513,24.73218300601384,69.53524790941485,1948
8.0,8.0,veh2794,3725.7175563605456,2670.8575092411697,32.1845607191803,69.53554701314485,1948
8.0,8.0,veh2795,3615.061227108303,2626.14711329929,31.136827425002647,69.53524790941206,1948
8.0,8.0,veh2799,2139.5542248613338,2122.1906137036467,21.10870847142117,241.19587394105073,1948
8.0,8.0,veh2800,2174.012885482005,2136.3656324245694,22.36405323585177,247.6714466780601,1948
8.0,8.0,veh2801,2204.911790476138,2149.0561891667153,22.61106798307468,247.6714466780621,1948
8.0,8.0,veh2802,2066.9673262826323,2034.6446215573612,23.41029580562067,236.39372880112973,1948
8.0,8.0,veh2803,2373.1521631686137,2197.848134549947,20.985655244086196,260.7218441871088,1948
8.0,8.0,veh2806,2603.0236630336103,2244.9415600987827,25.57458813829986,69.40478044079691,1948
8.0,8.0,veh2807,2829.864630253027,2355.299096270843,16.8861633808894,249.5159794885299,1948
8.0,8.0,veh2810,2637.159202844885,2257.7690156259714,25.693455435095245,69.40478044079995,1948
8.0,8.0,veh2811,1909.5978213920823,1919.624965991579,25.483997710947545,231.40973507016224,1948
8.0,8.0,veh2813,1500.4343466687235,1545.7575327892714,30.206310045973254,226.42608803381708,1948
8.0,8.0,veh2814,2443.9421650567856,2170.8867860418823,20.709654537340526,64.17491334480263,1948
8.0,8.0,veh2816,1832.3063684821293,1857.9455082574718,26.805879324415105,231.40973507016426,1948
8.0,8.0,veh2818,2560.4606722932185,2255.8298595482242,20.22614147849453,250.29797470206591,1948
8.0,8.0,veh2821,1887.1610380873112,1897.6307232620213,26.768150195654627,231.41040469158855,1948
8.0,8.0,veh2822,2008.2483455481777,1995.6225593573547,26.285168131461464,236.39372880113112,1948
8.0,8.0,veh2823,2415.738768134904,2174.5636292528225,25.776639197057293,69.40478044079691,1948
8.0,8.0,veh2824,2099.7733990608817,2054.7384409162764,23.94556832394665,239.19064547832204,1948
8.0,8.0,veh2825,2327.22302646081,2187.105474606216,25.144301980858273,260.72184418710793,1948
8.0,8.0,veh2826,1679.298777759493,1717.2741851381734,30.634978252165773,227.8229654179589,1948
8.0,8.0,veh2828,2290.8937786098104,2124.710638716644,24.560150993689856,66.55132982553054,1948
8.0,8.0,veh2830,2235.8487252516798,2061.9294744473905,21.389686226491637,62.414717097202065,1948
8.0,8.0,veh2831,2562.348373955654,2247.880348353434,22.296993815383942,249.73707028904334,1948
8.0,8.0,veh2832,2576.973824764708,2256.689497221447,21.608059292865985,249.73707028904403,1948
8.0,8.0,veh2833,2258.675106362528,2110.7358689076145,25.168609094942738,66.55132982552577,1948
8.0,8.0,veh2834,2537.025643019786,2220.140819542448,28.158085063038786,69.40478044079691,1948
8.0,8.0,veh2835,2561.327073920563,2232.6937037481753,29.307459763874178,69.40479072891429,1948
8.0,8.0,veh2839,2268.3976753897746,2078.9350102078793,22.459937699848055,62.41471709720668,1948
8.0,8.0,veh2841,2289.456519988305,2127.5758823192514,26.72595089484555,66.54958202658831,1948
8.0,8.0,veh2842,1899.021498958687,1847.3421865595546,17.74101426417493,50.438286754935746,1948
8.0,8.0,veh2843,2130.5858710611847,2069.3888748646064,26.87906484325629,239.19105543372035,1948
8.0,8.0,veh2845,2533.872121535277,2225.799983100171,31.41037245267177,69.40418165002312,1948
8.0,8.0,veh2847,2016.233834337276,1934.319314955113,20.44679810306712,57.41587351269143,1948
8.0,8.0,veh2848,1605.33315340467,1618.7910416263983,20.409735854036963,46.66812107752157,1948
8.0,8.0,veh2849,2100.569442296881,2051.4891404387295,29.525397130645352,239.19105543372035,1948
8.0,8.0,veh2850,2588.688576750228,2262.535177952286,23.987265204306816,250.29906305091748,1948
8.0,8.0,veh2851,2769.891813087369,2332.895240997374,22.737855923417733,249.51597948853478,1948
8.0,8.0,veh2852,2633.3689298833556,2278.533884813101,25.09413691777833,250.1599314211419,1948
8.0,8.0,veh2853,2057.2860429540606,2003.78827927568,26.592588814604447,57.108984983227735,1948
8.0,8.0,veh2854,1831.9942707663452,1831.3936554991117,24.03040850092828,51.29087556911964,1948
8.0,8.0,veh2856,2098.396540367625,2046.46473098586,31.507460495023928,239.1887877813845,1948
8.0,8.0,veh2857,2713.7781377230563,2307.4738258666007,23.923626791732588,249.55283281120367,1948
8.0,8.0,veh2858,2071.0464949350603,2016.4971334627814,28.075848835954126,57.1086670577465,1948
8.0,8.0,veh2860,1374.837525815676,1386.3981113732905,17.792251289557242,47.89906525851499,1948
8.0,8.0,veh2861,1992.3627239252578,1959.9149496380537,27.557589229946526,51.29087556911964,1948
8.0,8.0,veh2863,1676.093964678521,1661.168192739947,18.449119102234683,49.907426845121655,1948
8.0,8.0,veh2866,1767.6667635916056,1771.9371155328943,25.67056230081951,46.66812107751967,1948
8.0,8.0,veh2869,2306.585968215046,2151.551715267578,31.046087675622726,246.4240966693255,1948
8.0,8.0,veh2870,3127.7590296781973,2466.605921391875,21.11325979266172,249.50852638808706,1948
8.0,8.0,veh2873,1658.5470262644928,1650.5807639818554,18.637983429920364,49.90713898144344,1948
8.0,8.0,veh2874,1506.8461965465847,1530.2737494635403,22.16198992888748,46.66855376395631,1948
8.0,8.0,veh2875,1495.0166764513276,1514.7181061871759,22.458165453503163,46.66812107752336,1948
8.0,8.0,veh2876,1742.4939730920255,1752.5812911534922,26.024891004955734,46.66855376395631,1948
8.0,8.0,veh2878,2803.601110252574,2340.962887047985,26.256276922473766,249.55283281120185,1948
8.0,8.0,veh2880,1816.8090161592932,1822.6892920735918,28.59815184561863,46.66855376395631,1948
8.0,8.0,veh2881,3069.4799214491113,2440.0915567440206,23.170077175699124,249.55283281120856,1948
8.0,8.0,veh2882,1618.2882992169857,1635.4070133907674,26.138703366698408,46.66855376395631,1948
8.0,8.0,veh2883,3055.1367192257394,2431.3294046075725,24.355366743918747,249.5529139945417,1948
8.0,8.0,veh2884,1493.3076772734112,1521.8974108789353,23.684115700876664,46.66805465855454,1948
8.0,8.0,veh2885,3264.6985998956316,2517.7823028402454,21.99163210287432,249.50852638808396,1948
8.0,8.0,veh2886,1311.9420836601937,1329.5658545155734,19.93439098643912,85.70427458148782,1948
8.0,8.0,veh2887,3066.6020890514365,2432.1883421819,25.17136414600751,249.55269624815674,1948
8.0,8.0,veh2888,1433.2367799075616,1456.8064926707657,23.694011459708218,45.39288609519924,1948
8.0,8.0,veh2891,2807.2451820782812,2338.9074029191856,29.225266534287822,249.55291399453682,1948
8.0,8.0,veh2894,1361.8225630885277,1378.9482554865185,24.91824856343595,47.89499448326632,1948
8.0,8.0,veh2895,3640.456200070047,2658.208581731852,18.976621806372062,249.50852638808396,1948
8.0,8.0,veh2896,1574.5551732006656,1598.5467498460491,28.16717116555935,46.66805465855275,1948
8.0,8.0,veh2898,2750.6822332414754,2314.401810307226,32.3522367658892,249.55269624815674,1948
8.0,8.0,veh2900,1285.1514491989137,1313.9800590933114,18.096410994178864,47.895922257156144,1948
8.0,8.0,veh2902,1334.3344244361822,1354.1064538505534,22.189540759866127,47.894994483270004,1948
8.0,8.0,veh2903,3895.138414703277,2753.387164105747,15.796108840590783,249.50852638808396,1948
8.0,8.0,veh2904,1423.5137306682946,1451.7100334273844,27.488588529847025,45.38967900010023,1948
8.0,8.0,veh2908,3702.2815802540918,2681.3136581861254,19.997849825552642,249.50852638808396,1948
8.0,8.0,veh2909,3825.674353954861,2727.4273975885226,18.770394335210955,249.50852638808217,1948
8.0,8.0,veh2911,1310.213480696962,1340.9430680333733,27.077161905447724,47.89906525851306,1948
8.0,8.0,veh2912,1144.0856758463876,1186.4991141606881,23.965025512020254,47.897268423378655,1948
8.0,8.0,veh2913,3856.904905637164,2735.6846490350495,18.044436919913732,249.5082718117906,1948
8.0,8.0,veh2914,3147.6752595049056,2462.4153994566504,30.369559694084813,249.55269624816162,1948
8.0,8.0,veh2916,1071.2548770730934,1125.0183875405273,21.96333475647812,47.90217138688305,1948
8.0,8.0,veh2917,1051.579945083692,1102.9211231893564,21.883889636830425,47.90272549267234,1948
8.0,8.0,veh2918,1045.1016916708863,1101.3889714366428,19.786793999871843,47.90217138688129,1948
8.0,8.0,veh2920,3514.231331080113,2605.9100188612147,26.507371193707836,249.55283281120674,1948
8.0,8.0,veh2921,3309.232618457983,2529.4795218984077,29.59952267538833,249.55283281120367,1948
8.0,8.0,veh2922,1024.8560912931157,1078.7765773249284,19.464078679231214,47.90272549266866,1948
8.0,8.0,veh2924,3471.396676950525,2589.939801973126,28.46081373151662,249.55283281120674,1948
8.0,8.0,veh2925,1136.3177132603403,1183.8026926079174,26.59227711356309,47.90217138688129,1948
8.0,8.0,veh2927,3743.313864916633,2691.319784038121,23.173387756856904,249.55283281120674,1948
8.0,8.0,veh2928,3884.0313351885206,2745.8223419902492,18.88233793688823,249.5082718117906,1948
8.0,8.0,veh2929,3605.2152973176426,2639.831938010042,27.05880971685248,249.55283281120367,1948
8.0,8.0,veh2932,4052.284388919349,2812.1149832948104,17.995947861789322,249.50852638808217,1948
8.0,8.0,veh2934,3564.6161114554643,2617.8662710779336,30.033813410867086,249.55269624816162,1948
8.0,8.0,veh2938,999.3575083459127,1055.7390427585715,20.780703422716318,47.90272549266935,1948
8.0,8.0,veh2939,968.1534938070604,1027.5467481108108,24.939517770516158,47.9027254926676,1948
8.0,8.0,veh2941,1018.0598641316793,1076.9566667171002,21.952750478965065,47.90217138688129,1948
8.0,8.0,veh2942,4082.88985045708,2820.139773464335,21.499667412665367,249.5082718117857,1948
8.0,8.0,veh2943,830.0560443350817,907.095121411086,24.23326393056927,47.902171386882166,1948
8.0,8.0,veh2945,4018.5522192534295,2793.938009958216,23.607445144253152,249.55283281120856,1948
8.0,8.0,veh2946,3933.5428262611103,2762.243615052986,25.83655778457635,249.55283281120856,1948
8.0,8.0,veh2947,762.5750380675073,841.8101214910267,23.48941149819559,47.902725492670406,1948
8.0,8.0,veh2948,4111.441343963888,2830.8100415155145,21.28907953719629,249.5082718117857,1948
8.0,8.0,veh2949,4007.182258403434,2782.8711943692897,24.69665398555217,249.55269624816162,1948
8.0,8.0,veh2950,4018.8190826075456,2790.6214322436804,25.306553809082747,249.5529139945417,1948
8.0,8.0,veh2951,4152.53963346655,2846.1692998791373,22.103017275270915,249.5082718117906,1948
8.0,8.0,veh2952,4054.274770294957,2803.8404620863957,24.818449327026183,249.5529139945417,1948
8.0,8.0,veh2953,4040.186817678966,2795.1765069402586,25.17137670086727,249.55269624816162,1948
8.0,8.0,veh2954,4082.0035764090094,2817.5948354003576,25.196678354646508,249.55283281120674,1948
8.0,8.0,veh2957,4229.047612429182,2878.1740642311624,22.34861042681307,249.50852638808396,1948
8.0,8.0,veh2960,591.4629429889651,687.2132635693172,23.11449302825416,47.90272549267137,1948
8.0,8.0,veh2962,729.8397963818973,820.8610947237441,29.31205152604018,47.90278468712761,1948
8.0,8.0,veh2963,4358.811296865888,2920.7981744216045,20.795633106082327,249.55283281120674,1948
8.0,8.0,veh2964,4328.378557503685,2915.2955355976087,21.25377900233321,249.50852638808396,1948
8.0,8.0,veh2965,550.2760271285678,650.0015879330592,22.91373891915422,47.902725492670506,1948
8.0,8.0,veh2966,4162.801082448855,2840.8916107553728,28.36145094593467,249.55269624815674,1948
8.0,8.0,veh2968,560.0784478049131,663.1702277880049,25.922237018414076,47.90217138688129,1948
8.0,8.0,veh2969,665.7149661368597,758.6128749854117,36.735083305186585,47.902171386883225,1948
8.0,8.0,veh2970,524.3874178351396,626.6116712185823,23.16134097548601,47.9027254926706,1948
8.0,8.0,veh2971,4285.730124961247,2890.1345220850203,28.670876274813818,249.55291399453867,1948
8.0,8.0,veh2972,531.1100664740907,636.997280753253,25.962588508425906,47.90217138688226,1948
8.0,8.0,veh2973,4478.631919425129,2971.447481681436,21.00154812788411,249.50852638808033,1948
8.0,8.0,veh2975,4354.020139326463,2915.5952534015864,27.96443421585636,249.55291399454356,1948
8.0,8.0,veh2976,565.1497716890018,672.0667768401124,31.6797703925097,47.90278468712665,1948
8.0,8.0,veh2977,4533.348687055866,2988.4853113741206,20.517472771421506,249.50827181178695,1948
8.0,8.0,veh2978,4467.4424667637395,2957.8827742203107,23.749791907310716,249.55291399454356,1948
8.0,8.0,veh2979,4562.35539385494,2999.3257017990304,20.78153597214271,249.5082718117857,1948
8.0,8.0,veh2980,418.2262942564502,530.6969076761784,26.40045590882155,47.902725492671465,1948
8.0,8.0,veh2981,4494.98522422067,2971.5684490637077,23.9657887187798,249.55283281120674,1948
8.0,8.0,veh2983,4592.768902039481,3010.6918422297717,19.584656680680965,249.5082718117857,1948
8.0,8.0,veh2984,392.000927144603,511.3121037272699,27.73483122846434,47.902171386882216,1948
8.0,8.0,veh2986,4508.235856830977,2969.6823889072093,29.01475592597513,249.55269624815674,1948
8.0,8.0,veh2988,4655.49760731135,3034.1348225276206,21.331113630472103,249.50827181178695,1948
8.0,8.0,veh2989,321.979139985892,448.0473839745774,25.749289177997426,47.902171386882124,1948
8.0,8.0,veh2990,293.61319030322585,418.11109474345085,25.66655167591494,47.90272549267098,1948
8.0,8.0,veh2991,4630.278865059151,3018.5934626583635,27.570688049472967,249.55291399454356,1948
8.0,8.0,veh2993,4720.45713259174,3061.8212088166797,21.374417969153992,249.50852638808396,1948
8.0,8.0,veh2994,4666.960927679193,3035.6868443098847,28.6040868991857,249.55283281120674,1948
8.0,8.0,veh2995,4713.9752134124965,3053.215370108831,24.86712628025933,249.55283281120674,1948
8.0,8.0,veh2996,4729.8049473727215,3052.29148822649,25.11735896286978,249.55269624816162,1948
8.0,8.0,veh2997,188.59185383593802,323.22610940603874,24.065442334415586,47.902725492670506,1948
8.0,8.0,veh2998,180.03990573316844,319.80521476862873,28.72506049126099,47.90217138688243,1948
8.0,8.0,veh3000,4774.753594359489,3075.8756190487156,25.526350781206233,249.55283281120185,1948
8.0,8.0,veh3002,146.4249154086405,285.1290001044072,26.016545638341043,47.902725492670506,1948
8.0,8.0,veh3004,4850.38365601667,3106.9676632553765,24.09003808894174,249.5082718117857,1948
8.0,8.0,veh3005,4876.672672591209,3116.7923981185577,22.48292841168652,249.5082718117857,1948
8.0,8.0,veh3006,104.63105603070545,260.32182623008623,27.51864734177178,48.38752625538961,1948
8.0,8.0,veh3008,68.7274430484844,215.60074181370277,26.901097686110226,48.39067652278661,1948
8.0,8.0,veh3009,48.613305429214584,197.73672080292187,25.65093101944356,48.39067652278661,1948
9.0,9.0,veh2567,77.38351200235546,259.562541555857,23.872044016539114,227.24328187508186,1949
9.0,9.0,veh2581,166.4197537995998,340.63093888730407,25.613666245479653,227.8366176887904,1949
9.0,9.0,veh2594,4417.511769626843,2917.008942104848,17.86961632299439,69.51704550529945,1949
9.0,9.0,veh2596,4916.835547792203,3103.529157153517,19.975029194548437,69.51704550530434,1949
9.0,9.0,veh2600,4640.526555035813,3000.315140512524,18.539728533759934,69.51704550529945,1949
9.0,9.0,veh2604,4276.428964680122,2864.308076916695,17.80978702631548,69.51704550529945,1949
9.0,9.0,veh2618,288.46982320660175,451.15713184209983,25.3672822123919,227.8366176887914,1949
9.0,9.0,veh2620,53.14531174672824,228.42916362885765,26.79324650217733,227.24433579658958,1949
9.0,9.0,veh2628,426.5354830934931,576.1867351781082,21.353911095669016,227.8366176887904,1949
9.0,9.0,veh2636,723.75468600982,845.3427228068698,23.81880541492396,227.8366176887904,1949
9.0,9.0,veh2646,587.3899530442941,721.8534461419256,25.601123706772217,227.83661768878957,1949
9.0,9.0,veh2648,824.7524294546337,936.8043347028481,21.900211533675613,227.8366176887914,1949
9.0,9.0,veh2659,4675.649276628692,3013.4350796603626,23.193697319991898,69.51704550529945,1949
9.0,9.0,veh2664,479.1312590286881,623.8164572082953,26.063347978634017,227.83661768879062,1949
9.0,9.0,veh2667,4096.8865559275955,2797.2407948138443,19.32906949885859,69.51704550530252,1949
9.0,9.0,veh2668,800.3157741177089,914.6749701227093,21.334878619233667,227.8366176887904,1949
9.0,9.0,veh2669,4599.002745615122,2988.223816242414,22.37666867345498,69.51723463154411,1949
9.0,9.0,veh2673,4304.279298009133,2878.132269063731,21.70863713876566,69.51723463153559,1949
9.0,9.0,veh2675,4588.4097173205555,2985.9668909008587,24.91464938903736,69.53524790941485,1949
9.0,9.0,veh2676,187.1326040622289,355.0619500889312,26.84777061847003,227.8366522468939,1949
9.0,9.0,veh2678,422.87021262117855,568.5411308193137,29.06880036136801,227.8366522468939,1949
9.0,9.0,veh2679,4632.13123547308,3002.2830466730875,25.489159657940277,69.53524790941485,1949
9.0,9.0,veh2681,4694.738229853004,3025.646953415079,26.295923280451493,69.53524790941849,1949
9.0,9.0,veh2682,107.23221128163186,287.03183995483107,23.250934979430916,227.8366176887913,1949
9.0,9.0,veh2690,4566.565544795202,2976.10716365363,22.298016529903915,69.51723463154048,1949
9.0,9.0,veh2693,4388.8227114637275,2911.4842833593657,24.712459291011008,69.53524790941485,1949
9.0,9.0,veh2696,4827.2821471283605,3075.1101763841853,27.82618821711878,69.53524790940997,1949
9.0,9.0,veh2697,4640.001015895742,3008.637885753071,27.30656311186354,69.5352479094157,1949
9.0,9.0,veh2698,3455.875912815558,2557.794070604071,18.29305441580598,69.51704550530252,1949
9.0,9.0,veh2700,3937.785801132295,2743.1646824177988,23.840744730961465,69.53524790940997,1949
9.0,9.0,veh2701,1442.7389794277992,1499.6999866374897,24.455584417111027,226.427486223084,1949
9.0,9.0,veh2702,4474.931318367884,2943.6186076679724,26.177208011700525,69.53524790940997,1949
9.0,9.0,veh2704,111.32556995354071,286.412642776237,29.285302782522162,227.83665224689372,1949
9.0,9.0,veh2705,478.91450760468405,619.2937037788329,25.969259552448246,227.8366522468949,1949
9.0,9.0,veh2706,4127.341776907212,2813.903873529848,24.749638256308938,69.53524790940997,1949
9.0,9.0,veh2708,3875.535288130355,2719.933808697963,23.794943657062174,69.53524790941485,1949
9.0,9.0,veh2712,1155.0007825215312,1235.8982934565238,22.671758951389535,227.8321807756659,1949
9.0,9.0,veh2713,702.7878777780533,817.7184597358266,30.63643615980286,227.83635535128113,1949
9.0,9.0,veh2714,4362.3888514206765,2905.03756464713,26.679511061108357,69.5352479094157,1949
9.0,9.0,veh2715,3580.5894386976615,2604.3802631392564,21.356022697334772,69.51704550530252,1949
9.0,9.0,veh2717,3877.0495379157023,2715.121637528975,22.76552319194488,69.51704550529763,1949
9.0,9.0,veh2718,1068.4969653443159,1153.2258990043856,28.96290395028391,227.83120150731685,1949
9.0,9.0,veh2719,454.6601028422958,588.7002021949056,35.16203879915549,227.83638990725308,1949
9.0,9.0,veh2720,3779.9991271073386,2678.8688807284707,23.091783166073196,69.51704550530069,1949
9.0,9.0,veh2721,833.9682566687059,940.8231531050491,24.924552071095945,227.83665224689304,1949
9.0,9.0,veh2724,4478.602228805215,2948.406497116678,28.23502771088309,69.53524790941083,1949
9.0,9.0,veh2725,1121.5126217647398,1201.2449789587208,28.786489843981656,227.83120150731506,1949
9.0,9.0,veh2726,1337.7423179902266,1401.4112677579144,27.291657780886315,227.8321807756659,1949
9.0,9.0,veh2728,4145.018555328464,2823.9185239284757,26.353514531624075,69.53524790940719,1949
9.0,9.0,veh2729,677.1873663275614,798.8455695162263,26.992988102054603,227.83665224689372,1949
9.0,9.0,veh2730,3915.849063759928,2733.037313752804,25.77386830402453,69.51723463153559,1949
9.0,9.0,veh2731,2897.0551372104337,2349.0490121922644,17.274784278561533,69.51704550530252,1949
9.0,9.0,veh2732,1215.5729811580802,1282.122234462411,28.699736386986153,227.83244033851838,1949
9.0,9.0,veh2733,1704.034033667082,1744.0026174325815,24.125100883891413,227.8229654179589,1949
9.0,9.0,veh2734,1471.9019405628712,1527.4448341541136,23.95285333059675,226.42748622308412,1949
9.0,9.0,veh2735,924.3196384619628,1026.9704821551427,26.021672350883954,227.83661768879148,1949
9.0,9.0,veh2736,4900.258448585852,3105.761704689056,33.91987897023911,69.53524790941206,1949
9.0,9.0,veh2737,3269.005479832559,2487.989437076917,19.220541641761635,69.51704550529763,1949
9.0,9.0,veh2739,3833.068949146289,2702.115475102125,24.768670811631154,69.5172346315374,1949
9.0,9.0,veh2740,4103.937864164793,2808.587881613655,27.640812859150525,69.5352479094157,1949
9.0,9.0,veh2742,3238.9449129792615,2482.36868829587,22.620917255663297,69.53524790941485,1949
9.0,9.0,veh2744,583.3917103177884,713.9061323028044,28.875213617829825,227.8366522468939,1949
9.0,9.0,veh2745,3646.742101361647,2634.551931931469,25.113033491771432,69.53524790941667,1949
9.0,9.0,veh2747,1248.5507130470264,1320.6284956366164,24.771795428333675,227.8321807756659,1949
9.0,9.0,veh2748,1414.1296101182866,1463.6455428927488,29.36662449486787,226.4260880338189,1949
9.0,9.0,veh2752,3330.3652255199395,2514.334587099967,22.9687561574958,69.51723463154048,1949
9.0,9.0,veh2753,1201.6808487114863,1273.8575760569258,25.653171825797575,227.83120150731506,1949
9.0,9.0,veh2754,3178.6313307964747,2454.2305686829736,22.348599887745767,69.51704550529763,1949
9.0,9.0,veh2755,1837.2843245878737,1868.5153056022973,20.43165857233057,228.4215462322436,1949
9.0,9.0,veh2756,3332.5846858200453,2517.3135206051325,25.25815317274018,69.53524790941485,1949
9.0,9.0,veh2758,3267.501576218946,2490.8523821072486,23.183438285281465,69.51723463154048,1949
9.0,9.0,veh2759,3026.4272393569763,2397.375395530813,20.295131839339476,69.51704550529945,1949
9.0,9.0,veh2761,774.4815548408475,886.95320656494,29.16012813183922,227.8366522468939,1949
9.0,9.0,veh2762,897.6206506600063,998.4654656908762,28.979882416759523,227.8366522468939,1949
9.0,9.0,veh2764,1615.197286801074,1663.7721265990317,28.466074614814566,226.42748622308412,1949
9.0,9.0,veh2765,3759.632860181378,2676.68091747406,28.92317092226203,69.53524790941485,1949
9.0,9.0,veh2766,3453.92815324801,2562.596918807139,27.041455620179967,69.53524790941485,1949
9.0,9.0,veh2769,1029.5481318576449,1122.2731053343077,28.528257302799243,227.832180775664,1949
9.0,9.0,veh2770,3349.9145517252337,2527.1987089244312,26.821046463841014,69.5352479094157,1949
9.0,9.0,veh2771,2459.2160419634474,2174.726094026657,16.98400903040235,64.17996453826966,1949
9.0,9.0,veh2772,3725.119641729992,2667.219114293115,28.59924394368756,69.53524790941388,1949
9.0,9.0,veh2776,1049.2326483502618,1131.4655570517407,28.88289417732536,227.8324403385203,1949
9.0,9.0,veh2777,2918.9302889581877,2360.646412313136,20.387272260581405,69.51723463153559,1949
9.0,9.0,veh2780,1485.0067843627028,1535.4949196637508,25.710566887616235,226.42844698292348,1949
9.0,9.0,veh2783,3092.1549007624926,2421.9276761873593,22.96545412385715,69.51704550530252,1949
9.0,9.0,veh2785,2414.0681653854294,2208.0384780648606,17.922598954113184,255.24031491675237,1949
9.0,9.0,veh2786,2893.319211763299,2353.3868272302834,24.484156224070727,69.53524790941485,1949
9.0,9.0,veh2787,2714.578597163263,2284.3124996196298,21.782606081910153,69.51723463153559,1949
9.0,9.0,veh2789,2576.516946295349,2226.9767782182234,20.249973742300888,67.93728067657476,1949
9.0,9.0,veh2790,2697.8141715171105,2274.623420236345,20.860248492267214,69.51704550530252,1949
9.0,9.0,veh2791,2178.9585988199906,2141.8530470886785,20.71131746750515,247.67360158778092,1949
9.0,9.0,veh2792,1390.5470337691063,1445.631501325915,28.632479647678164,226.42844698292535,1949
9.0,9.0,veh2793,2835.718502605885,2331.891184285668,24.76578466757583,69.53524790940997,1949
9.0,9.0,veh2794,3756.3188255774903,2682.277220616888,32.651894765860774,69.53554701314668,1949
9.0,9.0,veh2795,3645.2566626014795,2637.4155561607263,32.229586534034986,69.5352479094157,1949
9.0,9.0,veh2799,2121.5807370579555,2108.6531544406894,22.26354054965826,241.18994907019396,1949
9.0,9.0,veh2800,2153.9856836828717,2126.4753278884014,22.37194600244666,241.18994907019396,1949
9.0,9.0,veh2801,2184.34720114378,2140.6100617764155,22.23316110164856,247.6714466780601,1949
9.0,9.0,veh2802,2047.6866324414498,2021.8315170906408,23.143065989047,236.39372880113112,1949
9.0,9.0,veh2803,2353.308067075737,2194.606307208959,20.105624607526956,260.72184418710447,1949
9.0,9.0,veh2806,2626.5830412312525,2253.7947048783667,25.176187055364114,69.4047804408018,1949
9.0,9.0,veh2807,2813.5761389637114,2349.2142561930295,17.386611844211064,249.51597948853293,1949
9.0,9.0,veh2810,2661.009725877504,2266.6927251212023,25.473686085400992,69.53524790941304,1949
9.0,9.0,veh2811,1889.5223308165296,1903.6044963817135,25.676598984016703,231.40973507016426,1949
9.0,9.0,veh2813,1478.0128364628463,1524.4252757999482,30.947824141707127,226.42608803381708,1949
9.0,9.0,veh2814,2462.1614092926434,2179.70415633831,20.23945474823368,64.17491334480036,1949
9.0,9.0,veh2816,1811.2258556329318,1841.061977287992,26.890612754362042,230.87488327450401,1949
9.0,9.0,veh2818,2540.9123632493584,2248.829771984869,20.762275387882976,250.29797470206094,1949
9.0,9.0,veh2821,1866.1012674630206,1880.8251898516346,26.943225482886803,231.41040469158855,1949
9.0,9.0,veh2822,1987.308315703438,1981.0446467622637,25.5236888632617,231.71108177817254,1949
9.0,9.0,veh2823,2439.1973133541187,2183.378883008752,25.068434214650832,69.4047804408018,1949
9.0,9.0,veh2824,2079.4637940618118,2042.6269918268356,23.639672300990785,239.19064547832383,1949
9.0,9.0,veh2825,2303.356264005721,2182.069364135718,24.425102954878078,254.9276104971059,1949
9.0,9.0,veh2826,1656.0036895122823,1698.1803104311055,30.249803800467223,237.54784242332073,1949
9.0,9.0,veh2828,2314.033542103641,2134.747454193699,25.231053567123563,66.55132982552577,1949
9.0,9.0,veh2830,2254.5007241518956,2071.6744042517776,21.053665894568717,62.41471709719964,1949
9.0,9.0,veh2831,2541.9507367923297,2240.3500327447264,21.74322036285612,249.73707028904334,1949
9.0,9.0,veh2832,2556.05048651611,2248.9651054530227,22.296993815383942,249.73707028904403,1949
9.0,9.0,veh2833,2281.6012538283435,2120.680028958148,24.99813167718843,66.5513298255237,1949
9.0,9.0,veh2834,2563.281636176586,2230.0072984791536,28.05786254181007,69.4047804408018,1949
9.0,9.0,veh2835,2589.300056701493,2243.20538743324,29.882884743245196,69.40479072891247,1949
9.0,9.0,veh2839,2288.877620669101,2089.634969510494,23.116982139913564,62.414717097202065,1949
9.0,9.0,veh2841,2314.4892527487546,2138.4346758545275,27.28651789672756,66.54958202659039,1949
9.0,9.0,veh2842,1912.929928762051,1858.1737736708758,17.642150482419137,53.365976334428176,1949
9.0,9.0,veh2843,2106.354889816711,2054.939183578537,28.21225438479466,239.19105543371586,1949
9.0,9.0,veh2845,2564.0432212060127,2237.1380408767022,32.22055184086891,69.40418165002312,1949
9.0,9.0,veh2847,2033.8925353337545,1945.6056334466937,20.966725277571967,57.41587351269064,1949
9.0,9.0,veh2848,1620.0203907671018,1632.6470307588957,20.198325964200166,46.66812107751967,1949
9.0,9.0,veh2849,2075.500584711254,2036.475595475558,29.222029292032595,238.55903472058742,1949
9.0,9.0,veh2850,2565.4458498003733,2254.2126480472803,24.689677555690643,250.29906305091748,1949
9.0,9.0,veh2851,2749.1173899594387,2325.134605577124,22.174971567173266,249.51597948853293,1949
9.0,9.0,veh2852,2610.806067288619,2270.4547941327187,23.9674889869532,250.29906305091748,1949
9.0,9.0,veh2853,2079.4501513630385,2018.1219541748992,26.40381808502169,57.108984983227735,1949
9.0,9.0,veh2854,1850.5509067745818,1846.2651768467708,23.78831648845397,51.29087556911964,1949
9.0,9.0,veh2856,2071.34375166397,2029.8666495834775,31.75538827554317,236.39246785798983,1949
9.0,9.0,veh2857,2691.245922575197,2299.073049201246,24.040158833982627,249.55283281120185,1949
9.0,9.0,veh2858,2094.9240819830866,2031.3448764777397,28.125785422758813,60.011472049336845,1949
9.0,9.0,veh2860,1388.2697845526739,1399.2048593679094,18.476632606252604,44.187535598803,1949
9.0,9.0,veh2861,2014.6188578654298,1976.1951296375235,27.619047802971245,57.10898498323134,1949
9.0,9.0,veh2863,1690.1034023509164,1672.9621313928155,18.321061789385706,49.90742684512333,1949
9.0,9.0,veh2866,1785.6500968566725,1788.9026526273112,24.73121515280807,46.66812107752146,1949
9.0,9.0,veh2869,2278.7196606049647,2139.391178841291,30.404055190214017,246.42409666933028,1949
9.0,9.0,veh2870,3107.3552065763242,2458.9807051566513,21.780445397466845,249.50852638807908,1949
9.0,9.0,veh2873,1672.8780591661932,1662.645562757143,18.724860865249735,49.90713898144344,1949
9.0,9.0,veh2874,1522.9569557140806,1545.4724639084193,22.148576184002003,46.66855376395631,1949
9.0,9.0,veh2875,1511.1317944609245,1529.9211627252994,22.16198992888748,46.66812107751967,1949
9.0,9.0,veh2876,1761.6348193224562,1770.6385566780489,26.314246681576932,46.66855376395631,1949
9.0,9.0,veh2878,2778.391254128183,2331.563794696124,26.896997984229667,249.55283281120674,1949
9.0,9.0,veh2880,1839.2587168414148,1841.309004134503,29.18217133844133,51.289784463403585,1949
9.0,9.0,veh2881,3047.4378355408567,2431.87351694018,23.5172282347511,249.55283281120856,1949
9.0,9.0,veh2882,1639.3420343467203,1650.8751343058552,26.006815114760485,46.66812107751967,1949
9.0,9.0,veh2883,3031.7144489197844,2422.59682288787,24.997171526010387,249.5529139945417,1949
9.0,9.0,veh2884,1511.1002618827783,1538.6830340327308,24.452810041873107,46.66805465855454,1949
9.0,9.0,veh2885,3244.0024698548923,2510.0478470960934,22.092473946700082,249.50852638808396,1949
9.0,9.0,veh2886,1328.0940090009678,1344.1607176448333,21.76888309638461,47.89906525851306,1949
9.0,9.0,veh2887,3042.673998088405,2423.2670705458036,25.544635995223473,249.55269624815674,1949
9.0,9.0,veh2888,1450.561829163982,1473.8955552964928,24.34111331510265,45.39288609520292,1949
9.0,9.0,veh2891,2779.540236306296,2328.5781009414745,29.56781185319402,249.55291399453682,1949
9.0,9.0,veh2894,1380.6975374107733,1396.0795853645184,25.542626296405995,47.26379931596028,1949
9.0,9.0,veh2895,3623.4180438801877,2651.841165951558,18.187700839882822,249.50852638808396,1949
9.0,9.0,veh2896,1594.7135826929336,1617.5643053359336,27.70422447794387,46.66805465855454,1949
9.0,9.0,veh2898,2721.1832330357356,2303.4034989820443,31.491907300204723,249.55269624815978,1949
9.0,9.0,veh2900,1300.383288743388,1327.745051493978,20.529610184634077,47.895922257154396,1949
9.0,9.0,veh2902,1352.2583213939708,1370.3047820967938,24.16052215264272,47.894994483268256,1949
9.0,9.0,veh2903,3880.275008459389,2747.83248515976,15.866223035704785,249.50852638807908,1949
9.0,9.0,veh2904,1442.9746118847224,1470.9079848494137,27.330431109246263,45.38967900010023,1949
9.0,9.0,veh2908,3683.7752056863255,2674.3975470678956,19.754978210005884,249.50852638808217,1949
9.0,9.0,veh2909,3808.574703455417,2721.0370004578476,18.253344099259635,249.50852638808396,1949
9.0,9.0,veh2911,1329.6862004770182,1358.5385976032699,26.244509649298855,47.89906525851306,1949
9.0,9.0,veh2912,1161.610416288588,1202.336197942079,23.62000261457466,47.895922257156144,1949
9.0,9.0,veh2913,3839.1632091807733,2729.054219813292,18.941597931893646,249.5082718117857,1949
9.0,9.0,veh2914,3118.9485330777366,2451.7050201761404,30.667459892647816,249.55269624816162,1949
9.0,9.0,veh2916,1088.0478438060047,1140.1908413907254,22.631858474638694,47.90217138688129,1949
9.0,9.0,veh2917,1067.8686270827086,1117.6376694135026,21.951676588692415,47.90272549267234,1949
9.0,9.0,veh2918,1060.4855607146023,1110.9671949399549,17.8423495554274,47.9027254926706,1949
9.0,9.0,veh2920,3490.0073333463906,2596.87848806996,25.845162106400274,249.55283281120674,1949
9.0,9.0,veh2921,3280.663100189212,2518.827833156854,30.481501817936845,249.5528328112049,1949
9.0,9.0,veh2922,1038.5951999397216,1091.189627532953,18.515707387829398,47.9027254926706,1949
9.0,9.0,veh2924,3445.428435069234,2580.2579576002986,27.706137872769403,249.55283281120674,1949
9.0,9.0,veh2925,1156.4877045917913,1202.027681434818,27.18400286045455,47.899667054048464,1949
9.0,9.0,veh2927,3720.693965729226,2682.8863157785963,24.133711031318455,249.55283281120674,1949
9.0,9.0,veh2928,3867.13159431896,2739.506568525345,18.042699439212907,249.5082718117857,1949
9.0,9.0,veh2929,3579.776008209016,2630.347305233168,27.14178551828219,249.5528328112049,1949
9.0,9.0,veh2932,4034.884204121792,2805.6122719670475,18.574155098131456,249.50852638808396,1949
9.0,9.0,veh2934,3535.8512631440394,2607.1416785580445,30.708157232785677,249.55269624815674,1949
9.0,9.0,veh2938,1014.1080929612762,1069.065944243804,19.878837525967597,47.90272549266848,1949
9.0,9.0,veh2939,985.409614488052,1043.137358675041,23.25545924387525,47.902725492671465,1949
9.0,9.0,veh2941,1033.7898520030408,1091.168718633732,21.199283305595806,47.90217138688129,1949
9.0,9.0,veh2942,4063.7219764329657,2812.9763529672687,20.46423034383326,249.5082718117906,1949
9.0,9.0,veh2943,848.8534135852689,924.0785539391006,25.333189026809162,47.90217138688305,1949
9.0,9.0,veh2945,3996.9390576626524,2785.8798877378804,23.059598629661203,249.55283281120674,1949
9.0,9.0,veh2946,3909.2690004836577,2753.1935066711885,25.89832483708617,249.55283281120674,1949
9.0,9.0,veh2947,779.9164607260791,857.4778009363457,23.370417680925787,47.902725492670506,1949
9.0,9.0,veh2948,4091.201477989545,2823.2459960404613,21.60872295520169,249.5082718117906,1949
9.0,9.0,veh2949,3981.7742831826927,2776.8099300262684,25.620408520934784,249.55291399453867,1949
9.0,9.0,veh2950,3998.6928530132236,2783.1177213588635,21.479506758711366,249.55291399453867,1949
9.0,9.0,veh2951,4131.694585770763,2838.3790858085276,22.25483415834876,249.5082718117906,1949
9.0,9.0,veh2952,4030.058592384189,2794.811885873147,25.844461063449735,249.55291399453992,1949
9.0,9.0,veh2953,4017.391409503433,2786.6775410719065,24.33543090028227,249.55269624816344,1949
9.0,9.0,veh2954,4058.7418898396877,2808.922086962354,24.818449327026183,249.55283281120856,1949
9.0,9.0,veh2957,4208.215832083569,2870.388913923454,22.23727642041788,249.50852638808396,1949
9.0,9.0,veh2960,608.2346863430164,702.3662474844257,22.60268117205045,47.90272549266866,1949
9.0,9.0,veh2962,751.6172772906414,840.5366362332123,29.349572100282984,47.90278468712752,1949
9.0,9.0,veh2963,4339.204867522552,2913.4882302799574,20.91856803638826,249.55283281120185,1949
9.0,9.0,veh2964,4307.929550340243,2907.653433397528,21.82867797530085,249.50852638808885,1949
9.0,9.0,veh2965,568.0155224489795,666.028919235348,23.90688602944132,47.902725492669624,1949
9.0,9.0,veh2966,4135.790158343757,2830.8209456339523,28.83574060401825,249.55269624815674,1949
9.0,9.0,veh2968,579.5128395046729,680.729210418119,26.191703317535342,47.902171386882166,1949
9.0,9.0,veh2969,692.523844001324,782.8347095572034,36.13028831310247,47.902171386882166,1949
9.0,9.0,veh2970,541.9199960642038,642.4520564598229,23.628031235038268,47.9027254926706,1949
9.0,9.0,veh2971,4259.762043048552,2880.452779263152,27.7141621753079,249.55291399453503,1949
9.0,9.0,veh2972,550.2404688679758,654.2816088933241,25.782017342580264,47.902171386882166,1949
9.0,9.0,veh2973,4459.958284042717,2964.4688626756897,19.933523917950755,249.50852638808396,1949
9.0,9.0,veh2975,4328.256148004129,2905.989602168418,27.496348640263655,249.55291399453867,1949
9.0,9.0,veh2976,589.07177499609,693.6798537166605,32.23975095129997,47.90278468712761,1949
9.0,9.0,veh2977,4514.295905046252,2981.3649030804254,20.341354458249604,249.5082718117906,1949
9.0,9.0,veh2978,4445.000597028438,2949.515717617919,23.95084933312726,249.55291399453867,1949
9.0,9.0,veh2979,4542.9048968267325,2992.056659394291,20.765967628258654,249.5082718117906,1949
9.0,9.0,veh2980,437.68482082251643,548.2773543741114,26.22356321380439,47.90272549267103,1949
9.0,9.0,veh2981,4472.7251624353885,2963.2691404343514,23.749791907310716,249.5528328112104,1949
9.0,9.0,veh2983,4573.737685430055,3003.5794933603784,20.318330552921115,249.5082718117857,1949
9.0,9.0,veh2984,412.69192867367275,530.0064339672584,27.885234679033477,47.9021713868827,1949
9.0,9.0,veh2986,4480.414972615859,2959.3097408918316,29.700420373628237,249.55269624815674,1949
9.0,9.0,veh2988,4634.727497869088,3026.3726143913486,22.174827701723554,249.5082718117906,1949
9.0,9.0,veh2989,341.9546103251341,466.09523142634237,26.920914265617185,47.902171386882166,1949
9.0,9.0,veh2990,312.0507554618578,434.7691202321981,24.847649887797573,47.90272549267054,1949
9.0,9.0,veh2991,4604.191310673573,3008.8671766253087,27.841667914857254,249.55291399454356,1949
9.0,9.0,veh2993,4700.592973204039,3054.397673045667,21.204371197999254,249.50852638808396,1949
9.0,9.0,veh2994,4640.401859789114,3025.7847198928916,28.336504261573918,249.55283281120552,1949
9.0,9.0,veh2995,4691.27178987959,3044.7507611306482,24.222825151662335,249.55283281120185,1949
9.0,9.0,veh2996,4705.0185029870745,3046.4588227358026,25.18759187295059,249.55291399453503,1949
9.0,9.0,veh2997,205.6692724039431,338.6552656606893,23.01462877089829,47.90272549267077,1949
9.0,9.0,veh2998,200.48722212036733,338.2793753609416,27.556820544062102,47.902171386882166,1949
9.0,9.0,veh3000,4751.204655088687,3067.0957730272826,25.124926099228865,249.55283281120674,1949
9.0,9.0,veh3002,166.3191934194852,303.1031407967167,26.810809916110294,47.90272549267077,1949
9.0,9.0,veh3004,4827.575791787565,3098.443905121974,24.350399353005717,249.5082718117857,1949
9.0,9.0,veh3005,4855.868079932396,3109.0173029098887,22.2116430775772,249.5082718117906,1949
9.0,9.0,veh3006,125.13566032473871,278.8269265399833,27.620947761290502,47.90253722585602,1949
9.0,9.0,veh3008,88.94005972133772,233.55222528077374,27.032805775745004,48.39067652278661,1949
9.0,9.0,veh3009,67.2821499174299,214.31712989115334,24.968130315621856,48.39067652278661,1949
9.0,9.0,veh3010,48.613305429214584,197.73672080292187,23.71796364895519,48.39067652278661,1949
9.0,9.0,veh3011,4945.012744065162,3132.528863429778,29.046768000000004,249.55269624815674,1949
10.0,10.0,veh2567,59.91708034415161,243.41293978744534,23.78908249887358,227.24328187508183,1950
10.0,10.0,veh2581,147.67539584536644,323.65640921985516,25.288825264688164,227.8366176887914,1950
10.0,10.0,veh2594,4434.1142180924,2923.210714168474,17.72405987170727,69.51704550529945,1950
10.0,10.0,veh2596,4935.358341442081,3110.4482657679146,19.774137791951826,69.51704550530434,1950
10.0,10.0,veh2600,4658.852486405934,3007.160712082701,19.56397608959045,69.51704550529581,1950
10.0,10.0,veh2604,4292.444132431898,2870.290472836387,17.09710424199004,69.51704550529945,1950
10.0,10.0,veh2618,269.1002173216233,433.6163896868261,26.132374331896596,227.8366176887905,1950
10.0,10.0,veh2628,410.53626766480113,561.6981537279815,21.585234572247128,227.8366176887905,1950
10.0,10.0,veh2636,705.9267113900979,829.1980522434989,24.05249281315741,227.8366176887914,1950
10.0,10.0,veh2646,568.5294951745678,704.7737786263447,25.445460689774936,227.8366176887904,1950
10.0,10.0,veh2648,809.0670943578014,922.599997237935,21.161765020193148,227.8366176887905,1950
10.0,10.0,veh2659,4697.226738997422,3021.495246424316,23.035170727755887,69.51704550530069,1950
10.0,10.0,veh2664,459.88255562856625,606.3852020155027,25.969259552448246,227.83661768879088,1950
10.0,10.0,veh2667,4114.985847014319,2804.001705896685,19.32202467136289,69.51704550530434,1950
10.0,10.0,veh2668,784.0634988836663,899.9572225851632,21.926648517427555,227.83661768879062,1950
10.0,10.0,veh2669,4620.1161671495865,2996.110563163455,22.53694023159725,69.51723463153559,1950
10.0,10.0,veh2673,4324.948020815169,2885.8529023910323,22.062258823502233,69.51723463153559,1950
10.0,10.0,veh2675,4611.89876483096,2994.7326194097377,25.079634586028256,69.53524790940997,1950
10.0,10.0,veh2676,167.23065186312363,337.03914720918704,26.849970409562456,227.836652246894,1950
10.0,10.0,veh2678,401.11985560903554,548.8444501584318,29.34367625502138,227.83665224689278,1950
10.0,10.0,veh2679,4656.096564004716,3011.22651547238,25.588167508336724,69.53524790941485,1950
10.0,10.0,veh2681,4719.797540038038,3034.9986782819346,26.756229350730823,69.53524790941485,1950
10.0,10.0,veh2682,88.7225388826482,270.04669608389605,25.122844513509506,227.24328187508186,1950
10.0,10.0,veh2690,4587.754690753352,2984.0221968173514,22.617770181772414,69.51723463153559,1950
10.0,10.0,veh2693,4411.9436579542025,2920.1126425856837,24.686607194580983,69.53524790941485,1950
10.0,10.0,veh2696,4853.694847533236,3084.966964354533,28.201265900248128,69.53524790940997,1950
10.0,10.0,veh2697,4665.390741862679,3018.1129163877704,27.100134731017494,69.5352479094157,1950
10.0,10.0,veh2698,3473.5949487552843,2564.412939038649,18.916080632092214,69.51704550530069,1950
10.0,10.0,veh2700,3959.6034853802803,2751.3066854822296,23.295093094362834,69.53524790941485,1950
10.0,10.0,veh2701,1425.5670439455087,1483.3630745758237,23.70241309326586,226.42748622308412,1950
10.0,10.0,veh2702,4500.284935462224,2953.0801630617616,27.07046558096608,69.53524790941849,1950
10.0,10.0,veh2704,89.81420652169074,266.6891984883807,29.18542207400093,227.2439843794616,1950
10.0,10.0,veh2705,459.2766101842517,601.5100235327814,26.493730834522474,227.8366522468938,1950
10.0,10.0,veh2706,4150.922078006557,2822.7036563862157,25.177067513618933,69.53524790941485,1950
10.0,10.0,veh2708,3897.7786849308613,2728.234680727028,23.749633247648525,69.53524790941485,1950
10.0,10.0,veh2712,1138.2128558696752,1220.6931039774288,22.650907556878707,227.8321807756659,1950
10.0,10.0,veh2713,679.9426243664863,797.0300477174244,30.82036149793889,227.83635535128133,1950
10.0,10.0,veh2714,4387.6965518733905,2914.4819847009553,27.012583471515835,69.5352479094157,1950
10.0,10.0,veh2715,3599.508461672587,2611.4473814863127,20.197135176622904,69.51704550529945,1950
10.0,10.0,veh2717,3898.0688171265892,2722.973297413845,22.43927839720454,69.51704550529763,1950
10.0,10.0,veh2718,1047.5746530321055,1134.2754557658377,28.228982964171703,227.83120150731685,1950
10.0,10.0,veh2719,428.77847140783604,565.2621078072543,34.91591059373597,227.83638990725203,1950
10.0,10.0,veh2720,3800.7150735083733,2686.6072319679306,22.115453336459517,69.51704550530252,1950
10.0,10.0,veh2721,814.8683333339186,923.5266512424544,25.767943327037187,227.8366522468949,1950
10.0,10.0,veh2724,4504.9116018580135,2958.2247250085275,28.081734924902353,69.5352479094157,1950
10.0,10.0,veh2725,1100.454333565877,1182.17137517829,28.412445524646284,227.83120150731685,1950
10.0,10.0,veh2726,1318.278539090555,1383.7825008299862,26.26126892895686,227.8321807756659,1950
10.0,10.0,veh2728,4170.289945421648,2833.3493935497618,26.973827021891754,69.53524790941083,1950
10.0,10.0,veh2729,657.5048259541827,781.0214615205314,26.55395919572134,227.83665224689295,1950
10.0,10.0,veh2730,3939.9788188851576,2742.050787558019,25.756642435839478,69.5172346315423,1950
10.0,10.0,veh2731,2913.2604575209275,2355.1024387692078,17.300102934771388,69.51704550529763,1950
10.0,10.0,veh2732,1194.32932794484,1262.8815719294762,28.661428181088233,227.83244033851838,1950
10.0,10.0,veh2733,1685.7556414940238,1727.4421286751583,24.664184753041322,227.8229654179589,1950
10.0,10.0,veh2734,1454.0755221772718,1510.4852648708286,24.605795484418344,226.42748622308412,1950
10.0,10.0,veh2735,905.5758205153487,1009.9964415081967,25.28809671701724,227.8366176887904,1950
10.0,10.0,veh2736,4932.352105515403,3117.7385327565594,34.25568389097582,69.5352479094157,1950
10.0,10.0,veh2737,3287.0815852398273,2494.74168725053,19.297272637247193,69.51704550529763,1950
10.0,10.0,veh2739,3856.423612547666,2710.839419696897,24.92929212570786,69.5172346315423,1950
10.0,10.0,veh2740,4129.889612908753,2818.27264996024,27.70001883370843,69.5352479094157,1950
10.0,10.0,veh2742,3260.1902958866476,2490.2971178565335,22.68403772956131,69.53524790940997,1950
10.0,10.0,veh2744,561.1959369993281,693.8060916997485,29.944592915101197,227.8366522468947,1950
10.0,10.0,veh2745,3670.347805818521,2643.361194905548,25.204191087864103,69.53524790941485,1950
10.0,10.0,veh2747,1230.6151625517286,1304.3838783382243,24.199325186222662,227.832180775664,1950
10.0,10.0,veh2748,1392.6820569828983,1443.2399274335214,29.603496669458696,226.42608803381708,1950
10.0,10.0,veh2752,3352.3690717664076,2522.5539449312923,23.487399562993808,69.51723463154048,1950
10.0,10.0,veh2753,1183.2958224514903,1257.2052867984419,24.805603957378583,227.83120150731506,1950
10.0,10.0,veh2754,3199.6950305800397,2462.098821678628,22.486699889962875,69.51704550530252,1950
10.0,10.0,veh2755,1822.368482116298,1855.2824282375354,19.94428255362386,228.42154623224533,1950
10.0,10.0,veh2756,3355.8766005618827,2526.0056823877017,24.8691527519556,69.53524790941485,1950
10.0,10.0,veh2758,3288.9391376433273,2498.86020884828,22.882934428406465,69.51723463154048,1950
10.0,10.0,veh2759,3045.3432345110805,2404.4413828486345,20.193902805347783,69.51704550529763,1950
10.0,10.0,veh2761,752.2121932031017,866.7865258775615,30.043871828824987,227.8366522468939,1950
10.0,10.0,veh2762,875.8939584128348,978.7902153595423,29.311749827258193,227.836652246894,1950
10.0,10.0,veh2764,1594.417368073373,1644.0026774735604,28.68251038075526,226.42748622308412,1950
10.0,10.0,veh2765,3785.8500292239664,2686.464736336741,27.992493913470206,69.53524790941485,1950
10.0,10.0,veh2766,3479.2060867188447,2572.030230309987,26.989656956402666,69.53524790941485,1950
10.0,10.0,veh2769,1008.711367394919,1103.4007955871125,28.113753140414115,227.832180775664,1950
10.0,10.0,veh2770,3374.425675278049,2536.3458595024354,26.16234423147831,69.5352479094157,1950
10.0,10.0,veh2771,2474.543294308567,2182.142190667731,17.02818769205985,64.17996453826966,1950
10.0,10.0,veh2772,3752.489579928243,2677.433127758088,29.213746289271892,69.53524790940901,1950
10.0,10.0,veh2776,1027.7411495037447,1112.0004173941666,28.99581557420111,227.83244033851838,1950
10.0,10.0,veh2777,2940.1235001736563,2365.1370109477216,21.155267142375262,69.51704550529763,1950
10.0,10.0,veh2780,1466.502771320214,1517.891296379585,25.540100146977288,226.42844698292348,1950
10.0,10.0,veh2783,3114.3248365785853,2430.209158818181,23.66766989649152,69.51704550530252,1950
10.0,10.0,veh2785,2396.920632289754,2203.5208097457044,17.731311914473757,255.24031491675237,1950
10.0,10.0,veh2786,2916.520627590614,2362.0452162975184,24.772525602401846,69.53524790940997,1950
10.0,10.0,veh2787,2734.7197310661663,2291.836056402489,21.49909858169379,69.51723463153559,1950
10.0,10.0,veh2789,2595.515005242326,2234.67669412105,20.50041851602519,67.93728067657476,1950
10.0,10.0,veh2790,2717.5715539686785,2282.003704101867,21.092131694085193,69.51704550530252,1950
10.0,10.0,veh2791,2159.7324461744283,2133.285577089847,21.073061280990522,241.19587394105528,1950
10.0,10.0,veh2792,1369.809631094181,1426.140693704969,28.46111372515171,227.83120150731685,1950
10.0,10.0,veh2793,2858.8190549773426,2340.511932760191,24.664832065025443,69.53524790941485,1950
10.0,10.0,veh2794,3786.1349290696544,2693.403925650434,31.814114200697656,69.53554701313817,1950
10.0,10.0,veh2795,3674.4853803251335,2648.323235755427,31.197744684499284,69.5352479094157,1950
10.0,10.0,veh2799,2102.799559611266,2098.0366803770858,21.602092844399643,238.29292063709846,1950
10.0,10.0,veh2800,2135.386162149532,2116.2459051200653,21.228537416897325,241.18994907019396,1950
10.0,10.0,veh2801,2164.072478518728,2132.022894720618,22.032219511169117,244.90889231200657,1950
10.0,10.0,veh2802,2028.5576685995852,2009.119245734389,22.960940936097586,236.39372880113112,1950
10.0,10.0,veh2803,2333.2472375333964,2191.3290732453215,20.325214421768003,260.72184418710447,1950
10.0,10.0,veh2806,2650.185071109599,2262.6531409339013,25.2179993270122,69.51998536589889,1950
10.0,10.0,veh2807,2797.914111678483,2343.363442288154,16.717913541834047,249.51597948853478,1950
10.0,10.0,veh2810,2684.953397365556,2275.6281118659,25.5650439338683,69.53524790941667,1950
10.0,10.0,veh2811,1869.7351971172345,1887.8141388358838,25.307789870830852,231.40973507016102,1950
10.0,10.0,veh2813,1455.6372511631955,1503.1367126516209,30.884435194728752,226.42608803381708,1950
10.0,10.0,veh2814,2480.628818019106,2188.6416281153342,20.51513654450783,64.17491334480732,1950
10.0,10.0,veh2816,1790.8336757770078,1822.6432377477736,27.383448108491827,227.8220047600098,1950
10.0,10.0,veh2818,2521.924445020992,2242.030355731209,20.16708383397271,250.29797470206591,1950
10.0,10.0,veh2821,1844.5044934713262,1863.5911319243671,27.630251142907102,231.41040469158855,1950
10.0,10.0,veh2822,1967.4397116483985,1965.3596075069115,25.306127921349464,231.71108177817254,1950
10.0,10.0,veh2823,2463.7412146040456,2192.6019919294777,26.22827494650911,69.4047804408018,1950
10.0,10.0,veh2824,2059.057582883106,2029.3881526087903,24.322302243765044,236.39372880113189,1950
10.0,10.0,veh2825,2279.501054396946,2175.6450655986714,24.706964257251077,254.92761049710455,1950
10.0,10.0,veh2826,1634.2072977419812,1677.4354611723468,30.090634648600417,226.42844698292535,1950
10.0,10.0,veh2828,2336.885631458595,2144.6594917208754,24.91738045590926,66.55132982552577,1950
10.0,10.0,veh2830,2273.8628096499547,2081.7903261459687,21.855184598658987,62.41471709719964,1950
10.0,10.0,veh2831,2521.8179291531465,2232.917485808112,21.46092067020673,249.73707028904334,1950
10.0,10.0,veh2832,2535.6468052829946,2241.432558519544,21.74322036285612,249.73707028904403,1950
10.0,10.0,veh2833,2304.8234467185825,2130.752597983066,25.32093264116167,66.5513298255237,1950
10.0,10.0,veh2834,2589.37670910852,2239.8133068025545,27.88589884870166,69.40478044079995,1950
10.0,10.0,veh2835,2616.660464695067,2253.4868778475848,29.22848539261042,69.40479072891247,1950
10.0,10.0,veh2839,2309.4092690524176,2100.0720581699516,23.04060648874027,63.15918177104153,1950
10.0,10.0,veh2841,2340.0803593879377,2149.5356829236866,27.89516414326233,66.54958202659039,1950
10.0,10.0,veh2842,1927.2081487114272,1868.7908766712794,17.800944446888945,53.365976334430265,1950
10.0,10.0,veh2843,2081.829284532151,2040.3137987709488,28.555286649271306,239.19105543372035,1950
10.0,10.0,veh2845,2593.787505214573,2248.3157047434825,31.764743589936884,69.40418165002312,1950
10.0,10.0,veh2847,2050.8437111552544,1956.4397468487148,20.12665861730653,57.415873512687845,1950
10.0,10.0,veh2848,1634.3103277048106,1646.1282053342743,19.651946595075398,46.66812107751967,1950
10.0,10.0,veh2849,2050.6701825247064,2019.9714831253293,29.81495505672275,236.38906354905185,1950
10.0,10.0,veh2850,2542.521192458702,2246.0040094180995,24.351806871098592,250.29906305091922,1950
10.0,10.0,veh2851,2727.6184955733556,2317.103331724589,22.948284474676253,249.51597948853478,1950
10.0,10.0,veh2852,2588.118402358697,2262.3310154443834,24.100060755341353,250.29906305091922,1950
10.0,10.0,veh2853,2102.1812461097925,2031.8395594235913,26.566317796265125,60.01018258153042,1950
10.0,10.0,veh2854,1869.4887033395098,1861.4421650556224,24.27693780707367,51.29087556911964,1950
10.0,10.0,veh2856,2045.5812300854795,2012.7451889844194,30.942171846595535,236.39246785798767,1950
10.0,10.0,veh2857,2668.780960186492,2290.6973466533746,23.968405257980542,249.55283281120367,1950
10.0,10.0,veh2858,2119.224371635208,2045.3681686311515,28.0563704241213,60.01147204933648,1950
10.0,10.0,veh2860,1402.4508841881097,1413.7939528337376,20.355076888730327,44.18753559879932,1950
10.0,10.0,veh2861,2037.9775828702327,1991.301370957995,27.82694951424425,57.108984983227735,1950
10.0,10.0,veh2863,1704.613532409701,1685.1775812745514,18.97585010873313,49.90742684512333,1950
10.0,10.0,veh2866,1803.9866789572181,1806.201445861374,25.217013465275592,46.66812107751967,1950
10.0,10.0,veh2869,2249.9107552332994,2126.879013038864,31.408905924588503,247.0384850024961,1950
10.0,10.0,veh2870,3088.075044334805,2451.7754179216195,20.58097244124716,249.50852638808217,1950
10.0,10.0,veh2873,1687.4209764046714,1674.8887395952254,19.001707953167585,49.90713898144375,1950
10.0,10.0,veh2874,1539.738404607259,1561.3038997238925,23.070619790431365,46.66855376395631,1950
10.0,10.0,veh2875,1527.2371586495665,1545.1150174759237,22.148576184002003,46.66812107752146,1950
10.0,10.0,veh2876,1780.517683007041,1788.4524442832094,25.959580212330785,46.66855376395821,1950
10.0,10.0,veh2878,2753.434372451344,2322.259019828007,26.627093500351613,249.55283281120367,1950
10.0,10.0,veh2880,1862.0829435067121,1859.6013400979891,29.249927700304905,51.28978446340561,1950
10.0,10.0,veh2881,3025.3046123297554,2423.6214980480836,23.614464801229488,249.55283281120185,1950
10.0,10.0,veh2882,1658.431273976563,1668.8839871848381,26.252090501276488,46.66812107752146,1950
10.0,10.0,veh2883,3008.5542636783894,2413.961954977029,24.71746399861691,249.55291399453867,1950
10.0,10.0,veh2884,1528.180227829615,1554.7963687818783,23.47343974971338,46.66805465855454,1950
10.0,10.0,veh2885,3223.5495835646534,2502.40429520786,21.832818822285372,249.50852638808885,1950
10.0,10.0,veh2886,1344.5347980708996,1359.016597742728,22.158201435724997,47.89906525851306,1950
10.0,10.0,veh2887,3018.701074751444,2414.3290837531763,25.592497175398567,249.55269624815674,1950
10.0,10.0,veh2888,1467.2782200321183,1490.3842501448412,23.485968687221412,45.39288609519924,1950
10.0,10.0,veh2891,2751.5206732040683,2318.1314994231598,29.903583888371816,249.55291399453196,1950
10.0,10.0,veh2894,1399.6693618486222,1415.5197554753909,27.20840920054199,44.185228513614526,1950
10.0,10.0,veh2895,3605.543700510818,2645.1612544186273,19.080304599210724,249.50852638808396,1950
10.0,10.0,veh2896,1615.244636698435,1636.9334157295486,28.21635948785385,46.66805465855454,1950
10.0,10.0,veh2898,2691.6900363253044,2292.4073514131846,31.485711729676215,249.55269624815855,1950
10.0,10.0,veh2900,1318.3507073677308,1339.6615205707233,21.924120004586428,47.894994483268256,1950
10.0,10.0,veh2902,1371.8423723459466,1388.0034380563925,26.39832721522575,47.894994483268256,1950
10.0,10.0,veh2903,3865.714090029691,2742.390850469264,15.543326719290086,249.50852638808396,1950
10.0,10.0,veh2904,1460.329982078331,1492.5193815267107,27.526395446177034,45.392472064427864,1950
10.0,10.0,veh2908,3664.9033539068732,2667.3448516069056,20.145113745557122,249.50852638807729,1950
10.0,10.0,veh2909,3791.8525721145975,2714.7876879270084,17.850354160567445,249.50852638808217,1950
10.0,10.0,veh2911,1349.4323500858693,1376.3811980853036,26.613026829295563,47.89906525851499,1950
10.0,10.0,veh2912,1179.4356373842886,1218.4448256758533,24.024993138954194,47.895922257156144,1950
10.0,10.0,veh2913,3822.0967625529393,2722.676145049648,18.22067979491885,249.5082718117857,1950
10.0,10.0,veh2914,3089.715366928351,2440.8058215562105,31.20811390376511,249.55269624815674,1950
10.0,10.0,veh2916,1104.303552913925,1154.877882707778,21.907797102600718,47.90217138688129,1950
10.0,10.0,veh2917,1084.65625361286,1132.8050035071753,22.62408636278155,47.90272549266866,1950
10.0,10.0,veh2918,1073.1748437292938,1122.4317456045364,17.100894774526115,47.9027254926706,1950
10.0,10.0,veh2920,3465.479094574955,2587.7335258653493,26.169764140529477,249.55283281120367,1950
10.0,10.0,veh2921,3252.857923588273,2508.4611170025646,29.66600742568339,249.5528328112,1950
10.0,10.0,veh2922,1051.65515850351,1102.9890772306653,17.600441009979676,47.90272549266866,1950
10.0,10.0,veh2924,3419.397845198723,2570.552867775147,27.77265843251059,249.55283281120674,1950
10.0,10.0,veh2925,1175.924696690137,1219.5905566699953,26.19624241125368,47.899667054048464,1950
10.0,10.0,veh2927,3698.0688055618107,2674.450886046673,24.139324096619898,249.55283281120367,1950
10.0,10.0,veh2928,3849.9504827883884,2733.0856411785953,18.343099682436936,249.5082718117857,1950
10.0,10.0,veh2929,3553.822644113438,2620.671007805203,27.69026440763111,249.55283281120856,1950
10.0,10.0,veh2932,4018.1269402815497,2799.34982989163,17.88785700900626,249.50852638808885,1950
10.0,10.0,veh2934,3505.19173199561,2599.124504144759,31.07472894055311,249.55291399454356,1950
10.0,10.0,veh2938,1028.6533733353435,1082.207356850487,19.60215631213516,47.9027254926706,1950
10.0,10.0,veh2939,1000.9117645921621,1057.1432867540939,20.891695567225096,47.9027254926706,1950
10.0,10.0,veh2941,1051.2465333999996,1106.9408390151702,23.526345826585956,47.90217138688305,1950
10.0,10.0,veh2942,4044.6420426388177,2805.8457975049505,20.37034256471663,249.5082718117857,1950
10.0,10.0,veh2943,866.8952309978325,940.3793450035729,24.31493284067405,47.902171386882166,1950
10.0,10.0,veh2945,3975.381145352927,2777.8423643298675,23.00065185131535,249.55283281120856,1950
10.0,10.0,veh2946,3884.1288786336763,2743.8204136301533,26.8225968202971,249.55283281120674,1950
10.0,10.0,veh2947,797.2731338352373,873.1592589035247,23.39097017001743,47.902725492670506,1950
10.0,10.0,veh2948,4072.2620797192767,2816.1679615333132,20.220302381410164,249.5082718117857,1950
10.0,10.0,veh2949,3957.7207597930865,2767.841996691766,25.670869737252275,249.55291399453682,1950
10.0,10.0,veh2950,3978.1430931107843,2775.456104644335,21.93151502350342,249.55291399453992,1950
10.0,10.0,veh2951,4110.2932179047175,2830.3809636879405,22.848779219484797,249.5082718117906,1950
10.0,10.0,veh2952,4009.4543629855552,2787.1299611645363,21.989647020167588,249.55291399453682,1950
10.0,10.0,veh2953,3992.803197788689,2777.5101521610236,26.249353489880495,249.55269624816162,1950
10.0,10.0,veh2954,4034.474871376853,2799.874516579125,25.89106195043352,249.55283281120674,1950
10.0,10.0,veh2957,4187.829876860533,2862.77037518387,21.761371993554466,249.50852638808396,1950
10.0,10.0,veh2960,625.5005512778504,717.9656618157196,23.26859122772506,47.902725492671465,1950
10.0,10.0,veh2962,774.1782493187895,860.9200471288015,30.40548527937137,47.90278468712665,1950
10.0,10.0,veh2963,4320.272626942291,2906.42964665443,20.19925993276725,249.55283281120674,1950
10.0,10.0,veh2964,4287.361721492742,2899.9669257431424,21.95551642066162,249.50852638808396,1950
10.0,10.0,veh2965,585.466226583932,681.7953326297179,23.51769243445009,47.902725492670406,1950
10.0,10.0,veh2966,4109.401458683984,2820.9822686516586,28.171479631936567,249.55269624815674,1950
10.0,10.0,veh2968,598.0355164483271,697.4644583096629,24.96298657810525,47.90217138688129,1950
10.0,10.0,veh2969,718.73677034423,806.5181016309175,35.327125256319945,47.90217138688226,1950
10.0,10.0,veh2970,560.0760583288502,658.8557488876252,24.468278463643863,47.90272549266954,1950
10.0,10.0,veh2971,4233.646054163878,2870.7158919269887,27.872014334818267,249.55291399454356,1950
10.0,10.0,veh2972,570.097124296655,672.2221070139135,26.760787571906256,47.90217138688305,1950
10.0,10.0,veh2973,4440.937676550108,2957.3605749625335,20.30390583426512,249.50852638808396,1950
10.0,10.0,veh2975,4302.393919406285,2896.3473248940895,27.601191338861007,249.55291399453867,1950
10.0,10.0,veh2976,612.916782415284,715.2233662668908,32.13598337723367,47.90278468712752,1950
10.0,10.0,veh2977,4494.995268249045,2974.1518664616733,20.605972091836357,249.50827181178207,1950
10.0,10.0,veh2978,4422.736647095109,2941.2149952858604,23.760966296611585,249.55291399453867,1950
10.0,10.0,veh2979,4523.525994858337,2984.814373505078,20.68953047129271,249.5082718117857,1950
10.0,10.0,veh2980,457.237438373383,565.9428106711742,26.350366282853884,47.902725492670506,1950
10.0,10.0,veh2981,4450.276654758096,2954.8995727629117,23.95084933312726,249.55283281120185,1950
10.0,10.0,veh2983,4553.911220813839,2996.1699442973218,21.16736255151075,249.5082718117906,1950
10.0,10.0,veh2984,433.0878927477808,548.4341977189854,27.48761310140459,47.902171386882166,1950
10.0,10.0,veh2986,4453.0200864982935,2949.095920622077,29.245642499645562,249.55269624815674,1950
10.0,10.0,veh2988,4614.4957138883765,3018.8115893200584,21.6000943624269,249.50827181178207,1950
10.0,10.0,veh2989,361.5941848525853,483.83959684399576,26.468227935942277,47.902171386882166,1950
10.0,10.0,veh2990,330.5608591149004,451.4926830127954,24.94540743316725,47.902725492670506,1950
10.0,10.0,veh2991,4578.337763827311,2999.228136189432,27.591925830837436,249.55291399453867,1950
10.0,10.0,veh2993,4680.051288003973,3046.7209356663857,21.927608891635,249.50852638808396,1950
10.0,10.0,veh2994,4613.691349467618,3015.8261325832964,28.49808181094378,249.55283281120185,1950
10.0,10.0,veh2995,4668.080866123626,3036.104395477796,24.742950790309337,249.55283281120185,1950
10.0,10.0,veh2996,4681.056339881402,3037.5249514770494,25.57336643555159,249.55291399453503,1950
10.0,10.0,veh2997,223.41344776692313,354.6868253015748,23.91319315612522,47.902725492670506,1950
10.0,10.0,veh2998,221.59093604463652,357.34659145660777,28.44144661391332,47.902171386882216,1950
10.0,10.0,veh3000,4727.515098224435,3058.2634999812517,25.274954370270677,249.55283281120185,1950
10.0,10.0,veh3002,185.93448756814036,320.8252243303222,26.4348333013897,47.902725492670506,1950
10.0,10.0,veh3004,4804.829400367959,3089.9431206153295,24.284769031568224,249.5082718117857,1950
10.0,10.0,veh3005,4834.1409749845425,3100.897446282619,23.19654646092457,249.5082718117857,1950
10.0,10.0,veh3006,146.40402779104375,298.0426605384265,28.6640285429701,47.9025372258564,1950
10.0,10.0,veh3008,109.56212654845706,251.86735477121033,27.580413573105982,48.39067652278637,1950
10.0,10.0,veh3009,86.16439076238058,231.087063237024,25.253531377653882,48.39067652278651,1950
10.0,10.0,veh3010,65.86045101865876,213.0544727750799,23.066718399287055,48.39067652278661,1950
10.0,10.0,veh3011,4918.818149587874,3122.7625559926187,27.96426100179072,249.55269624815674,1950
10.0,10.0,veh3013,44.362975627394114,202.51686600651155,26.065974,48.38699640677916,1950
11.0,11.0,veh2567,42.874539404134666,227.65527075183257,23.211748131855384,227.24328187508186,1951
11.0,11.0,veh2581,129.01185440127324,306.75506542798234,25.179792210132398,227.8366176887904,1951
11.0,11.0,veh2594,4450.247132443662,2929.237093815795,17.222805447044937,69.51704550529945,1951
11.0,11.0,veh2596,4953.585469735808,3117.256929880722,19.458498174983717,69.51704550529581,1951
11.0,11.0,veh2600,4677.152730368229,3013.9966882339513,19.536553317871167,69.51704550529581,1951
11.0,11.0,veh2604,4308.074562796124,2876.129151786448,16.686375155497828,69.51704550530069,1951
11.0,11.0,veh2618,249.8909031650178,416.22080463457814,25.916117817798103,227.8366176887914,1951
11.0,11.0,veh2628,394.55428986764116,547.2251823450844,21.561978536865197,227.8366176887914,1951
11.0,11.0,veh2636,688.288521120215,813.2252467333151,23.796446525907637,227.8366176887914,1951
11.0,11.0,veh2646,549.4215851250968,687.4700231811262,25.779309144345337,227.83661768879062,1951
11.0,11.0,veh2648,792.812004476322,907.8797008098622,21.930445880206292,227.83661768879062,1951
11.0,11.0,veh2659,4718.540388317748,3029.4568669770283,22.75353526449484,69.51704550529216,1951
11.0,11.0,veh2664,440.2451082933261,588.6019077997777,26.493730834522474,227.8366176887914,1951
11.0,11.0,veh2667,4133.254818693607,2810.8260004232925,19.503168373626835,69.51704550530434,1951
11.0,11.0,veh2668,768.4806936308898,885.845734172961,21.023437566295787,227.8366176887905,1951
11.0,11.0,veh2669,4640.574040077063,3003.7524352332393,21.83719292865527,69.51723463154048,1951
11.0,11.0,veh2673,4345.564658229595,2893.5540796438527,22.006661706960184,69.51723463154048,1951
11.0,11.0,veh2675,4634.93050044221,3003.327686594436,24.591355301072323,69.53524790940997,1951
11.0,11.0,veh2676,148.1514369055676,319.7613984315693,25.740005398620497,227.83665224689295,1951
11.0,11.0,veh2678,379.1341715524593,528.9346621153362,29.66115888769938,227.8366522468947,1951
11.0,11.0,veh2679,4680.335566867113,3020.2721150576162,25.880374001938858,69.53524790941485,1951
11.0,11.0,veh2681,4744.440811766122,3044.195144398461,26.31201838519522,69.53524790941361,1951
11.0,11.0,veh2682,71.14587179522042,253.7951697599957,23.939221907507566,227.24328187508175,1951
11.0,11.0,veh2690,4608.868063344153,2991.9089254558835,22.536887988029697,69.51723463154411,1951
11.0,11.0,veh2693,4435.108845274728,2928.7575117664837,24.733843841828318,69.53524790941849,1951
11.0,11.0,veh2696,4879.691873487502,3094.6686294157676,27.757443590151542,69.53524790941485,1951
11.0,11.0,veh2697,4690.372676643235,3027.435766018683,26.664872211547078,69.53524790941694,1951
11.0,11.0,veh2698,3490.6696826324533,2570.791131253668,18.228251463043286,69.51704550530434,1951
11.0,11.0,veh2700,3981.8724207450414,2759.617088085945,23.776901184293397,69.53524790941667,1951
11.0,11.0,veh2701,1408.5847952756117,1467.2066253848998,23.440588490539014,226.42748622308412,1951
11.0,11.0,veh2702,4525.362524871589,2962.43870943629,26.775746373143733,69.53524790941972,1951
11.0,11.0,veh2704,68.84659310543582,247.30285305223552,28.556689824604078,227.2439843794616,1951
11.0,11.0,veh2705,439.446344012283,583.5521380603042,26.753257901757213,227.8366522468939,1951
11.0,11.0,veh2706,4174.487670764964,2831.4979503302125,25.161363180954325,69.53524790941485,1951
11.0,11.0,veh2708,3920.5041113442053,2736.7154383269108,24.264304033863517,69.53524790941667,1951
11.0,11.0,veh2712,1122.0211472986068,1206.0279221524795,21.846467502325147,227.8321807756659,1951
11.0,11.0,veh2713,657.1255945938328,776.367194718219,30.782285196554174,227.8363553512812,1951
11.0,11.0,veh2714,4412.960053334199,2923.90991041361,26.965406962514542,69.53524790941206,1951
11.0,11.0,veh2715,3618.6675922242775,2618.604190969284,20.453463697989132,69.51704550529763,1951
11.0,11.0,veh2717,3919.8284262013276,2731.101504283759,23.229622716534134,69.51704550530252,1951
11.0,11.0,veh2718,1026.6274914808832,1115.302505259145,28.262510269102314,227.83120150731506,1951
11.0,11.0,veh2719,402.73547533764327,541.6778835447258,35.13360139922144,227.8363899072529,1951
11.0,11.0,veh2720,3821.578856200167,2694.400806807688,22.27327700169005,69.51704550530069,1951
11.0,11.0,veh2721,796.2077739408567,906.6280284238329,25.175191987051196,227.83665224689284,1951
11.0,11.0,veh2724,4531.494635575007,2968.145078586182,28.373831061738688,69.53524790941083,1951
11.0,11.0,veh2725,1079.8137795395594,1163.4761352998735,27.848826615590916,227.83120150731506,1951
11.0,11.0,veh2726,1298.1084096439708,1365.5139768833872,27.214303885128036,227.8321807756659,1951
11.0,11.0,veh2728,4196.878802086986,2839.853954467398,26.919320391790514,69.53524790941849,1951
11.0,11.0,veh2729,637.736715739162,763.1198632177081,26.66940252977461,227.8366522468947,1951
11.0,11.0,veh2730,3963.1966117495213,2750.7236052767134,24.783193441176866,69.5172346315423,1951
11.0,11.0,veh2731,2929.9652301421074,2361.342433573961,17.833296739048496,69.51704550529763,1951
11.0,11.0,veh2732,1173.0652426862457,1243.6224038181663,28.688994607382156,227.8324403385203,1951
11.0,11.0,veh2733,1667.662150185946,1711.0491627866368,24.41468638077246,227.8229654179589,1951
11.0,11.0,veh2734,1435.9495414299538,1493.2407001095776,25.01928124739266,226.42748622308224,1951
11.0,11.0,veh2735,886.2682581501937,992.5118847699155,26.04866873176629,227.8366176887904,1951
11.0,11.0,veh2737,3305.2265524072827,2501.5196604337016,19.370786490517755,69.51704550530252,1951
11.0,11.0,veh2739,3879.8326537726107,2719.583676685466,24.987336235597166,69.51723463154048,1951
11.0,11.0,veh2740,4155.162765005155,2827.7041771323197,26.975707724529364,69.5352479094157,1951
11.0,11.0,veh2742,3281.0838479617287,2498.0942499026564,22.308382279657742,69.53524790941485,1951
11.0,11.0,veh2744,539.5800745178326,674.2312065486744,29.16222801657695,227.8366522468938,1951
11.0,11.0,veh2745,3694.617777890101,2652.4183516933363,25.913440325695785,69.5352479094118,1951
11.0,11.0,veh2747,1212.1817701979799,1287.6883548650942,24.871032309298272,227.8321807756659,1951
11.0,11.0,veh2748,1370.8342518310267,1422.7444562369092,29.957993332592313,227.83244033852014,1951
11.0,11.0,veh2752,3374.5728883326774,2530.8480000494324,23.700852372530637,69.51723463154048,1951
11.0,11.0,veh2753,1164.7734469247835,1240.4285930552232,24.990919521560237,227.83120150731685,1951
11.0,11.0,veh2754,3220.537891278688,2469.884581199285,22.250941581711487,69.51704550530252,1951
11.0,11.0,veh2755,1806.855815551982,1841.4878448315364,20.871646888087934,228.13918154755953,1951
11.0,11.0,veh2756,3379.2414200786675,2534.725051040363,24.946994355129476,69.5352479094118,1951
11.0,11.0,veh2758,3310.611628349057,2506.955791511927,23.13370321847457,69.5172346315423,1951
11.0,11.0,veh2759,3065.0958026627077,2411.8198683534542,21.086992154543143,69.51704550530252,1951
11.0,11.0,veh2761,730.2381646766573,846.8872928453475,29.645434267520677,227.8366522468949,1951
11.0,11.0,veh2762,854.1345419900026,959.0853306807116,29.35589841827927,227.8366522468939,1951
11.0,11.0,veh2764,1573.520601963974,1624.122062929293,28.843794757389546,226.42748622308412,1951
11.0,11.0,veh2765,3811.9764802946174,2696.214700735442,27.89563287278488,69.53524790941485,1951
11.0,11.0,veh2766,3504.402276272399,2581.4330363193353,26.90237765850228,69.53524790941485,1951
11.0,11.0,veh2769,987.9398642329475,1084.5875944162294,28.025700117483716,227.8321807756659,1951
11.0,11.0,veh2770,3398.518114656183,2545.3367639915086,25.715454904733598,69.53524790941083,1951
11.0,11.0,veh2771,2489.6443465958464,2189.448840328264,16.776885178463246,64.17996453826966,1951
11.0,11.0,veh2772,3779.943815887931,2687.6785997694465,29.303722868595305,69.53524790941388,1951
11.0,11.0,veh2776,1006.4580579055793,1092.7240349853907,28.71463750557537,227.83244033851838,1951
11.0,11.0,veh2777,2959.55338649162,2372.394960063851,20.74251090822395,69.51704550530252,1951
11.0,11.0,veh2780,1447.9107545362697,1500.2039515422282,25.661567007431817,226.42844698292348,1951
11.0,11.0,veh2783,3136.2662995803125,2438.405296427733,23.423762147024924,69.51704550529763,1951
11.0,11.0,veh2785,2379.510804056207,2198.934037466928,18.002536753481237,255.24031491675368,1951
11.0,11.0,veh2786,2940.1805946122813,2370.8747291736404,25.262128102811662,69.53524790941485,1951
11.0,11.0,veh2787,2755.5625670477343,2299.621728290631,22.24811113664294,69.5172346315423,1951
11.0,11.0,veh2789,2613.776664584479,2242.0781471628097,19.705784699167367,67.93728067657476,1951
11.0,11.0,veh2790,2736.9763668764726,2289.2522871552105,20.715743613993048,69.51704550530252,1951
11.0,11.0,veh2791,2141.3098707889562,2123.1559528672856,21.022211740517093,241.19587394105073,1951
11.0,11.0,veh2792,1348.7120417410295,1407.031492793473,28.465471767555762,227.83120150731506,1951
11.0,11.0,veh2793,2882.0100873480123,2349.166446891165,24.76143901839769,69.53524790940997,1951
11.0,11.0,veh2794,3816.3478892056028,2704.678728734992,32.23756465558093,69.53554701314668,1951
11.0,11.0,veh2795,3703.713496660418,2659.230690921821,31.197102782894454,69.53524790941083,1951
11.0,11.0,veh2799,2084.9097338063284,2085.7040576130285,21.835894045711516,234.02559766981668,1951
11.0,11.0,veh2800,2116.3592246403764,2105.7814107824565,21.716368032266928,241.1899490701965,1951
11.0,11.0,veh2801,2144.876624487846,2121.4654991484153,21.909160663807274,241.1899490701965,1951
11.0,11.0,veh2802,2009.1314986338098,1996.209464208369,23.317684370471806,236.39372880113112,1951
11.0,11.0,veh2803,2313.412170242747,2188.087891040841,20.096652060579768,260.71245982588556,1951
11.0,11.0,veh2806,2673.4265541505483,2271.326482430206,24.81530601213859,69.53524790941485,1951
11.0,11.0,veh2807,2781.306514260229,2337.1593947449,17.7272311380675,249.51597948852805,1951
11.0,11.0,veh2810,2709.4907047834954,2284.7850338342887,26.19887858349074,69.53524790941485,1951
11.0,11.0,veh2811,1852.0268747751447,1869.593933786852,25.18038524195053,231.41040469158855,1951
11.0,11.0,veh2813,1433.586174274847,1482.1568930607768,30.436524721558992,226.42608803381708,1951
11.0,11.0,veh2814,2499.1445382645593,2197.602480694933,20.568805005712335,64.17491334480732,1951
11.0,11.0,veh2816,1771.254674109121,1804.9037801487686,26.420765723773616,227.82200476000784,1951
11.0,11.0,veh2818,2502.2900891664767,2234.9994555176245,20.85366577745953,250.29797470206094,1951
11.0,11.0,veh2821,1823.4792572098731,1846.813156667335,26.899043276848417,231.41040469158855,1951
11.0,11.0,veh2822,1947.1807551743987,1949.3664090573927,25.803309717375882,231.71108177817254,1951
11.0,11.0,veh2823,2488.2341134541007,2201.805935164828,26.17377240621782,69.4047804408018,1951
11.0,11.0,veh2824,2039.2711950108198,2016.2389860427438,23.750062315449938,236.393728801129,1951
11.0,11.0,veh2825,2255.6265768806343,2169.2155781409556,24.726920128970942,254.92761049710725,1951
11.0,11.0,veh2826,1611.971351703051,1656.281497621977,30.69108778690529,226.42844698292348,1951
11.0,11.0,veh2828,2359.8458480416984,2153.5601838482908,24.63822441813998,69.40478044079691,1951
11.0,11.0,veh2830,2293.285689678114,2091.912375124054,21.911904009660525,62.675198993904196,1951
11.0,11.0,veh2831,2501.717595506366,2225.496927486154,21.426304446414182,249.73707028904334,1951
11.0,11.0,veh2832,2515.508032046252,2233.9978092282126,21.46092067020673,249.73707028904587,1951
11.0,11.0,veh2833,2325.6335807134824,2143.2689046067944,24.83355859481813,66.54958202659039,1951
11.0,11.0,veh2834,2615.9853278783007,2249.81229541666,28.434687783903836,69.40478044079691,1951
11.0,11.0,veh2835,2643.7094773021945,2263.6513521457387,28.89582896781514,69.40479072891247,1951
11.0,11.0,veh2839,2330.0109699747227,2110.486577425337,23.08589402130918,63.182606228575,1951
11.0,11.0,veh2841,2365.824016314153,2159.227591209666,27.508084762087925,69.40479072891247,1951
11.0,11.0,veh2842,1941.5070771163794,1879.4233782162225,17.82676209562943,53.365976334428176,1951
11.0,11.0,veh2843,2057.764543787769,2024.6869176341645,28.69921227158645,236.38906354905475,1951
11.0,11.0,veh2845,2623.5887921333897,2259.514789847704,31.825618574443403,69.404181650028,1951
11.0,11.0,veh2847,2068.2377431140576,1967.5569057257428,20.652475491954974,57.41587351268924,1951
11.0,11.0,veh2848,1648.9797033968637,1659.9673437068532,20.173762063469596,46.66812107751967,1951
11.0,11.0,veh2849,2026.5082032288253,2003.9116538117646,29.01235031861207,236.3890635490526,1951
11.0,11.0,veh2850,2519.4539651954615,2237.744320736213,24.503252327576405,250.29906305091748,1951
11.0,11.0,veh2851,2706.3539982562243,2309.1596208423716,22.69808506805893,249.51597948853478,1951
11.0,11.0,veh2852,2565.0723493822675,2254.078908645448,24.480759858643676,250.29906305091748,1951
11.0,11.0,veh2853,2125.035317948023,2045.0289490191406,26.395605379785763,60.01018258152782,1951
11.0,11.0,veh2854,1887.70070969223,1876.037495865472,23.346525243904292,51.290875569121276,1951
11.0,11.0,veh2856,2019.7038992508956,1995.5474275407946,31.080063928347023,236.39246785798844,1951
11.0,11.0,veh2857,2646.778189606808,2282.4939649420776,23.475281771109643,249.55283281120367,1951
11.0,11.0,veh2858,2143.137434483583,2059.167998649901,27.60929021233754,60.01147204933425,1951
11.0,11.0,veh2860,1417.8915516567856,1429.6788522185773,22.163018497722735,44.18753559879932,1951
11.0,11.0,veh2861,2060.456782685859,2005.8388175453458,26.77918243660176,57.108984983227735,1951
11.0,11.0,veh2863,1719.0067163881374,1697.2945793176357,18.822912038398638,49.90742684512333,1951
11.0,11.0,veh2866,1822.0009734095831,1823.1961918440347,24.77379389909336,46.66812107751967,1951
11.0,11.0,veh2869,2221.058447537586,2114.6548001551446,31.33502303588862,247.0384850024961,1951
11.0,11.0,veh2870,3068.672493574405,2444.524392252348,20.711618371641688,249.50852638808396,1951
11.0,11.0,veh2873,1702.3338466736468,1687.4433670384299,19.48508686034425,49.90713898144543,1951
11.0,11.0,veh2874,1555.7468303309463,1576.4060739142474,22.007891312929125,46.66855376395631,1951
11.0,11.0,veh2875,1544.0129879713159,1560.9413912884256,23.070619790431365,46.66812107751967,1951
11.0,11.0,veh2876,1799.960692660452,1806.7947674846778,26.729651661834087,46.66855376395631,1951
11.0,11.0,veh2878,2728.2818702688937,2312.881310977677,26.83580569288329,249.55283281120367,1951
11.0,11.0,veh2880,1884.893571776408,1877.8827777110273,29.23250095047384,51.289784463403585,1951
11.0,11.0,veh2881,3002.507417275964,2415.1219278555086,24.322872228320637,249.55283281120674,1951
11.0,11.0,veh2882,1676.6544057555986,1686.0757510039653,25.06099320645788,46.66812107751967,1951
11.0,11.0,veh2883,2985.463591331738,2405.353003726956,24.64327709314344,249.5529139945417,1951
11.0,11.0,veh2884,1545.9770869458528,1571.5860245291992,24.458684607419507,46.66805465855643,1951
11.0,11.0,veh2885,3202.7940817834487,2494.647651349399,22.155851429679643,249.50852638808396,1951
11.0,11.0,veh2886,1360.4870455147836,1373.4310321296823,21.499765656660102,47.89906525851306,1951
11.0,11.0,veh2887,2995.6294323528864,2405.7271276152455,24.630327082660333,249.55269624815674,1951
11.0,11.0,veh2888,1485.351445788483,1505.5998950680441,23.855507051780826,46.66812107752146,1951
11.0,11.0,veh2891,2723.407281730536,2307.6499156461086,30.003721230348912,249.55291399453682,1951
11.0,11.0,veh2894,1420.1800354350958,1436.6222263900472,29.414933718301672,44.185228513614526,1951
11.0,11.0,veh2895,3588.489834167273,2638.7879675171057,18.20447093942865,249.50852638808396,1951
11.0,11.0,veh2896,1635.5506536892606,1656.090224953495,27.907085287783204,46.66805465855454,1951
11.0,11.0,veh2898,2661.087549649357,2280.99761978027,32.669943619552754,249.55269624816162,1951
11.0,11.0,veh2900,1336.4709079177571,1356.037253877396,24.425129637280033,47.89499448326632,1951
11.0,11.0,veh2902,1391.4586620789737,1407.0721512391142,27.469635262817057,44.185228513614526,1951
11.0,11.0,veh2903,3851.046334673287,2736.9092892089297,15.657371809611536,249.50852638808217,1951
11.0,11.0,veh2904,1480.383637952364,1509.7048003936818,26.498194208530172,46.66805465855275,1951
11.0,11.0,veh2908,3646.4501348835347,2660.44860551683,19.698236322605027,249.50852638808396,1951
11.0,11.0,veh2909,3774.537151501623,2708.3166542526546,18.48367197226144,249.50852638808396,1951
11.0,11.0,veh2911,1369.2730600718216,1394.3092432268518,26.740471313543388,47.89906525851306,1951
11.0,11.0,veh2912,1196.6773769243894,1234.0261619321075,23.23857145617545,47.895922257154396,1951
11.0,11.0,veh2913,3804.5302293051122,2716.1111778461086,18.754588133973172,249.5082718117906,1951
11.0,11.0,veh2914,3060.3020492211945,2429.8394558152177,31.40043622376724,249.55269624816344,1951
11.0,11.0,veh2916,1121.3619132800336,1170.290119838433,22.98952911390775,47.90217138688305,1951
11.0,11.0,veh2917,1100.9066088603715,1147.4869221653726,21.900024990743553,47.902725492670406,1951
11.0,11.0,veh2918,1085.8641267439853,1133.896296269118,17.100894774526115,47.9027254926706,1951
11.0,11.0,veh2920,3440.9871215056282,2578.6020847487466,26.131071396243676,249.55283281120185,1951
11.0,11.0,veh2921,3224.834908850102,2498.013183376843,29.8984241403647,249.55283281120185,1951
11.0,11.0,veh2922,1065.0885386976045,1115.1259069990197,18.103688041273724,47.90272549266848,1951
11.0,11.0,veh2924,3393.3277056872685,2560.833032497825,27.814854889621866,249.55283281120185,1951
11.0,11.0,veh2925,1195.4775820850252,1237.2581507576303,26.352437818172096,47.899667054048464,1951
11.0,11.0,veh2927,3675.8487109720995,2666.166478548063,23.70714995118957,249.55283281120185,1951
11.0,11.0,veh2928,3833.0015814741255,2726.751495465586,18.095184689425057,249.5082718117857,1951
11.0,11.0,veh2929,3528.290790839783,2611.1518639572905,27.24054443812194,249.5528328112104,1951
11.0,11.0,veh2932,4001.3027856406075,2793.0623897157616,17.95926085449901,249.50852638808217,1951
11.0,11.0,veh2934,3476.57225805956,2588.4542364184954,30.54383241327953,249.55291399453682,1951
11.0,11.0,veh2938,1042.6282771103806,1094.8334439332693,18.83348008428377,47.902725492670406,1951
11.0,11.0,veh2939,1016.7468161914243,1071.4499856531424,21.340335055546305,47.902725492671465,1951
11.0,11.0,veh2941,1070.3079372636876,1124.1628269486655,25.689028117077605,47.90217138688305,1951
11.0,11.0,veh2942,4024.5653409876263,2798.342729823021,21.434523547970386,249.5082718117906,1951
11.0,11.0,veh2943,885.4970707047345,957.186116491342,25.069674126694775,47.90217138688295,1951
11.0,11.0,veh2945,3953.454823253573,2769.667485213874,23.39371706042003,249.55283281120856,1951
11.0,11.0,veh2946,3859.0431427787194,2734.467597539029,26.764571102445395,249.55283281120856,1951
11.0,11.0,veh2947,814.9658679259123,889.144342232714,23.843867585583688,47.902725492670506,1951
11.0,11.0,veh2948,4053.689779374463,2809.2271189129815,19.82837699126103,249.5082718117857,1951
11.0,11.0,veh2949,3933.595038574139,2758.8471456658317,25.74792211092418,249.55291399453682,1951
11.0,11.0,veh2950,3956.6503177886816,2767.4429012088103,22.93793830737217,249.55291399453867,1951
11.0,11.0,veh2951,4089.419313055755,2822.5799651181064,22.285642970473802,249.5082718117906,1951
11.0,11.0,veh2952,3988.4198486386344,2779.2876122773732,22.448864103605683,249.55291399453682,1951
11.0,11.0,veh2953,3966.6403560139984,2767.755683298261,27.93036313543101,249.55269624815674,1951
11.0,11.0,veh2954,4013.8645475805097,2792.1902864189947,21.989647020167588,249.55283281120674,1951
11.0,11.0,veh2957,4167.240035356267,2855.0756410678605,21.979014245864644,249.50852638808396,1951
11.0,11.0,veh2960,642.2214863027433,733.0727412724639,22.5342085964446,47.90272549266954,1951
11.0,11.0,veh2962,796.4866947481385,881.0753050255317,30.065154473904858,47.90278468712752,1951
11.0,11.0,veh2963,4300.959387903503,2899.229013836716,20.605756293572135,249.55283281120674,1951
11.0,11.0,veh2964,4266.764452319319,2892.2694157952137,21.98694305124987,249.50852638808396,1951
11.0,11.0,veh2965,602.4654175920191,697.1538116189147,22.909204274567255,47.90272549267137,1951
11.0,11.0,veh2966,4082.185386822788,2810.8351169078614,29.054747827071154,249.55269624815674,1951
11.0,11.0,veh2968,617.1012559672929,714.6903635098722,25.69487127381121,47.90217138688305,1951
11.0,11.0,veh2969,745.0808312609823,830.3199738577514,35.50385514351767,47.90217138688226,1951
11.0,11.0,veh2970,577.384266921968,674.4934199915954,23.325656267872823,47.902725492670406,1951
11.0,11.0,veh2971,4207.811820786936,2861.0840521786163,27.57131373393062,249.55291399453867,1951
11.0,11.0,veh2972,588.4119734627445,688.7695824043835,24.682897364344022,47.90217138688129,1951
11.0,11.0,veh2973,4422.283110011313,2950.389082271067,19.91316852155893,249.50852638808033,1951
11.0,11.0,veh2975,4276.629421672406,2886.74148485428,27.496889102656038,249.55291399453503,1951
11.0,11.0,veh2976,636.8085267266486,736.8091047139442,32.198970817895194,47.90278468712849,1951
11.0,11.0,veh2977,4474.791324585456,2970.012193501462,20.29803410277838,249.50852638808033,1951
11.0,11.0,veh2978,4400.130481784245,2932.786683966439,24.126192057366715,249.55291399453867,1951
11.0,11.0,veh2979,4504.893952367345,2977.8512040417213,19.892159601637005,249.5082718117906,1951
11.0,11.0,veh2980,476.59951744461165,583.4361187033719,26.09358436010743,47.902725492671465,1951
11.0,11.0,veh2981,4428.006119508575,2946.5963592696344,23.760966296611585,249.5528328112104,1951
11.0,11.0,veh2983,4533.815909873914,2988.6599219494665,21.454391414937596,249.5082718117906,1951
11.0,11.0,veh2984,454.0125806458664,567.3396637103695,28.200173481398693,47.90217138688163,1951
11.0,11.0,veh2986,4426.186721385826,2939.0914560181627,28.646185998871314,249.55269624815674,1951
11.0,11.0,veh2988,4594.640181654576,3011.39117710299,21.19839606211463,249.5082718117857,1951
11.0,11.0,veh2989,381.1274302712055,501.48789385858913,26.324928340279886,47.9021713868827,1951
11.0,11.0,veh2990,349.45461741790825,468.5628712226732,25.462445140594767,47.90272549267098,1951
11.0,11.0,veh2991,4552.364745320583,2989.5445528452638,27.71943070334485,249.55291399453503,1951
11.0,11.0,veh2993,4659.672030030698,3039.1048997899834,21.754222888115592,249.50852638808396,1951
11.0,11.0,veh2994,4588.529331064321,3003.027882865842,28.154566313197314,249.55291399453867,1951
11.0,11.0,veh2995,4644.857766529205,3027.4460335772997,24.777279961322424,249.5528328112104,1951
11.0,11.0,veh2996,4657.134705880106,3028.606190782361,25.53011217536828,249.55291399454356,1951
11.0,11.0,veh2997,240.8660074761372,370.4549151756253,23.520193125793906,47.902725492670506,1951
11.0,11.0,veh2998,242.33774876931997,376.09134713977386,27.960451351615518,47.902171386882166,1951
11.0,11.0,veh3000,4703.80177000186,3049.422364163807,25.30031660057251,249.55283281120185,1951
11.0,11.0,veh3002,205.1755564849164,338.20920175297766,25.930503284876753,47.90272549267098,1951
11.0,11.0,veh3004,4781.816157496171,3081.342608347545,24.569668106874243,249.5082718117906,1951
11.0,11.0,veh3005,4811.894530078093,3092.5835018551234,23.751010275018135,249.5082718117857,1951
11.0,11.0,veh3006,169.26764402141998,314.3947729742961,27.954241420670208,47.902784687127564,1951
11.0,11.0,veh3008,129.99224540445957,270.28236317471146,27.5040828511223,47.902725492670506,1951
11.0,11.0,veh3009,105.85265284274348,248.57285030514154,26.33152221182868,48.39067652278637,1951
11.0,11.0,veh3010,83.5377288045434,228.75423916615412,23.641986822592486,48.39067652278661,1951
11.0,11.0,veh3011,4892.756393192853,3113.0457754741483,27.8224485829471,249.55269624816162,1951
11.0,11.0,veh3013,63.33504711015799,219.36876076199795,25.375867568349072,48.38699640677886,1951
11.0,11.0,veh3014,48.613305429214584,197.73672080292187,23.137962,48.39067652278661,1951
12.0,12.0,veh2581,110.33603001529764,289.8425984404315,25.19636365908529,227.8366176887914,1952
12.0,12.0,veh2594,4467.213490472003,2935.5748027061395,18.112554068334557,69.51704550530069,1952
12.0,12.0,veh2600,4694.913616102922,3020.6311894765345,18.960757673139906,69.51704550530434,1952
12.0,12.0,veh2604,4323.955676375957,2882.061472356092,16.953993774007557,69.51704550529581,1952
12.0,12.0,veh2618,230.52757286821338,398.6857455311274,26.123907664051682,227.8366176887904,1952
12.0,12.0,veh2628,378.5096411946013,532.6954574236286,21.646530530226872,227.8366176887904,1952
12.0,12.0,veh2636,670.7365536426444,797.3305229237521,23.68011962189016,227.83661768878957,1952
12.0,12.0,veh2646,530.6233584837776,670.4467110678171,25.36150184386339,227.8366176887905,1952
12.0,12.0,veh2648,776.8890054597791,893.4601394751393,21.4824077091533,227.83661768878957,1952
12.0,12.0,veh2659,4739.572700400064,3037.3133952340604,22.453191730167728,69.51704550529703,1952
12.0,12.0,veh2664,420.79056896350403,570.9842515521261,26.246961721393873,227.83661768879236,1952
12.0,12.0,veh2667,4151.180173842473,2817.5219384967304,19.136338145497433,69.51704550530434,1952
12.0,12.0,veh2668,752.451485494195,871.3299919039339,21.625699033806622,227.8366176887904,1952
12.0,12.0,veh2669,4661.296150025241,3011.4930108933463,22.11924545779285,69.51723463154048,1952
12.0,12.0,veh2673,4365.205158942935,2900.890628969871,20.964711473819225,69.51723463154048,1952
12.0,12.0,veh2675,4658.6892480612905,3012.19406277455,25.36759773865851,69.53524790941485,1952
12.0,12.0,veh2676,129.10640503291393,302.514605159967,25.693888575057144,227.8366522468938,1952
12.0,12.0,veh2678,357.07265065148295,508.9561977693346,29.763471314527226,227.8366522468939,1952
12.0,12.0,veh2679,4703.896633457034,3029.064719909532,25.156530517916202,69.53524790941485,1952
12.0,12.0,veh2681,4769.010972091581,3053.364326534824,26.2339561623205,69.53524790941485,1952
12.0,12.0,veh2682,53.381399701731084,237.3699974323002,24.19501020304033,227.24328187508192,1952
12.0,12.0,veh2690,4629.00115220943,2999.42947708036,21.49051112788785,69.51723463154048,1952
12.0,12.0,veh2693,4459.310105561784,2937.7890264396556,25.84007564597382,69.53524790941485,1952
12.0,12.0,veh2696,4905.894392503251,3104.446981127945,27.97685184370859,69.53524790941485,1952
12.0,12.0,veh2697,4716.121453239023,3037.044788477958,27.483373227951557,69.53524790941206,1952
12.0,12.0,veh2698,3507.285440957414,2576.997875157104,17.73826890511789,69.51704550530252,1952
12.0,12.0,veh2700,4003.337157543266,2767.6273769324566,22.918245414007412,69.53524790941667,1952
12.0,12.0,veh2701,1391.6168210714516,1451.0637565321802,23.420885453340382,226.42748622308224,1952
12.0,12.0,veh2702,4549.715715144235,2971.5269218961835,26.002293740153068,69.53524790941485,1952
12.0,12.0,veh2704,48.21502284692965,228.22720815259106,28.099018270240744,227.24398437946158,1952
12.0,12.0,veh2705,419.6144167707987,565.5927483570786,26.75549887123071,227.836652246894,1952
12.0,12.0,veh2706,4197.950660416433,2840.2539544721553,25.05181219008182,69.53524790941485,1952
12.0,12.0,veh2708,3942.2703285184984,2744.8382347208744,23.240140870317042,69.5352479094118,1952
12.0,12.0,veh2712,1105.6825545390363,1191.2297041305076,22.044649222100457,227.8321807756659,1952
12.0,12.0,veh2713,634.5758057683965,755.9463522025312,30.421752421894368,227.83635535128028,1952
12.0,12.0,veh2714,4438.324466297807,2933.3754946493086,27.073116487434753,69.5352479094157,1952
12.0,12.0,veh2715,3637.815357195698,2625.7567548894185,20.44133029335331,69.51704550529763,1952
12.0,12.0,veh2717,3941.6651834115146,2739.2585295024955,23.31198274761736,69.51704550530252,1952
12.0,12.0,veh2718,1005.3653441387737,1096.0442554861916,28.687498119021438,227.83120150731685,1952
12.0,12.0,veh2719,376.8444697182322,518.2313000078393,34.92855694504826,227.83638990725308,1952
12.0,12.0,veh2720,3843.06129722723,2702.4254787647506,22.933730030480703,69.51704550529945,1952
12.0,12.0,veh2721,777.6316983791802,889.8059124435534,25.06121380289694,227.8366522468939,1952
12.0,12.0,veh2724,4558.147106705954,2978.0913450714925,28.4479462087845,69.5352479094157,1952
12.0,12.0,veh2725,1058.6149802030966,1144.2752631612545,28.60202717558419,227.83120150731506,1952
12.0,12.0,veh2726,1278.5178514225595,1347.770383172554,26.432324399736398,227.8321807756659,1952
12.0,12.0,veh2728,4222.592868072454,2849.4500234943844,27.455322671166194,69.53524790941361,1952
12.0,12.0,veh2729,617.566790728288,744.8543896132369,27.211495851618615,227.8366522468938,1952
12.0,12.0,veh2730,3987.3620890143784,2759.750422796696,25.794773049791424,69.5172346315423,1952
12.0,12.0,veh2731,2946.4687176797443,2367.5072392154693,17.618413441599518,69.51704550529763,1952
12.0,12.0,veh2732,1151.7283223090806,1224.2972679600239,28.787262005132327,227.8324403385203,1952
12.0,12.0,veh2733,1648.5303989876975,1695.4836460284114,24.713354435100758,226.42999412673183,1952
12.0,12.0,veh2734,1418.209144301662,1476.362969109317,24.487060390309857,226.42748622308594,1952
12.0,12.0,veh2735,866.7822760533718,974.8657545578546,26.289382520358547,227.8366176887904,1952
12.0,12.0,veh2737,3324.0131745143894,2508.5373210152393,20.055789705010216,69.51704550530252,1952
12.0,12.0,veh2739,3902.685425688091,2728.1201437970353,24.393561884072977,69.5172346315374,1952
12.0,12.0,veh2740,4181.135340355395,2837.3967176278743,27.722248448825063,69.5352479094157,1952
12.0,12.0,veh2742,3302.9692356139303,2506.261518770659,23.367381110181086,69.53524790941304,1952
12.0,12.0,veh2744,518.3440334255115,655.0002799177555,28.6498062723067,227.83665224689295,1952
12.0,12.0,veh2745,3718.263189134677,2661.24243259142,25.246586665024743,69.5352479094118,1952
12.0,12.0,veh2747,1194.2971577083892,1271.4898732238637,24.130597696382424,227.8321807756659,1952
12.0,12.0,veh2748,1348.762135364213,1402.7534433888502,29.7791709631146,227.83244033852014,1952
12.0,12.0,veh2752,3396.362158688401,2538.9872048016896,23.258356439076152,69.51723463154048,1952
12.0,12.0,veh2753,1146.3117941346218,1223.7068991014646,24.9089906663795,227.83120150731685,1952
12.0,12.0,veh2754,3240.5629601746327,2477.3648581661855,21.377902228282146,69.51704550529763,1952
12.0,12.0,veh2755,1792.3048864977193,1823.9762209428295,22.53696799238628,227.8220047600098,1952
12.0,12.0,veh2756,3402.79392297514,2543.514460061891,25.147386924405048,69.53524790941485,1952
12.0,12.0,veh2758,3331.9933628179756,2514.942764547727,22.82334348259452,69.51723463154048,1952
12.0,12.0,veh2759,3084.2908423336467,2418.9900915309804,20.49179872916345,69.51704550530252,1952
12.0,12.0,veh2761,707.9961221092985,826.7453517521311,30.007015332327928,227.8366522468939,1952
12.0,12.0,veh2762,832.7570548843019,939.7263134186946,28.840632842273354,227.8366522468949,1952
12.0,12.0,veh2764,1552.6677495403853,1604.283226670538,28.783180721039965,226.42748622308412,1952
12.0,12.0,veh2765,3838.68607440512,2706.18228458282,28.518264094608273,69.53524790941972,1952
12.0,12.0,veh2766,3529.1130629146874,2590.6546978980423,26.384105147190475,69.53524790941485,1952
12.0,12.0,veh2769,966.8688280877338,1065.5030997223353,28.429841382474617,227.8321807756659,1952
12.0,12.0,veh2770,3422.8188314651898,2554.405394212659,25.937763189802318,69.5352479094157,1952
12.0,12.0,veh2771,2505.011368106648,2196.8841792946673,17.07237022408442,64.17996453827192,1952
12.0,12.0,veh2772,3807.3754869051345,2697.9156509131835,29.279637812209348,69.53524790941206,1952
12.0,12.0,veh2776,984.2629582537945,1072.6216346120555,29.945096931127186,227.8324403385203,1952
12.0,12.0,veh2777,2979.4184737572314,2379.815476591937,21.207112720921895,69.51704550530434,1952
12.0,12.0,veh2780,1428.8759158558735,1482.0953321505776,26.272770401889513,226.42844698292348,1952
12.0,12.0,veh2783,3158.263586546405,2446.622286835196,23.48335741026206,69.51704550529763,1952
12.0,12.0,veh2785,2361.0330567405235,2195.868298815276,18.731091977944583,260.72184418710367,1952
12.0,12.0,veh2786,2963.006953459867,2379.3931531078397,24.372071220571787,69.53524790941485,1952
12.0,12.0,veh2787,2777.7323711436,2304.4765144258604,22.175857276272684,69.51704550530252,1952
12.0,12.0,veh2789,2631.985449527715,2249.45817020342,19.648729012077915,67.93728067657476,1952
12.0,12.0,veh2790,2756.2938575155345,2296.4682513567095,20.622522115828698,69.51704550529763,1952
12.0,12.0,veh2791,2122.7648716271287,2112.959014123034,21.161910913665352,241.19587394105326,1952
12.0,12.0,veh2792,1327.95748685364,1388.2329963144168,28.00263984221111,227.83120150731506,1952
12.0,12.0,veh2793,2905.685073803354,2358.0015647743817,25.278164594205194,69.53524790941485,1952
12.0,12.0,veh2794,3846.539642963171,2715.9456180719635,32.21493721387945,69.53554701314668,1952
12.0,12.0,veh2795,3733.870714434669,2670.4848715553744,32.188794233506144,69.5352479094157,1952
12.0,12.0,veh2799,2067.580127045072,2073.2049248794215,21.434243517963235,234.5955814407698,1952
12.0,12.0,veh2800,2097.707043106142,2094.769253745073,21.72259844881164,237.15262406959656,1952
12.0,12.0,veh2801,2125.6615147319603,2110.8975132526166,21.931138158120888,241.1899490701965,1952
12.0,12.0,veh2802,1990.4247679483144,1983.5048938769028,22.614413337578707,233.78696533378516,1952
12.0,12.0,veh2803,2293.1073134418566,2182.6187414431183,21.02692542038418,254.92504650770786,1952
12.0,12.0,veh2806,2696.6035482415705,2279.9757577047267,24.746450120971403,69.53524790941485,1952
12.0,12.0,veh2807,2765.3625119423414,2331.203244320565,17.018898473804065,249.51597948852805,1952
12.0,12.0,veh2810,2733.213003670904,2293.637807943643,25.32868084042974,69.53524790941485,1952
12.0,12.0,veh2811,1831.8120153280065,1853.4626329343482,25.862272002189087,231.41040469158855,1952
12.0,12.0,veh2813,1411.5445922193085,1461.1861070368827,30.42341925215241,226.42608803381708,1952
12.0,12.0,veh2814,2518.333198359838,2206.8518137549263,21.301259406920423,64.55862274621938,1952
12.0,12.0,veh2816,1750.932627043314,1786.4910899430083,27.423463854842225,227.8220047600098,1952
12.0,12.0,veh2818,2482.6533997263527,2227.9677196663615,20.856144280685832,250.29797470206094,1952
12.0,12.0,veh2821,1802.8729350045703,1829.2333521462851,27.097285477200668,227.82200476001154,1952
12.0,12.0,veh2822,1927.1469940146717,1933.550988439407,25.51648426076593,231.71108177817254,1952
12.0,12.0,veh2823,2512.506642756106,2210.927067916068,25.938279562711894,69.40478044079691,1952
12.0,12.0,veh2824,2019.6774570131809,2003.2178461436674,23.51882018285585,236.3937288011304,1952
12.0,12.0,veh2825,2232.595273977821,2160.4261331263824,24.6848226178983,247.6714466780621,1952
12.0,12.0,veh2826,1589.6868209991235,1635.081313495669,30.758146603108205,226.42844698292535,1952
12.0,12.0,veh2828,2383.821388807582,2162.5697142267472,25.620909601757266,69.4047804407951,1952
12.0,12.0,veh2830,2312.3538391113616,2101.5605897088453,21.37648126985487,63.1763293957166,1952
12.0,12.0,veh2831,2480.762561577373,2217.760834437092,22.337387256228435,249.73707028904153,1952
12.0,12.0,veh2832,2495.401742424355,2226.5750521039117,21.426304446414182,249.73707028903914,1952
12.0,12.0,veh2833,2349.998155219416,2153.280551268503,26.349159721361744,69.40479072891733,1952
12.0,12.0,veh2834,2642.8913822607783,2259.923054406016,28.752535502947328,69.4047804407951,1952
12.0,12.0,veh2835,2671.612162728449,2274.067346904071,29.78349393233086,69.5352479094157,1952
12.0,12.0,veh2839,2350.4152844783907,2120.8013144022884,22.86470636505281,63.182606228575,1952
12.0,12.0,veh2841,2391.199655806473,2168.7632455851212,27.108203518149345,69.40479072891247,1952
12.0,12.0,veh2842,1956.3021719528465,1890.424822817612,18.445342781115514,53.365976334428176,1952
12.0,12.0,veh2843,2034.485682096215,2009.214073261511,27.95195220322946,236.38906354905475,1952
12.0,12.0,veh2845,2653.8260977244877,2270.8515161255796,32.28206573862223,69.53554701314485,1952
12.0,12.0,veh2847,2085.2036692172433,1978.4004465696225,20.144172085818862,57.41587351269143,1952
12.0,12.0,veh2848,1663.2673080040445,1673.446317953766,19.648739104715034,46.66812107751967,1952
12.0,12.0,veh2849,2002.6154617988518,1988.030779794795,28.68906458158373,236.38906354905336,1952
12.0,12.0,veh2850,2496.6193075631104,2229.567908328761,24.256204328075174,250.29906305091922,1952
12.0,12.0,veh2851,2684.9031765331288,2301.1463053422212,22.89697089892324,249.51597948852805,1952
12.0,12.0,veh2852,2541.5877333021676,2245.669765430201,24.946625229810405,250.29906305091922,1952
12.0,12.0,veh2853,2148.3991477307304,2058.5125267215935,26.98435690016521,60.01018258152782,1952
12.0,12.0,veh2854,1906.1552542050867,1890.8271998054781,23.657442293271274,51.29087556912168,1952
12.0,12.0,veh2856,1993.4851941211657,1977.7631747149844,31.701409160704294,232.95506351820833,1952
12.0,12.0,veh2857,2623.7578584944913,2273.961033949589,24.5436131995639,249.73707028904403,1952
12.0,12.0,veh2858,2167.041885708622,2072.962859044351,27.599347495698055,60.01147204933425,1952
12.0,12.0,veh2860,1434.7136657143203,1446.9849427607337,24.14590080281771,44.18753559879932,1952
12.0,12.0,veh2861,2083.151321902429,2020.5155255416907,27.03571350314239,57.108984983227735,1952
12.0,12.0,veh2863,1733.090231950253,1709.150880936622,18.41793831123664,49.907426845121655,1952
12.0,12.0,veh2866,1841.6909648756975,1839.1647080425223,25.365196631813955,51.290875569121276,1952
12.0,12.0,veh2869,2192.299301922178,2102.470058398462,31.233844441675643,247.03848500249813,1952
12.0,12.0,veh2870,3048.3396415947886,2436.925698995243,21.70468593585161,249.50852638808217,1952
12.0,12.0,veh2873,1716.8116907749545,1699.6317610628084,18.916683695115587,49.90713898144543,1952
12.0,12.0,veh2874,1572.1014231703566,1591.8348183852072,22.48379121654506,46.66855376395631,1952
12.0,12.0,veh2875,1560.016052984352,1576.0387366526707,22.007891312929125,46.66812107751967,1952
12.0,12.0,veh2876,1819.5328670796255,1825.2589433170958,26.90722340907656,46.66855376395821,1952
12.0,12.0,veh2878,2702.5444169832726,2303.285512447942,27.45990400448077,249.55283281120367,1952
12.0,12.0,veh2880,1907.2047296176513,1895.7639178237353,28.59241468884844,51.289784463403585,1952
12.0,12.0,veh2881,2979.744159863216,2406.635010770543,24.28666334802373,249.55283281119816,1952
12.0,12.0,veh2882,1694.8591126577637,1703.2501327322748,25.035654767396572,46.66812107752146,1952
12.0,12.0,veh2883,2962.5248511961518,2396.8006977308078,24.481129039571858,249.55291399453867,1952
12.0,12.0,veh2884,1562.946511250239,1587.5950736788282,23.32151950631416,46.66805465855275,1952
12.0,12.0,veh2885,3181.725274992071,2486.773920686264,22.49029476575295,249.50852638808396,1952
12.0,12.0,veh2886,1377.0447437226123,1388.3925512043654,22.315766636286654,47.89906525851499,1952
12.0,12.0,veh2887,2971.93642007695,2396.8935019525225,25.293675753499667,249.55269624815978,1952
12.0,12.0,veh2888,1502.9810669832646,1522.231739005541,24.24477978604753,46.66812107751967,1952
12.0,12.0,veh2891,2695.2294135616867,2297.14429286671,30.072533304977572,249.55291399454356,1952
12.0,12.0,veh2894,1441.6110081934894,1458.6715499971003,30.734760638119965,44.185228513614526,1952
12.0,12.0,veh2895,3571.6368430329076,2632.489750708999,17.990042912710564,249.50852638808217,1952
12.0,12.0,veh2896,1656.1019508033394,1675.4784328081876,28.244180116479193,46.66805465855454,1952
12.0,12.0,veh2898,2631.046582018735,2269.8287032294143,32.059543102430865,249.73772142144335,1952
12.0,12.0,veh2900,1356.2972544267657,1373.9548791255745,26.724929582275937,47.89499448326632,1952
12.0,12.0,veh2902,1411.5160899059688,1427.7082988311229,28.76492123007439,44.185228513612664,1952
12.0,12.0,veh2903,3836.478677033852,2731.4651359741765,15.550520615697346,249.50852638808706,1952
12.0,12.0,veh2904,1500.0676141180234,1528.2747728478862,27.05219846442195,46.66805465855454,1952
12.0,12.0,veh2908,3628.309674702617,2653.669242120307,19.36437600359039,249.50852638808217,1952
12.0,12.0,veh2909,3757.607551490948,2701.9898075527635,18.071820501111148,249.50852638807908,1952
12.0,12.0,veh2911,1388.4126128516464,1412.5928811174977,26.379719795797723,45.39288609520109,1952
12.0,12.0,veh2912,1213.5646014711806,1249.2871234775735,22.76075296314262,47.895922257154396,1952
12.0,12.0,veh2913,3786.765366176278,2709.472090772363,18.96633140627864,249.5082718117906,1952
12.0,12.0,veh2914,3032.4017896463083,2419.437213748781,29.7851582106499,249.55269624816344,1952
12.0,12.0,veh2916,1137.7840803903239,1185.1275560439608,22.13213232647945,47.90217138687955,1952
12.0,12.0,veh2917,1117.9606027924076,1162.89491466116,22.983060223300086,47.902725492670406,1952
12.0,12.0,veh2918,1098.553409758677,1145.3608469336996,17.100894774526115,47.9027254926706,1952
12.0,12.0,veh2920,3416.013848223005,2569.2911985321234,26.6445820963028,249.55283281120367,1952
12.0,12.0,veh2921,3196.681707164229,2487.5167116262533,30.037323706178764,249.55283281120185,1952
12.0,12.0,veh2922,1077.99026040408,1126.7823923964188,17.38719083317873,47.9027254926706,1952
12.0,12.0,veh2924,3367.327395090633,2551.1392318164953,27.740352751573454,249.55283281120367,1952
12.0,12.0,veh2925,1215.0468724213533,1254.940568020492,26.37454760864441,47.899667054046716,1952
12.0,12.0,veh2927,3654.1758973742253,2658.086116029294,23.12324278164357,249.55283281120674,1952
12.0,12.0,veh2928,3814.943103338488,2720.002678551414,19.279804101479552,249.5082718117857,1952
12.0,12.0,veh2929,3501.8690535567375,2601.30094106449,28.18998295489429,249.55283281120185,1952
12.0,12.0,veh2932,3983.9926452941013,2786.5933293565754,18.47803545233474,249.50852638808217,1952
12.0,12.0,veh2934,3447.4410987059828,2577.5931957797443,31.089923290987578,249.55291399453503,1952
12.0,12.0,veh2938,1056.4197268584312,1107.2937834332624,18.586245626054204,47.90272549267234,1952
12.0,12.0,veh2939,1031.5659153962342,1084.8387889007572,19.97117219793347,47.9027254926706,1952
12.0,12.0,veh2941,1091.2810322791397,1143.1120287948243,28.265411687775696,47.90217138688305,1952
12.0,12.0,veh2942,4004.9059722867787,2790.995627868267,20.988965651713006,249.5082718117906,1952
12.0,12.0,veh2943,904.1564131582088,974.0448417394267,25.14717050020849,47.902171386882166,1952
12.0,12.0,veh2945,3931.840051018011,2761.608762490346,23.06131706507441,249.55283281120856,1952
12.0,12.0,veh2946,3833.8142555636277,2725.0614097488533,26.917302709717685,249.55283281120367,1952
12.0,12.0,veh2947,832.6740497009662,905.1433822811291,23.864685879632926,47.902725492670506,1952
12.0,12.0,veh2948,4034.378258110207,2802.010014549719,20.617592694129534,249.5082718117906,1952
12.0,12.0,veh2949,3910.3647965417476,2750.1861583120676,24.792231371643634,249.55291399453682,1952
12.0,12.0,veh2950,3934.534177591638,2759.1972871384282,23.603217910871233,249.55291399453682,1952
12.0,12.0,veh2951,4068.9477017412255,2814.929311742881,21.856141631717854,249.5082718117906,1952
12.0,12.0,veh2952,3966.8745685191393,2771.254833351176,22.993973499914034,249.55291399453682,1952
12.0,12.0,veh2953,3939.423989825791,2757.608421818538,29.05506203836287,249.5526962481549,1952
12.0,12.0,veh2954,3991.321213196172,2783.7853641238503,24.052022213117137,249.55283281120856,1952
12.0,12.0,veh2957,4145.827531233345,2847.0734655314573,22.85718095789355,249.50852638808033,1952
12.0,12.0,veh2960,659.0232396549852,748.2528387088249,22.64312457776899,47.902725492669624,1952
12.0,12.0,veh2962,818.6860916764505,901.1320396670844,29.91818950320814,47.90278468712761,1952
12.0,12.0,veh2963,4281.333754465646,2891.911909755042,20.939057343788097,249.55283281120185,1952
12.0,12.0,veh2964,4245.762006052174,2884.420485060221,22.419456973865778,249.50852638808885,1952
12.0,12.0,veh2965,619.722556063523,712.7453417395049,23.256830883899184,47.9027254926706,1952
12.0,12.0,veh2966,4055.1968839077426,2800.772811230041,28.811804672842303,249.55269624815674,1952
12.0,12.0,veh2968,635.9412035199883,731.712265555519,25.390571747312556,47.90217138688129,1952
12.0,12.0,veh2969,770.7310533193277,853.4949623286601,34.56876945571619,47.902171386882166,1952
12.0,12.0,veh2970,594.0512874620317,689.5517886313326,22.461549965470955,47.9027254926706,1952
12.0,12.0,veh2971,4181.573274720202,2851.301471551679,28.002812197778294,249.55291399453867,1952
12.0,12.0,veh2972,608.1168932710214,706.5729873159764,26.556293682224737,47.90217138688129,1952
12.0,12.0,veh2973,4403.40264930957,2943.3331695260567,20.154303501856578,249.50852638808033,1952
12.0,12.0,veh2975,4250.836180964853,2877.124928502038,27.527564738864655,249.55291399453867,1952
12.0,12.0,veh2976,660.7276872693684,758.4196132067311,32.2359197497876,47.90278468712665,1952
12.0,12.0,veh2977,4455.43746560517,2962.7793646843393,20.659641413559637,249.50852638808396,1952
12.0,12.0,veh2978,4377.792021338773,2924.458181699824,23.840486856667557,249.55291399453867,1952
12.0,12.0,veh2979,4484.727727234679,2970.314679632073,21.530101656621166,249.5082718117906,1952
12.0,12.0,veh2980,495.5459174676706,600.5538678089993,25.53338851180824,47.90272549266997,1952
12.0,12.0,veh2981,4405.393267659746,2938.16551849778,24.126192057366715,249.55283281120674,1952
12.0,12.0,veh2983,4515.100673388072,2981.6656612149964,19.980980149586053,249.5082718117906,1952
12.0,12.0,veh2984,474.55822728874205,585.9026657379129,27.68934009618448,47.902171386882166,1952
12.0,12.0,veh2986,4399.368791615135,2929.092746276891,28.62970786913889,249.55269624815674,1952
12.0,12.0,veh2988,4574.04953169912,3003.6960365906266,21.98323106086755,249.5082718117857,1952
12.0,12.0,veh2989,400.9276657928883,519.377416564962,26.684750539820097,47.9021713868827,1952
12.0,12.0,veh2990,368.6911783093434,485.9427757213614,25.924427979683657,47.902725492670506,1952
12.0,12.0,veh2991,4526.345493496936,2979.843732221665,27.768772724341698,249.55291399453503,1952
12.0,12.0,veh2993,4639.493923292301,3031.5640371619606,21.539500212564864,249.50852638808396,1952
12.0,12.0,veh2994,4562.4490363198265,2993.3043034623406,27.833920139299803,249.55291399453503,1952
12.0,12.0,veh2995,4622.5339284232905,3019.1229469650566,23.817836387971408,249.55283281120552,1952
12.0,12.0,veh2996,4632.999863385016,3019.60793904897,25.757656696908683,249.55291399454356,1952
12.0,12.0,veh2997,257.93212790993493,385.8738637588191,22.999402677823984,47.902725492670285,1952
12.0,12.0,veh2998,263.04838035545794,394.80341314615083,27.911690080302687,47.90217138688266,1952
12.0,12.0,veh3000,4679.304427439094,3040.288921117306,26.136800237117527,249.55283281120674,1952
12.0,12.0,veh3002,223.8204691666948,355.0545621905581,25.127084759805737,47.902725492670506,1952
12.0,12.0,veh3004,4759.481153679634,3072.9955676720815,23.84555857665816,249.5082718117906,1952
12.0,12.0,veh3005,4789.9759463318,3084.392085745161,23.40097530015356,249.5082718117906,1952
12.0,12.0,veh3006,189.79895298504522,332.9444217353391,27.670102674692664,47.90278468712709,1952
12.0,12.0,veh3008,149.58730828207052,287.9861681001698,26.40756833796499,47.902725492670506,1952
12.0,12.0,veh3009,125.27890108296151,266.0239370121876,26.11320971043356,47.9027254926704,1952
12.0,12.0,veh3010,99.86835589939841,247.52989547910167,24.67692879474228,48.39120681968318,1952
12.0,12.0,veh3011,4865.976596673745,3103.061283210412,28.588998393714274,249.55269624815674,1952
12.0,12.0,veh3013,82.35730385999906,236.26523245468536,25.44299227280689,48.38699640677916,1952
12.0,12.0,veh3014,65.3758291864217,212.62406433514397,22.418574317915077,48.39067652278661,1952
12.0,12.0,veh3017,4941.35307187319,3140.964765768308,26.250708,249.5082718117906,1952
13.0,13.0,veh2581,91.69514474352661,272.7951911289664,25.261685231349947,227.24328187508186,1953
13.0,13.0,veh2594,4483.411740442999,2941.6255881886636,17.29255494443436,69.51704550530434,1953
13.0,13.0,veh2600,4713.200631845883,3027.4622242842665,19.522431439887022,69.51704550529581,1953
13.0,13.0,veh2604,4340.310580118806,2888.17077517044,17.459791773220076,69.51704550529581,1953
13.0,13.0,veh2618,211.8310051560128,381.75449378673034,25.224349379033253,227.8366176887914,1953
13.0,13.0,veh2628,362.1207665656402,517.8540081040711,22.110940678182512,227.83661768879227,1953
13.0,13.0,veh2636,652.8423810633418,781.1259047627326,24.141803347921492,227.8366176887914,1953
13.0,13.0,veh2646,512.1462305311973,653.7141797447323,24.92829369386587,227.8366176887913,1953
13.0,13.0,veh2648,761.0060584426063,879.076848459902,21.42837182187219,227.8366176887914,1953
13.0,13.0,veh2659,4760.581336028177,3045.161079255103,22.427915766040805,69.51704550530434,1953
13.0,13.0,veh2664,401.65742528327576,553.6576450167313,25.813352928644097,227.8366176887904,1953
13.0,13.0,veh2667,4170.1576498778495,2824.6108917290503,20.259537149758255,69.51704550530434,1953
13.0,13.0,veh2668,736.3352955084201,856.7354805470914,21.743050014189965,227.83661768878957,1953
13.0,13.0,veh2669,4681.8058232482645,3019.154232542295,21.89248572725729,69.51723463153924,1953
13.0,13.0,veh2673,4384.837218655227,2908.22402522859,20.955701359764095,69.51723463154411,1953
13.0,13.0,veh2675,4681.954600356084,3020.8763118861516,24.840791599154905,69.53524790940997,1953
13.0,13.0,veh2676,110.01744999007519,285.22803595934124,25.75314586841,227.8366522468938,1953
13.0,13.0,veh2678,335.00237531036237,488.96980558050313,29.77528203824269,227.83665224689295,1953
13.0,13.0,veh2679,4728.120326520186,3038.104606127989,25.864027482545012,69.53524790941485,1953
13.0,13.0,veh2681,4794.410387048916,3062.8429729423356,27.119364697384697,69.53524790941485,1953
13.0,13.0,veh2682,34.531152213198936,219.94090853005667,25.673824018785854,227.24328187508186,1953
13.0,13.0,veh2690,4650.085747901825,3007.305456342505,22.506170880508485,69.51723463154411,1953
13.0,13.0,veh2693,4483.3473122111,2946.759318977332,25.664912933000277,69.53524790941485,1953
13.0,13.0,veh2696,4932.297202159876,3114.30007803275,28.190705388939403,69.53524790941485,1953
13.0,13.0,veh2697,4741.9061880350055,3046.667229949665,27.52175379461001,69.5352479094157,1953
13.0,13.0,veh2698,3524.7926031529882,2583.537599080544,18.689893336020194,69.51704550529763,1953
13.0,13.0,veh2700,4025.1131696151324,2775.753828622058,23.250599040315443,69.53524790941485,1953
13.0,13.0,veh2701,1374.5851520570639,1434.8602901705456,23.508803364834534,226.42748622308412,1953
13.0,13.0,veh2702,4574.812823281078,2980.8927523406956,26.796586833042777,69.53524790940997,1953
13.0,13.0,veh2705,399.7900641230326,547.640218051771,26.745279892953302,227.83665224689477,1953
13.0,13.0,veh2706,4221.756057537306,2849.1377394836672,25.41740616354564,69.53524790941485,1953
13.0,13.0,veh2708,3965.112234901281,2753.362460741023,24.388671574472607,69.53524790941485,1953
13.0,13.0,veh2712,1088.9522457099592,1176.0767003638532,22.573167404419117,227.8321807756659,1953
13.0,13.0,veh2713,612.0863669233328,735.5801619700446,30.340334712142383,227.83635535128212,1953
13.0,13.0,veh2714,4463.9925890681,2942.9544184195165,27.39728606260164,69.5352479094157,1953
13.0,13.0,veh2715,3657.1005695725935,2632.9606616871565,20.588063231503252,69.51704550529763,1953
13.0,13.0,veh2717,3963.4456212404143,2747.394516862495,23.25185859858356,69.51704550530252,1953
13.0,13.0,veh2718,984.102633473033,1076.7854954812742,28.688258171397866,227.83120150731597,1953
13.0,13.0,veh2719,350.93786671409487,494.77059166679055,34.949598775118574,227.83638990725203,1953
13.0,13.0,veh2720,3863.7783441652873,2710.164241105005,22.116628222448682,69.51704550530252,1953
13.0,13.0,veh2721,759.2459676720504,873.156168889775,24.80441720017841,227.8366522468939,1953
13.0,13.0,veh2724,4584.504679482527,2987.9275603122387,28.133181679783533,69.5352479094157,1953
13.0,13.0,veh2725,1037.2548353927104,1124.9282519057083,28.819719109762776,227.83120150731506,1953
13.0,13.0,veh2726,1258.2015791621766,1329.3694945080888,27.411485314027093,227.83218077566224,1953
13.0,13.0,veh2728,4248.179357485026,2858.998483030113,27.319107108210716,69.5352479094112,1953
13.0,13.0,veh2729,597.679465465008,726.8448325888983,26.830237029130018,227.8366522468949,1953
13.0,13.0,veh2730,4011.311995325783,2768.6967155400275,25.564667773595158,69.51723463154048,1953
13.0,13.0,veh2731,2962.506223890418,2373.4979795688528,17.120951819880105,69.51704550530252,1953
13.0,13.0,veh2732,1131.0421716719718,1205.5615430110777,27.909259056213013,227.83244033851838,1953
13.0,13.0,veh2733,1631.0707971470542,1678.8737523243128,24.098998864417503,226.42748622308594,1953
13.0,13.0,veh2734,1400.9572786832562,1459.9500136915515,23.812740616145238,226.42748622308224,1953
13.0,13.0,veh2735,847.7508001853087,957.6312164356879,25.676188479311303,227.8366176887914,1953
13.0,13.0,veh2737,3342.6446059353384,2515.497010794221,19.890114803582517,69.51704550530434,1953
13.0,13.0,veh2739,3925.873363974689,2736.781809580981,24.751325994507777,69.51723463153559,1953
13.0,13.0,veh2740,4207.2574061336645,2847.145045507153,27.881809475433634,69.53524790941206,1953
13.0,13.0,veh2742,3324.6482946905066,2514.351789187501,23.147080764709024,69.53524790940997,1953
13.0,13.0,veh2744,496.5562692365257,635.2697240788117,29.39414274098653,227.83665224689346,1953
13.0,13.0,veh2745,3742.1154849240174,2670.143719419258,25.46748062770604,69.53524790941485,1953
13.0,13.0,veh2747,1176.0121395174465,1254.9287354498167,24.67084025966363,227.8321807756659,1953
13.0,13.0,veh2748,1326.6482680372903,1382.7246162250635,29.83550022374141,227.83244033852014,1953
13.0,13.0,veh2752,3418.5675746863158,2547.281857374514,23.70255964178198,69.5172346315423,1953
13.0,13.0,veh2753,1127.0186502013619,1206.23207970557,26.03086232966026,227.83120150731685,1953
13.0,13.0,veh2754,3261.5139136183197,2485.190995259334,22.366336746992857,69.51704550530252,1953
13.0,13.0,veh2755,1774.070604605943,1807.4551400443067,24.606141731631443,227.82200476001154,1953
13.0,13.0,veh2756,3426.4563455619855,2552.3448893147915,25.264749949327136,69.53524790941485,1953
13.0,13.0,veh2758,3353.0275742693966,2522.7999231863787,22.452389610353443,69.5172346315374,1953
13.0,13.0,veh2759,3104.0052599190294,2426.354326058516,21.046264250965645,69.51704550530069,1953
13.0,13.0,veh2761,686.2146097296584,807.0204574244979,29.385708347502867,227.8366522468947,1953
13.0,13.0,veh2762,811.2772548861592,920.2746436834885,28.9786644337018,227.8366522468938,1953
13.0,13.0,veh2764,1532.2832484117287,1584.8899670870019,28.136715686466626,226.42748622308224,1953
13.0,13.0,veh2765,3865.4507530169826,2716.1704250655307,28.57707870447393,69.53524790941485,1953
13.0,13.0,veh2766,3554.257078891914,2600.0380335816903,26.846671090207145,69.53524790941485,1953
13.0,13.0,veh2769,945.4163978472532,1046.075301266419,28.94300079231521,227.8366176887904,1953
13.0,13.0,veh2770,3447.94381095512,2563.781625790475,26.81755329607837,69.5352479094157,1953
13.0,13.0,veh2771,2520.4635813244277,2204.2583416899906,17.125438393989292,65.23678566476507,1953
13.0,13.0,veh2772,3834.8284489883954,2708.160647534686,29.302363175983572,69.5352479094157,1953
13.0,13.0,veh2776,962.512945777499,1052.9226451076315,29.34440169042005,227.83489850577365,1953
13.0,13.0,veh2777,2999.0361705019895,2387.143581472174,20.943009241704157,69.51704550530252,1953
13.0,13.0,veh2780,1409.8408927537978,1463.9865373110522,26.273024949275943,226.42844698292348,1953
13.0,13.0,veh2783,3179.518726614123,2454.5620515123096,22.691073303030524,69.51704550530252,1953
13.0,13.0,veh2785,2342.56310010727,2192.8509575304774,18.713375144298173,260.72184418710367,1953
13.0,13.0,veh2786,2986.466797169592,2388.1479832357572,25.04845321738129,69.53524790941485,1953
13.0,13.0,veh2787,2798.0626651903667,2312.07080691387,21.70374747085264,69.51704550529763,1953
13.0,13.0,veh2789,2650.875879635837,2257.089826447,20.37533824037319,68.19896466804737,1953
13.0,13.0,veh2790,2774.9733760671766,2303.4459038731975,19.941450555970697,69.51704550530434,1953
13.0,13.0,veh2791,2104.3937328235697,2102.8000950669934,20.98840608681975,240.6181151771969,1953
13.0,13.0,veh2792,1306.8860687248518,1369.1475000630169,28.430160802128565,227.83120150731506,1953
13.0,13.0,veh2793,2929.5816059792733,2366.919359898471,25.5147125305879,69.53524790941485,1953
13.0,13.0,veh2794,3876.5584295413328,2727.1479599141144,32.03037930878476,69.53554701313998,1953
13.0,13.0,veh2795,3763.02568524291,2681.3650300069303,31.119029721357457,69.5352479094157,1953
13.0,13.0,veh2799,2051.2303139937485,2059.825302888378,21.143862620241027,229.71076956222907,1953
13.0,13.0,veh2800,2079.6070108413683,2081.853583557643,22.339319081042504,234.01219369141853,1953
13.0,13.0,veh2801,2106.969259034842,2100.617088260128,21.33437942267554,241.18994907018944,1953
13.0,13.0,veh2802,1972.5311334296375,1969.3789714382208,22.79066022218362,231.71108177817254,1953
13.0,13.0,veh2803,2273.135410732647,2177.23927362717,20.682131023514344,254.92504650770786,1953
13.0,13.0,veh2806,2719.8284696813553,2288.6429186822425,24.79762292366182,69.53524790941667,1953
13.0,13.0,veh2807,2749.4376811681796,2325.2542557490706,16.998434442894713,249.51597948852805,1953
13.0,13.0,veh2810,2757.424956917774,2302.673313054598,25.85149269149814,69.53524790941485,1953
13.0,13.0,veh2811,1811.789415729646,1837.3120853951955,25.725669842925523,229.8636980171291,1953
13.0,13.0,veh2813,1389.1942935376737,1439.9216020643412,30.849532737208385,226.42608803381708,1953
13.0,13.0,veh2814,2537.185459649394,2214.493689411553,20.34094766758745,67.93453573196378,1953
13.0,13.0,veh2816,1730.6929297993975,1768.1559644832737,27.30985609723382,227.82399030597315,1953
13.0,13.0,veh2818,2463.324056790486,2221.0460420527324,20.529711301415947,250.29797470206412,1953
13.0,13.0,veh2821,1782.449080489801,1810.7284198050593,27.560847302864453,227.82200476001154,1953
13.0,13.0,veh2822,1906.7432789542593,1917.3470086882141,26.047662387436354,231.40973507016224,1953
13.0,13.0,veh2823,2536.732837250698,2220.0307889701517,25.888764937630103,69.40478044079691,1953
13.0,13.0,veh2824,2000.4852607493426,1990.4635532898956,23.036840285282413,236.393728801129,1953
13.0,13.0,veh2825,2209.225190697185,2150.827755190404,25.26628750712478,247.6714466780601,1953
13.0,13.0,veh2826,1567.632002934289,1614.0996643840585,30.44108652570826,226.42844698292348,1953
13.0,13.0,veh2828,2407.3334340651722,2171.405072230823,25.125605798819997,69.40478044079691,1953
13.0,13.0,veh2830,2331.8315015555745,2111.4068879023857,21.826316801012315,63.182606228575,1953
13.0,13.0,veh2831,2460.672650526387,2210.344123886088,21.415194296973826,249.73707028904334,1953
13.0,13.0,veh2832,2474.4404992620803,2218.836666755701,22.337387256228435,249.73707028903914,1953
13.0,13.0,veh2833,2373.596203343316,2162.1482226000167,25.209244140127943,69.40479072891429,1953
13.0,13.0,veh2834,2668.860207327186,2269.622396450847,27.730210101666376,69.53524790941485,1953
13.0,13.0,veh2835,2698.4231937282966,2284.0727853401636,28.61718764982081,69.53524790941083,1953
13.0,13.0,veh2839,2370.920124496916,2131.1668687808747,22.977353441679117,63.182606228575,1953
13.0,13.0,veh2841,2416.453889413312,2178.253278073355,26.978508443749412,69.40479072891063,1953
13.0,13.0,veh2842,1970.8147877350941,1901.2162195821745,18.093170453654793,53.36597633442662,1953
13.0,13.0,veh2843,2010.8196889027245,1993.4839128069725,28.41679800977597,236.38906354905336,1953
13.0,13.0,veh2845,2683.990358513436,2282.1081456996544,32.18560191043758,69.53554701314485,1953
13.0,13.0,veh2847,2102.098100584559,1989.1982925257719,20.059284160818933,57.41587351268924,1953
13.0,13.0,veh2848,1677.4975987684295,1686.8712221285937,19.569919402242494,46.66812107752157,1953
13.0,13.0,veh2849,1978.7058687889826,1970.171742631594,29.86494523632201,231.71631981031967,1953
13.0,13.0,veh2850,2474.008815023065,2221.471762780202,24.018084082537456,250.29906305091922,1953
13.0,13.0,veh2851,2664.172846868445,2293.4021417773183,22.12790545670759,249.51597948852805,1953
13.0,13.0,veh2852,2518.14362763407,2237.275127789798,24.903592886311042,250.29906305091922,1953
13.0,13.0,veh2853,2171.1291029948343,2071.630286987235,26.252255339804456,60.01018258152782,1953
13.0,13.0,veh2854,1924.3910710490313,1905.441612642285,23.377048637300582,51.290875569121276,1953
13.0,13.0,veh2856,1968.8244857293616,1958.29977690898,31.425440016840525,231.7178278508723,1953
13.0,13.0,veh2857,2601.733582198763,2265.8302024110026,23.470210466394402,249.73707028904403,1953
13.0,13.0,veh2858,2192.0471972714768,2085.3212977353296,27.937359490004052,66.54958202659517,1953
13.0,13.0,veh2860,1452.898107913744,1465.6925559706726,26.1013411275256,44.18753559879932,1953
13.0,13.0,veh2861,2106.3684570745068,2034.256054703876,26.99323417386556,60.01018258152782,1953
13.0,13.0,veh2863,1747.9228788351427,1721.6378437620283,19.39762654525853,49.90742684512134,1953
13.0,13.0,veh2866,1861.284740421408,1854.8674060520075,25.117857227905258,51.29087556911964,1953
13.0,13.0,veh2869,2164.0851546666013,2089.3655444645283,31.16351336192998,239.19105543372035,1953
13.0,13.0,veh2870,3028.4847506439564,2429.505626978789,21.194477430436255,249.50852638808396,1953
13.0,13.0,veh2873,1731.5380573124635,1712.0293774931702,19.241401953156544,49.907138981441754,1953
13.0,13.0,veh2874,1588.7889548177927,1607.5776536955984,22.94150524960204,46.6685537639581,1953
13.0,13.0,veh2875,1576.3651691927969,1591.4625478787077,22.48379121654506,46.66812107751967,1953
13.0,13.0,veh2876,1840.2610638865453,1842.112329003749,26.722042525920426,51.289784463403585,1953
13.0,13.0,veh2878,2676.8280996397675,2293.6975941167652,27.43735356271368,249.55283281120367,1953
13.0,13.0,veh2880,1929.8965783015558,1913.9501602689036,29.08028136609915,51.28978446340398,1953
13.0,13.0,veh2881,2957.186130748993,2398.2246097799793,24.067700371617402,249.55283281120856,1953
13.0,13.0,veh2882,1713.307956391223,1720.6548339684523,25.37139900415548,46.66812107752336,1953
13.0,13.0,veh2883,2939.734496412356,2388.3037146044576,24.322766334241493,249.55291399453682,1953
13.0,13.0,veh2884,1580.66465822518,1604.3104719548237,24.350508472171004,46.66805465855454,1953
13.0,13.0,veh2885,3161.3465418742653,2479.158080956262,21.753662621255245,249.50852638808396,1953
13.0,13.0,veh2886,1392.547716196139,1403.6058681889028,21.64223772685954,44.18753559879932,1953
13.0,13.0,veh2887,2948.9612841991593,2388.3275269920177,24.52730072974442,249.55269624816162,1953
13.0,13.0,veh2888,1520.3814821939784,1538.6473492466675,23.929568894788627,46.66812107751967,1953
13.0,13.0,veh2891,2667.0045332756445,2286.6211424458893,30.12270649237313,249.55291399453682,1953
13.0,13.0,veh2894,1464.2454482231697,1481.9590646846168,32.460686891482524,44.185228513612664,1953
13.0,13.0,veh2895,3554.694391516403,2626.158101207672,18.08553908314287,249.50852638808396,1953
13.0,13.0,veh2896,1678.4102137324699,1692.125371669244,27.724385657699685,46.66855376395631,1953
13.0,13.0,veh2898,2600.511082977312,2258.5561278723476,32.55939868889817,249.73772142144335,1953
13.0,13.0,veh2900,1377.2032576155739,1392.8482203876213,28.18025311995186,47.89499448326632,1953
13.0,13.0,veh2902,1432.818296103849,1449.6251405581168,30.550092892974057,44.185228513614526,1953
13.0,13.0,veh2903,3821.742831337846,2725.958128327623,15.730056125506266,249.50852638808396,1953
13.0,13.0,veh2904,1519.8017356745274,1546.8920527423586,27.121114574348017,46.66805465855275,1953
13.0,13.0,veh2908,3609.9201921382196,2646.7968153056217,19.630199638653522,249.50852638808396,1953
13.0,13.0,veh2909,3739.982757769262,2695.403156484576,18.813918126037976,249.50852638808396,1953
13.0,13.0,veh2911,1407.3815015968844,1431.3033922918137,26.65065268073115,45.39288609520109,1953
13.0,13.0,veh2912,1231.3522558762152,1265.3618022447752,23.974360415766167,47.895922257156144,1953
13.0,13.0,veh2913,3769.604986344488,2703.0589112789125,18.32096586317393,249.5082718117857,1953
13.0,13.0,veh2914,3004.3326028773245,2408.9719894165373,29.96549786622882,249.55269624815674,1953
13.0,13.0,veh2916,1154.3320532713458,1200.079878245931,22.302498775365212,47.899667054048464,1953
13.0,13.0,veh2917,1134.379533708392,1177.7291385591243,22.12720841511527,47.9027254926706,1953
13.0,13.0,veh2918,1111.2426927733686,1156.8253975982811,17.100894774526115,47.9027254926706,1953
13.0,13.0,veh2920,3390.9805170219215,2559.957920679496,26.708659324820072,249.55283281120856,1953
13.0,13.0,veh2921,3168.606410601982,2477.049285557164,29.954204867943957,249.55283281120367,1953
13.0,13.0,veh2922,1090.7640398654191,1138.3232841586373,17.214767626228735,47.9027254926706,1953
13.0,13.0,veh2924,3340.5743413808264,2541.164782883822,28.543472368668674,249.55283281120674,1953
13.0,13.0,veh2925,1234.5319115631464,1272.5468575980333,26.260997903817973,47.899667054048464,1953
13.0,13.0,veh2927,3632.3825175389993,2649.960802313906,23.251877781661975,249.55283281120674,1953
13.0,13.0,veh2928,3797.4372875617396,2713.4604026894553,18.689764235794062,249.50827181178389,1953
13.0,13.0,veh2929,3475.431634997659,2591.4441716582905,28.206713683057675,249.55283281120185,1953
13.0,13.0,veh2932,3966.489913628133,2780.0522947184218,18.683620684898056,249.50852638808217,1953
13.0,13.0,veh2934,3419.0148384628365,2566.9949643821806,30.337627132595596,249.55291399453682,1953
13.0,13.0,veh2938,1069.0893988156092,1118.740615842038,17.074465650787097,47.9027254926706,1953
13.0,13.0,veh2939,1046.4213818011544,1098.2604492930748,20.020182978259374,47.902725492670406,1953
13.0,13.0,veh2941,1111.708390381358,1161.5681570666652,27.529922790481073,47.90217138688305,1953
13.0,13.0,veh2942,3984.7708501308484,2783.4707272673304,21.496895132021674,249.5082718117857,1953
13.0,13.0,veh2943,922.6300448459936,990.735777217739,24.896888353333672,47.902171386882166,1953
13.0,13.0,veh2945,3909.737030043447,2753.3680040199297,23.582241313271524,249.55283281120674,1953
13.0,13.0,veh2946,3808.8542801024932,2715.755481412657,26.63039433275574,249.55283281120185,1953
13.0,13.0,veh2947,850.4487605491571,921.2025302118228,23.9543447419853,47.9027254926706,1953
13.0,13.0,veh2948,4014.415680698677,2794.549597394215,21.312680889503767,249.50827181178389,1953
13.0,13.0,veh2949,3887.3577037547566,2741.608368231484,24.554077687550947,249.55291399453867,1953
13.0,13.0,veh2950,3913.0283811285667,2751.179228999405,22.95183498305815,249.55291399453682,1953
13.0,13.0,veh2951,4048.09460876092,2807.136090987443,22.26342355931007,249.5082718117906,1953
13.0,13.0,veh2952,3944.776812077047,2763.016073340641,23.583598041840297,249.55291399454356,1953
13.0,13.0,veh2953,3912.2698246995733,2747.4843511805298,28.988658768269143,249.55269624816162,1953
13.0,13.0,veh2954,3969.7695603313887,2775.7501744499446,22.993973499914034,249.55283281120674,1953
13.0,13.0,veh2957,4124.616551482031,2839.1466026902544,22.64205997050897,249.50852638808396,1953
13.0,13.0,veh2960,675.732758776812,763.3496040919582,22.518823790473775,47.9027254926706,1953
13.0,13.0,veh2962,840.4559407114729,920.8006859232019,29.339286602663215,47.90278468712752,1953
13.0,13.0,veh2963,4261.426041939101,2884.4896369888656,21.24001426485798,249.5528328112104,1953
13.0,13.0,veh2964,4225.439347255106,2876.8256011490735,21.693805031090193,249.50852638808396,1953
13.0,13.0,veh2965,637.470042584246,728.7798929549072,23.91765548548423,47.902725492670406,1953
13.0,13.0,veh2966,4028.1508542726033,2790.6890574769404,28.87321780968869,249.55269624815674,1953
13.0,13.0,veh2968,654.9516251408196,748.8881910070704,25.620319417572816,47.90217138688129,1953
13.0,13.0,veh2969,795.8681441774768,876.2063365033042,33.87722323363013,47.902171386882166,1953
13.0,13.0,veh2970,611.1507558988744,705.0008665662028,23.044344593797515,47.902725492670406,1953
13.0,13.0,veh2971,4155.509709434035,2841.584129432611,27.816065800932154,249.55291399453867,1953
13.0,13.0,veh2972,626.6423684829152,723.3107634442756,24.966757800413866,47.902171386882166,1953
13.0,13.0,veh2973,4384.230548623698,2936.168266523157,20.465620097688465,249.50852638808033,1953
13.0,13.0,veh2975,4224.86106073952,2867.440561569036,27.72167374041082,249.55291399453503,1953
13.0,13.0,veh2976,684.6668659606058,780.0482077175358,32.262898264689895,47.90278468712752,1953
13.0,13.0,veh2977,4435.767918784552,2955.4285585629955,20.99662834657958,249.50852638808396,1953
13.0,13.0,veh2978,4355.671828828649,2916.2110567957493,23.607542699367038,249.55291399453503,1953
13.0,13.0,veh2979,4462.7197591413615,2962.0898587917372,23.496404864452032,249.5082718117857,1953
13.0,13.0,veh2980,514.5078465396741,617.6856471453489,25.554316457984623,47.90272549266954,1953
13.0,13.0,veh2981,4383.0481998590785,2929.8345167328043,23.840486856667557,249.55283281120185,1953
13.0,13.0,veh2983,4495.428630502053,2974.31382266203,21.00249701384776,249.5082718117857,1953
13.0,13.0,veh2984,495.5033533665907,604.8265976349448,28.227717988526877,47.90217138688173,1953
13.0,13.0,veh2986,4372.029038151833,2918.899481486697,29.186785168034344,249.55269624816162,1953
13.0,13.0,veh2988,4553.207574531,2995.9069775124385,22.251534612974503,249.5082718117857,1953
13.0,13.0,veh2989,420.4831145714593,537.0457743263865,26.354851778351158,47.9021713868826,1953
13.0,13.0,veh2990,387.9131557336307,503.30950430634437,25.90477436041661,47.90272549267098,1953
13.0,13.0,veh2991,4499.615213713756,2969.877817323237,28.52760983244619,249.55291399453867,1953
13.0,13.0,veh2993,4619.232071180294,3023.991877625546,21.628895789466597,249.50852638808396,1953
13.0,13.0,veh2994,4536.033259662407,2983.4556455253824,28.1919596808003,249.55291399453867,1953
13.0,13.0,veh2995,4599.457246588463,3010.519174588497,24.621063354405564,249.55283281120185,1953
13.0,13.0,veh2996,4608.423783209381,3010.4451796033522,26.22856296860105,249.55291399453503,1953
13.0,13.0,veh2997,275.69055884516,401.91830306596046,23.93240488311016,47.90272549267098,1953
13.0,13.0,veh2998,284.0823907666054,413.80765208281605,28.347507283880294,47.902171386882216,1953
13.0,13.0,veh3000,4654.862129202983,3031.1760004691523,26.078072129517054,249.55283281120674,1953
13.0,13.0,veh3002,242.76575255192722,372.1713024329642,25.53188365877983,47.90272549267054,1953
13.0,13.0,veh3004,4736.243268325229,3064.311101985026,24.809503547334835,249.5082718117906,1953
13.0,13.0,veh3005,4767.65050382437,3076.048618323442,23.835350619755108,249.50827181178695,1953
13.0,13.0,veh3006,210.67170651969343,351.8025591989321,28.130268480714204,47.902784687127564,1953
13.0,13.0,veh3008,169.96974143856454,306.40134863633745,27.46867921965772,47.902725492670506,1953
13.0,13.0,veh3009,144.73036462380122,283.59800238735704,26.21404462626484,47.90272549267077,1953
13.0,13.0,veh3010,119.22954505243172,264.86302345027474,25.986481287153158,47.90217138688243,1953
13.0,13.0,veh3011,4839.578033924617,3093.218928905951,28.182009056443196,249.55269624815674,1953
13.0,13.0,veh3013,101.67998074240771,253.4285515741842,25.844815632255354,48.38699640677916,1953
13.0,13.0,veh3014,81.92700879162533,227.32370623961754,22.13591792040755,48.39067652278651,1953
13.0,13.0,veh3017,4917.840594621372,3132.177679559864,25.102666567509427,249.50827181178695,1953
13.0,13.0,veh3018,42.24294333451896,204.90677424235585,26.83548,48.38752625538961,1953
14.0,14.0,veh2581,73.29225613697112,255.77973381060116,25.064526277942168,227.24328187508186,1954
14.0,14.0,veh2594,4500.034394176673,2947.8349078418883,17.745630146872408,69.51704550529945,1954
14.0,14.0,veh2600,4730.53796844231,3033.9385105973643,18.508594830966775,69.51704550530069,1954
14.0,14.0,veh2604,4356.053836562812,2894.0515998094975,16.80682342535585,69.51704550530069,1954
14.0,14.0,veh2618,193.10551388726333,364.79704942640444,25.263371402054496,227.8366176887905,1954
14.0,14.0,veh2628,346.1307724888053,503.37377733264213,21.572793647015924,227.8366176887905,1954
14.0,14.0,veh2636,634.885191262772,764.8642194194401,24.226822610848146,227.8366176887905,1954
14.0,14.0,veh2646,493.88587983508194,637.1779577313649,24.6358301070372,227.83661768879185,1954
14.0,14.0,veh2648,744.3042187582248,863.9519840118518,22.533175391145615,227.8366176887914,1954
14.0,14.0,veh2659,4781.487578231361,3052.970514659771,22.31860494976585,69.51704550529945,1954
14.0,14.0,veh2664,382.74823752647535,536.5338486536407,25.511204291257357,227.8366176887905,1954
14.0,14.0,veh2667,4188.156831949545,2831.3344075268524,19.215152592842646,69.51704550529945,1954
14.0,14.0,veh2668,720.1314852590289,842.0616219665213,21.861262307278402,227.8366176887914,1954
14.0,14.0,veh2669,4703.033665646382,3027.0837204464888,22.65907563069296,69.51723463154411,1954
14.0,14.0,veh2673,4405.252137485319,2915.849852144597,21.791342760606092,69.51723463154048,1954
14.0,14.0,veh2675,4705.499795710827,3029.6629938525775,25.139584544329406,69.53524790940997,1954
14.0,14.0,veh2676,90.61143151030892,267.42630092883763,26.33484639449475,227.2439843794616,1954
14.0,14.0,veh2678,312.94654806252277,468.9964972909088,29.75578993650353,227.8366522468939,1954
14.0,14.0,veh2679,4752.189576815463,3047.0868568304577,25.699126450222924,69.53524790941485,1954
14.0,14.0,veh2681,4819.284682241354,3072.1256532387597,26.558685861356604,69.53524790941485,1954
14.0,14.0,veh2690,4670.375432851262,3014.884503160788,21.657665304365214,69.51723463154171,1954
14.0,14.0,veh2693,4506.708508415673,2955.4773354691133,24.943125686287793,69.53524790941485,1954
14.0,14.0,veh2697,4767.008016902253,3056.034822093585,26.792843104459784,69.5352479094157,1954
14.0,14.0,veh2698,3541.78273245983,2589.8841876280803,18.137931262803047,69.51704550530252,1954
14.0,14.0,veh2700,4047.1037492316827,2783.960353411374,23.479696265832477,69.53524790941485,1954
14.0,14.0,veh2701,1356.6923825666236,1418.574752475269,24.195810490255028,227.8321807756659,1954
14.0,14.0,veh2702,4599.68968234294,2990.1763894312726,26.561423346061016,69.53524790941485,1954
14.0,14.0,veh2705,379.80325681563136,529.5405721128708,26.96444948799927,227.83665224689477,1954
14.0,14.0,veh2706,4244.957893102509,2857.7962851902194,24.7729737633088,69.53524790941849,1954
14.0,14.0,veh2708,3987.6162781134026,2761.760601749599,24.027929622015144,69.53524790941972,1954
14.0,14.0,veh2712,1073.0216374493118,1161.648002756123,21.494181057604333,227.8321807756659,1954
14.0,14.0,veh2713,590.188793418557,715.7499585265286,29.541853582729843,227.83635535128104,1954
14.0,14.0,veh2714,4489.170005235535,2952.350218508091,26.87352243206246,69.5352479094157,1954
14.0,14.0,veh2715,3676.143445384155,2640.0740447200415,20.329355137815362,69.51704550530252,1954
14.0,14.0,veh2717,3984.7062095560914,2755.3363167088223,22.696889618209745,69.51704550530434,1954
14.0,14.0,veh2718,962.7861714418739,1057.4780500259076,28.760781053001665,227.83120150731685,1954
14.0,14.0,veh2719,324.98985495148395,471.27238405170885,35.005461733847845,227.83638990725203,1954
14.0,14.0,veh2720,3884.9429403437957,2718.0701835080254,22.594412541414542,69.51704550529763,1954
14.0,14.0,veh2721,740.21110681718,855.9185862848833,25.680166728889137,227.8366522468939,1954
14.0,14.0,veh2724,4611.650978573025,2998.05811531847,28.97504146988425,69.53524790941083,1954
14.0,14.0,veh2725,1016.0232706025517,1105.6977023652234,28.646235264078097,227.83120150731506,1954
14.0,14.0,veh2726,1238.575251254258,1311.5935034159575,26.48058621783989,227.8321807756659,1954
14.0,14.0,veh2728,4272.994879796852,2868.2592302483704,26.495933109518642,69.53524790941485,1954
14.0,14.0,veh2729,575.3774413707524,710.9751468541626,27.128885293039872,227.83661768878957,1954
14.0,14.0,veh2730,4035.0469114847456,2777.562700460202,25.33518245743968,69.51723463154048,1954
14.0,14.0,veh2731,2978.2670903423113,2379.385382349393,16.825623112329453,69.51704550530252,1954
14.0,14.0,veh2732,1110.4376691404282,1186.8997678498572,27.799101387459487,227.8324403385203,1954
14.0,14.0,veh2733,1613.4882640505782,1662.1462088674498,24.269160754097232,226.42748622308412,1954
14.0,14.0,veh2734,1383.6629053303527,1443.4966175720879,23.871414018671985,226.42748622308412,1954
14.0,14.0,veh2735,828.9845089673568,940.636824426909,25.31841638085293,227.83661768878957,1954
14.0,14.0,veh2737,3360.716699319916,2522.2477622942924,19.29298957438962,69.51704550530252,1954
14.0,14.0,veh2739,3948.659725733679,2745.293469718637,24.32267419184688,69.51723463154048,1954
14.0,14.0,veh2740,4233.056516893614,2856.7728518535805,27.53709821230508,69.5352479094157,1954
14.0,14.0,veh2742,3346.4995866079194,2522.506334084711,23.330976544645598,69.53524790940997,1954
14.0,14.0,veh2744,475.14104866192355,615.876536155285,28.891539532899145,227.8366522468939,1954
14.0,14.0,veh2745,3765.82699432587,2678.9924670689998,25.317160732813875,69.53524790941485,1954
14.0,14.0,veh2747,1158.401703576314,1238.97858145836,23.760668295201715,227.83218077566417,1954
14.0,14.0,veh2748,1304.6326095170123,1362.7847380987819,29.70299925368047,227.83244033851838,1954
14.0,14.0,veh2752,3440.1775319131843,2555.354081165651,23.066953578997193,69.51723463154048,1954
14.0,14.0,veh2753,1108.4645687192326,1189.4266682040275,25.033698104640745,227.83120150731685,1954
14.0,14.0,veh2754,3281.7417711133035,2492.747023021122,21.59439061420442,69.51704550530252,1954
14.0,14.0,veh2755,1755.1066923568794,1790.2729811702266,25.590737017021084,227.8220047600098,1954
14.0,14.0,veh2756,3449.5682228744695,2560.969864072155,24.676923887077184,69.53524790941667,1954
14.0,14.0,veh2758,3374.3433346006245,2530.762252119542,22.752921206624762,69.51723463154048,1954
14.0,14.0,veh2759,3122.8345178888753,2433.387913080241,20.10130591820259,69.51704550530252,1954
14.0,14.0,veh2761,664.2407320010469,787.1213609517323,29.645230824295204,227.8366522468939,1954
14.0,14.0,veh2762,789.948296367924,900.9595729226577,28.775162323379792,227.8366522468939,1954
14.0,14.0,veh2764,1511.0998201401462,1564.7366299635103,29.239474382047625,226.42748622308594,1954
14.0,14.0,veh2765,3892.12403890509,2726.1244592779135,28.479497220398297,69.53524790941485,1954
14.0,14.0,veh2766,3579.156992295901,2609.3302741758334,26.586038838701405,69.53524790941667,1954
14.0,14.0,veh2769,924.210584724758,1026.8717251904043,28.60968105494881,227.8366176887904,1954
14.0,14.0,veh2770,3474.7515161947736,2570.367857418095,26.900210892919823,69.5352479094118,1954
14.0,14.0,veh2771,2536.051836601266,2210.5762636965724,16.820968815904756,67.93728067657476,1954
14.0,14.0,veh2772,3862.5824446160445,2718.5179849533624,29.623676199294657,69.5352479094157,1954
14.0,14.0,veh2776,940.4760310251551,1032.96625575193,29.72983782366878,227.83635535128016,1954
14.0,14.0,veh2777,3018.58395201055,2394.4455698214924,20.868370742757133,69.51704550530252,1954
14.0,14.0,veh2780,1391.4739815848793,1446.5133446382536,25.350865759102682,226.42844698292166,1954
14.0,14.0,veh2783,3201.5490361204197,2462.7913773453415,23.51861085380772,69.51704550529763,1954
14.0,14.0,veh2785,2325.0535199758933,2189.990507987528,17.740341686978923,260.7218441871088,1954
14.0,14.0,veh2786,3009.966062285092,2396.91752478781,25.090544087658316,69.53524790941485,1954
14.0,14.0,veh2787,2818.6371401776564,2319.756312125023,21.964424540161808,69.51704550530252,1954
14.0,14.0,veh2789,2669.6605209447353,2264.106747110024,20.053675090042184,69.51704550530252,1954
14.0,14.0,veh2790,2794.2478025086484,2310.645781631898,20.576548630773804,69.51704550530434,1954
14.0,14.0,veh2791,2087.1966711478253,2091.3082871884876,20.594590271673667,234.87916388441522,1954
14.0,14.0,veh2792,1286.4031983729612,1350.595082616332,27.636075286162857,227.83120150731506,1954
14.0,14.0,veh2793,2953.0640285586805,2375.6826160914125,25.07256104043136,69.53524790941485,1954
14.0,14.0,veh2794,3906.359056774861,2738.268889553001,31.797600860522504,69.53554701313998,1954
14.0,14.0,veh2795,3792.3821981618676,2692.320400679197,31.33414895350166,69.5352479094157,1954
14.0,14.0,veh2799,2035.0311662398767,2046.092660463831,21.241597041173858,229.71076956222538,1954
14.0,14.0,veh2800,2062.111928153848,2069.050066964427,21.725781112463757,232.08711448442693,1954
14.0,14.0,veh2801,2092.9478021837926,2091.450309417645,16.83437942267554,235.1092984924914,1954
14.0,14.0,veh2802,1954.3655957978538,1955.0383982374158,23.13697619604104,231.71108177817254,1954
14.0,14.0,veh2803,2253.2752323055306,2171.88989894699,20.56643367236972,254.92504650770923,1954
14.0,14.0,veh2806,2743.365623889297,2297.4265998241467,25.130998882294495,69.5352479094118,1954
14.0,14.0,veh2807,2733.346980403749,2319.243303650902,17.175486883551994,249.5159794885299,1954
14.0,14.0,veh2810,2781.8442008490447,2311.78617565998,26.072820296014548,69.53524790941485,1954
14.0,14.0,veh2811,1793.4263602409083,1820.6743298162207,24.77991448544398,227.8220047600098,1954
14.0,14.0,veh2813,1366.560982356863,1418.8740985804666,30.90931750556719,227.83244033852014,1954
14.0,14.0,veh2814,2556.0412669774596,2222.137002475871,20.344773722331873,67.93453573195896,1954
14.0,14.0,veh2816,1710.5603435440282,1749.9155489596737,27.166165506114588,227.8229654179589,1954
14.0,14.0,veh2818,2443.576722891959,2215.812766917224,20.428713432793295,255.24031491675368,1954
14.0,14.0,veh2821,1762.3598479704074,1792.5266700672853,27.109293669241627,227.82200476001154,1954
14.0,14.0,veh2822,1886.7393785228358,1901.383668826888,25.58503502371917,231.4097350701659,1954
14.0,14.0,veh2823,2561.1804920156233,2229.2177303800418,26.125423356390737,69.40478044079691,1954
14.0,14.0,veh2824,1981.631546358819,1976.5631869794188,23.43583185100167,231.71108177817254,1954
14.0,14.0,veh2825,2186.456521197274,2141.476385221576,24.616076153059094,247.6714466780601,1954
14.0,14.0,veh2826,1545.662766170567,1593.1994322592116,30.32296323017758,226.42844698292348,1954
14.0,14.0,veh2828,2430.6628260103134,2180.171792760428,24.930417542071044,69.4047804407951,1954
14.0,14.0,veh2830,2351.1817181142906,2121.188759977251,21.683503243183537,63.18260622857964,1954
14.0,14.0,veh2831,2440.2886233167173,2202.8188327439702,21.728712593202548,249.73707028904334,1954
14.0,14.0,veh2832,2454.3446353243203,2211.417758542496,21.415194296973826,249.73707028904403,1954
14.0,14.0,veh2833,2397.7319674948226,2171.2179567876387,25.783673624584722,69.40479072891247,1954
14.0,14.0,veh2834,2694.1456416226383,2279.0585071388114,26.99766570773249,69.53524790941485,1954
14.0,14.0,veh2835,2726.300475797422,2294.476131243191,29.75526797696377,69.5352479094157,1954
14.0,14.0,veh2839,2391.791290538414,2141.7176073553865,23.387851767787907,63.18260622858199,1954
14.0,14.0,veh2841,2442.2624483754416,2187.951614868607,27.570681285384012,69.40479072891429,1954
14.0,14.0,veh2842,1985.71324996902,1912.2945268673993,18.574212997872575,53.365976334430265,1954
14.0,14.0,veh2843,1988.1813955500124,1977.650681415867,27.644682543055545,231.71631981031967,1954
14.0,14.0,veh2845,2713.8940065705483,2293.267520412916,31.90752522563668,69.53554701314485,1954
14.0,14.0,veh2847,2118.7623863780877,1999.849044069614,19.786025158336415,57.41587351268924,1954
14.0,14.0,veh2848,1692.1133200415986,1700.6597427419156,20.099974909677957,46.66812107752146,1954
14.0,14.0,veh2849,1955.6276564684485,1951.95633977868,29.400711165702443,231.71631981031967,1954
14.0,14.0,veh2850,2450.4615520454167,2214.316953227538,24.63462203144481,255.2427116993762,1954
14.0,14.0,veh2851,2643.4749458269303,2285.6700924704164,22.09329059436895,249.51597948853478,1954
14.0,14.0,veh2852,2494.694824784271,2228.878808228196,24.908582485933827,250.29906305091922,1954
14.0,14.0,veh2853,2195.296210363454,2083.245428720024,26.861536007514573,66.55132982553054,1954
14.0,14.0,veh2854,1942.8184313921458,1920.209530846964,23.622594078701773,51.29087556911964,1954
14.0,14.0,veh2856,1944.3136998473756,1938.9547050408319,31.234391942932213,231.71782785087342,1954
14.0,14.0,veh2857,2578.9227464368646,2257.4089920909005,24.30840900547357,249.73707028904403,1954
14.0,14.0,veh2858,2217.8006099131803,2096.4927105163933,28.072083127094118,66.54958202659039,1954
14.0,14.0,veh2860,1471.491465356029,1484.8208490186403,26.688284412841227,44.18753559879932,1954
14.0,14.0,veh2861,2130.007021075263,2047.8981851868891,27.301664732890703,60.01018258152782,1954
14.0,14.0,veh2863,1761.9978280271112,1733.4869337251039,18.4067355063527,49.90742684512333,1954
14.0,14.0,veh2866,1880.4283779685425,1870.2093578113509,24.540811627137078,51.29087556911964,1954
14.0,14.0,veh2869,2137.071854947553,2073.2566697301495,31.451721899222644,239.19105543372035,1954
14.0,14.0,veh2870,3008.293591028649,2421.959886293922,21.553433751951395,249.50852638808217,1954
14.0,14.0,veh2873,1746.4106282127996,1724.5500782978174,19.43243189291048,49.90713898144543,1954
14.0,14.0,veh2874,1605.1005935952246,1622.9658757730774,22.42473929327752,46.66855376395631,1954
14.0,14.0,veh2875,1593.0471127186906,1607.2003495155873,22.94150524960204,46.66812107751967,1954
14.0,14.0,veh2876,1860.6382658451496,1858.4435120790263,26.11399250297096,51.289784463403585,1954
14.0,14.0,veh2878,2651.058993515952,2284.0899943316826,27.493675174015657,249.55283281120185,1954
14.0,14.0,veh2880,1952.954259504551,1932.4295969345685,29.54910665822077,51.28978446340521,1954
14.0,14.0,veh2881,2934.6978522710588,2389.840214200507,23.993281750805625,249.55283281120367,1954
14.0,14.0,veh2882,1731.92885657978,1738.2218538431312,25.60801616220613,46.66812107752146,1954
14.0,14.0,veh2883,2916.25511601043,2379.549840389469,25.058121675000763,249.55291399453682,1954
14.0,14.0,veh2884,1598.0409944467533,1620.70340406742,23.88074909736062,46.66805465855275,1954
14.0,14.0,veh2885,3140.13902063665,2471.2325106137573,22.638368114900985,249.50852638808217,1954
14.0,14.0,veh2886,1409.0131284514123,1420.5449945275486,23.6339029466545,44.18753559879932,1954
14.0,14.0,veh2887,2925.5242151656503,2379.5893263756407,25.020441379167426,249.55269624816162,1954
14.0,14.0,veh2888,1537.3994865806976,1554.7021918300877,23.40366614775174,46.66812107752146,1954
14.0,14.0,veh2891,2639.2486268372354,2276.2728406795914,29.622199088206855,249.55291399453682,1954
14.0,14.0,veh2894,1488.6048331029128,1505.6674765211671,33.99637199328592,48.104955468772175,1954
14.0,14.0,veh2895,3537.7035860476963,2619.8083811055794,18.137155420456185,249.50852638808396,1954
14.0,14.0,veh2896,1698.4351579258869,1711.016685567377,27.529677368842904,46.66855376395631,1954
14.0,14.0,veh2898,2570.7870258487014,2247.583106817559,31.69417422617388,249.73772142144156,1954
14.0,14.0,veh2900,1397.1042931758334,1412.8806765181148,28.339986696163006,44.185228513614526,1954
14.0,14.0,veh2902,1455.462507806779,1472.9227088623354,32.47470072285412,44.185228513614526,1954
14.0,14.0,veh2903,3806.1624695004966,2720.1355122698556,16.631550792067753,249.50852638808396,1954
14.0,14.0,veh2904,1539.539937347683,1565.5131818415439,27.126721984379387,46.66805465855454,1954
14.0,14.0,veh2908,3590.6874342447895,2639.6092437899856,20.53036977673599,249.50852638808396,1954
14.0,14.0,veh2909,3722.9960185391815,2689.0549559971473,18.132814837422853,249.50852638808217,1954
14.0,14.0,veh2911,1426.2263740235553,1449.8915763891189,26.4764139112772,45.39288609519924,1954
14.0,14.0,veh2912,1248.4013006967075,1280.7690005485308,22.978855781870113,47.895922257156144,1954
14.0,14.0,veh2913,3752.5951790621657,2696.702003779205,18.160209832960845,249.50827181178389,1954
14.0,14.0,veh2914,2978.194230509882,2399.226643648015,27.904240612654867,249.55269624816162,1954
14.0,14.0,veh2916,1171.4412924336114,1215.5394427328279,23.05900904312116,47.899667054048464,1954
14.0,14.0,veh2917,1150.7974251918051,1192.5645127926193,22.12720841511527,47.895922257154396,1954
14.0,14.0,veh2918,1125.5471971439001,1169.7492731945472,19.277671067702343,47.90272549266866,1954
14.0,14.0,veh2920,3366.1540820808204,2550.7017807940674,26.48791676047436,249.55283281120367,1954
14.0,14.0,veh2921,3140.334774444899,2466.508657404925,30.163684273954317,249.55283281120856,1954
14.0,14.0,veh2922,1103.2330918673636,1149.5888598613847,16.804097282444303,47.90272549267234,1954
14.0,14.0,veh2924,3314.165992673092,2531.318851707563,28.175698363923374,249.55283281120856,1954
14.0,14.0,veh2925,1254.2145558754967,1290.3316992343891,26.5273206415872,47.899667054048464,1954
14.0,14.0,veh2927,3609.864100689584,2641.5651701238203,24.025437099609338,249.55283281120856,1954
14.0,14.0,veh2928,3780.379301286772,2707.085489730039,18.21164725382388,249.50827181178877,1954
14.0,14.0,veh2929,3450.0255337967988,2581.9719124629446,27.106376546334573,249.55283281120674,1954
14.0,14.0,veh2932,3949.3450110738195,2773.644986212769,18.30164925782156,249.50852638808396,1954
14.0,14.0,veh2934,3389.7553302961146,2556.0860711448227,31.22690221128062,249.55291399453682,1954
14.0,14.0,veh2938,1081.9356300246266,1130.3469665219143,17.312408266116428,47.902725492670406,1954
14.0,14.0,veh2939,1059.8460827839494,1110.3894375421287,18.091991377326654,47.9027254926706,1954
14.0,14.0,veh2941,1131.4126365704324,1179.3709533629717,26.5553858465399,47.90217138688129,1954
14.0,14.0,veh2942,3964.6448447906996,2775.9492338040327,21.48716173029381,249.50827181178877,1954
14.0,14.0,veh2943,941.0178578829851,1007.3491755020965,24.78123067413257,47.90217138688313,1954
14.0,14.0,veh2945,3887.8004170902323,2745.18928812338,23.40469661834214,249.55283281120674,1954
14.0,14.0,veh2946,3784.331250329289,2706.6124612998697,26.16420653582775,249.55283281120674,1954
14.0,14.0,veh2947,867.4735074517072,936.5840985155626,22.943645043330363,47.902725492670506,1954
14.0,14.0,veh2948,3994.115024167845,2786.9628332640923,21.673624881682247,249.5082718117906,1954
14.0,14.0,veh2949,3863.746184215399,2732.8052282621115,25.199145779007726,249.55291399453503,1954
14.0,14.0,veh2950,3891.418554842403,2743.122385169688,23.062859717112016,249.55291399453682,1954
14.0,14.0,veh2951,4027.3884058822905,2799.397766020856,22.10659902717087,249.5082718117906,1954
14.0,14.0,veh2952,3923.1228029066015,2754.942756699255,23.11001343545281,249.55291399453682,1954
14.0,14.0,veh2953,3885.385331168238,2737.460824023161,28.70076857510014,249.55269624815674,1954
14.0,14.0,veh2954,3946.104569241399,2766.927060360627,25.24874455861781,249.55283281120856,1954
14.0,14.0,veh2957,4103.845708092057,2831.3842254413566,22.172228119011677,249.50852638808885,1954
14.0,14.0,veh2960,693.009651640193,778.9589819685059,23.28345317425477,47.902725492670506,1954
14.0,14.0,veh2962,862.4085872838731,940.6344862919357,29.585643356481906,47.90278468712761,1954
14.0,14.0,veh2963,4242.321800883534,2877.3669257323036,20.38277135047561,249.55283281120185,1954
14.0,14.0,veh2964,4205.358401385039,2869.3210490020283,21.43578401306473,249.50852638808033,1954
14.0,14.0,veh2965,654.4194343224983,744.0933791536193,22.842091572273002,47.902725492671465,1954
14.0,14.0,veh2966,4001.2047622473438,2780.6425641373753,28.76652856855599,249.55269624815674,1954
14.0,14.0,veh2968,673.8730179962689,765.9836789245289,25.500335471296918,47.902171386883225,1954
14.0,14.0,veh2969,820.2621762964746,898.2463567351298,32.875803979350565,47.902171386882166,1954
14.0,14.0,veh2970,628.8434897256523,720.9859496569657,23.843867229938954,47.90272549266954,1954
14.0,14.0,veh2971,4129.73500326874,2831.9744833586124,27.507783943667928,249.55291399453867,1954
14.0,14.0,veh2972,645.3170817040951,740.1833761886772,25.167885662983984,47.90217138688226,1954
14.0,14.0,veh2973,4365.210883374696,2929.060330940639,20.302900018573805,249.50852638808396,1954
14.0,14.0,veh2975,4199.660644432374,2858.045029372624,26.894879135453717,249.55291399453503,1954
14.0,14.0,veh2976,708.8432686263161,801.8911295959703,32.58260568043176,47.90278468712849,1954
14.0,14.0,veh2977,4416.085984705223,2948.073123136361,21.009851359279327,249.50852638808396,1954
14.0,14.0,veh2978,4333.556001654837,2907.965559430576,23.60288384012063,249.55291399453867,1954
14.0,14.0,veh2979,4440.7628066405705,2953.8841035056057,23.441938999573885,249.50827181178695,1954
14.0,14.0,veh2980,533.9182945723448,635.2226557088061,26.15876948672312,47.9027254926706,1954
14.0,14.0,veh2981,4360.921464553881,2921.584916752838,23.607542699367038,249.55283281120674,1954
14.0,14.0,veh2983,4475.009591206441,2970.0937630276057,20.52771257411544,249.50852638808396,1954
14.0,14.0,veh2984,516.2936491122819,623.6106402493601,28.01905336001279,47.90217138688129,1954
14.0,14.0,veh2986,4344.913523452793,2908.789821148291,28.94739717766302,249.55269624815674,1954
14.0,14.0,veh2988,4532.290235685878,2988.0897467836303,22.332014482570234,249.5082718117906,1954
14.0,14.0,veh2989,439.93468157488047,554.6202748519572,26.21485045096969,47.902171386882166,1954
14.0,14.0,veh2990,407.00753802960384,520.5609528702721,25.73281895044461,47.90272549267103,1954
14.0,14.0,veh2991,4473.9202026965495,2960.2978841841614,27.42273013545303,249.55291399454356,1954
14.0,14.0,veh2993,4599.140595022945,3016.483390151423,21.447024766623773,249.50852638808396,1954
14.0,14.0,veh2994,4509.3327982155215,2973.500847869435,28.495786526796923,249.55291399453992,1954
14.0,14.0,veh2995,4577.188446066365,3002.216607860643,23.759115474465293,249.55283281120674,1954
14.0,14.0,veh2996,4585.028936570967,3001.722822315984,24.967903905389406,249.55291399453867,1954
14.0,14.0,veh2997,293.5315343328468,418.03731996765055,24.043647236537385,47.90272549267006,1954
14.0,14.0,veh2998,304.6136275742867,432.3576348170476,27.66991998084999,47.902171386882166,1954
14.0,14.0,veh3000,4631.116824699072,3022.3229428057493,25.33443285932411,249.55283281120552,1954
14.0,14.0,veh3002,261.88812477993787,389.44803942284705,25.770539984955683,47.902725492670506,1954
14.0,14.0,veh3004,4713.781712180742,3055.916766156284,23.980669856420512,249.5082718117906,1954
14.0,14.0,veh3005,4746.119123276289,3068.0019078455757,22.987584883035936,249.50827181178695,1954
14.0,14.0,veh3006,231.60555629356085,370.71589595742364,28.212608053667264,47.902784687127564,1954
14.0,14.0,veh3008,189.7793890716987,324.29902722658,26.696756570284418,47.902725492670506,1954
14.0,14.0,veh3009,164.0731986197032,301.07392282240914,26.06764845752664,47.902725492670506,1954
14.0,14.0,veh3010,140.07571067279332,283.6975445244248,28.094349114279915,47.90217138688195,1954
14.0,14.0,veh3011,4812.797579849939,3083.2341914813346,28.589700372726504,249.55269624815674,1954
14.0,14.0,veh3013,121.05153423381624,270.83243105208805,26.041737428141364,47.902784687126974,1954
14.0,14.0,veh3014,98.41304674029779,241.96549371637576,22.048796011482075,48.39067652278637,1954
14.0,14.0,veh3017,4893.3004437963655,3123.0065310433515,26.199843473696514,249.5082718117857,1954
14.0,14.0,veh3018,61.83428841625259,222.30841310103855,26.204391503092385,48.38752625538961,1954
14.0,14.0,veh3019,4943.891316202272,3135.5183517553523,25.607604,249.55291399454356,1954
14.0,14.0,veh3020,4941.35307187319,3140.964765768308,22.146674,249.5082718117906,1954
15.0,15.0,veh2581,54.3598774122438,238.27470571349198,25.785685834170835,227.24328187508186,1955
15.0,15.0,veh2594,4516.474275029172,2953.975953484155,17.550509680418454,69.51704550530434,1955
15.0,15.0,veh2600,4747.883632187545,3040.417907480506,18.517484536864085,69.51704550530069,1955
15.0,15.0,veh2604,4372.399001311451,2900.1572646651225,17.449394841899647,69.51704550530069,1955
15.0,15.0,veh2618,173.56697863184445,347.10332808575436,26.360284263064557,227.8366176887913,1955
15.0,15.0,veh2628,330.0413489324329,488.8035051389171,21.706938264842602,227.8366176887905,1955
15.0,15.0,veh2636,616.9121724384667,748.5881996170181,24.2481782324347,227.8366176887904,1955
15.0,15.0,veh2646,475.70685322135415,620.7153812412284,24.526112264775893,227.83661768879193,1955
15.0,15.0,veh2648,728.11394686341,849.2903855045244,21.84299712667904,227.8366176887914,1955
15.0,15.0,veh2659,4802.728463525007,3060.904954528331,22.67585551936367,69.51704550529703,1955
15.0,15.0,veh2664,364.24920268623487,519.7814788748766,24.95784922494848,227.83661768878957,1955
15.0,15.0,veh2667,4207.001683390361,2838.373819421507,20.117952837098567,69.51704550529581,1955
15.0,15.0,veh2668,704.2817592151239,827.7084152250527,21.38355196780484,227.8366176887904,1955
15.0,15.0,veh2669,4724.025585666941,3034.9250814650536,22.407246787430914,69.51723463154048,1955
15.0,15.0,veh2673,4425.290744871826,2923.3351109809964,21.38965947593784,69.51723463153559,1955
15.0,15.0,veh2675,4729.1099582866445,3038.47392052376,25.208951093308126,69.53524790940997,1955
15.0,15.0,veh2676,70.8546512093752,249.15947389343438,26.90760439856408,227.2439843794616,1955
15.0,15.0,veh2678,290.6162863436856,448.7746667294932,30.126032883121766,227.8366522468939,1955
15.0,15.0,veh2679,4776.4421260610015,3056.137511704413,25.894837693538523,69.53524790940997,1955
15.0,15.0,veh2681,4844.508007372044,3081.5385858018562,26.931350751538808,69.53524790941972,1955
15.0,15.0,veh2690,4691.303308492795,3022.701940922372,22.33888437918872,69.51723463154411,1955
15.0,15.0,veh2693,4529.90002715186,2964.132031103746,24.76195831869813,69.53524790941485,1955
15.0,15.0,veh2697,4792.865433195919,3065.684387111959,27.59933156690418,69.5352479094157,1955
15.0,15.0,veh2698,3558.3927048932305,2596.088770237011,17.732092136152804,69.51704550530252,1955
15.0,15.0,veh2700,4069.288681174693,2792.239407311463,23.687209377056874,69.53524790940997,1955
15.0,15.0,veh2701,1338.7816928940035,1402.3526521634744,24.165782021069685,227.8321807756659,1955
15.0,15.0,veh2702,4624.897413080666,2999.5835024218677,26.91470036684604,69.53524790940997,1955
15.0,15.0,veh2705,360.33491084911714,511.9104342128851,26.26498686634023,227.8366522468938,1955
15.0,15.0,veh2706,4268.862208479092,2866.7169848775493,25.5230227793747,69.53524790941485,1955
15.0,15.0,veh2708,4010.165518208859,2770.1756094961133,24.076187062762834,69.53524790941485,1955
15.0,15.0,veh2712,1056.340061316719,1146.5391372502104,22.50741540144973,227.8321807756659,1955
15.0,15.0,veh2713,568.0660077651122,695.715805420504,29.845685617799198,227.83635535128016,1955
15.0,15.0,veh2714,4514.20185376329,2961.69169513342,26.71814845705653,69.53524790941206,1955
15.0,15.0,veh2715,3696.086967985837,2647.5238604251167,21.290846912024204,69.51704550529945,1955
15.0,15.0,veh2717,4005.692567419079,2763.1756789680667,22.404132982211372,69.51704550530069,1955
15.0,15.0,veh2718,941.3203739059979,1038.0390457137087,28.95978355513853,227.8366522468949,1955
15.0,15.0,veh2719,298.8090664249312,447.56337659665826,35.319491886802936,227.836389907253,1955
15.0,15.0,veh2720,3905.7873034744466,2725.85650425559,22.25254551349387,69.51704550530252,1955
15.0,15.0,veh2721,721.7838845889092,839.2312688539683,24.860393925664514,227.8366522468939,1955
15.0,15.0,veh2724,4638.7898884417555,3008.1859127879434,28.967154464497376,69.53524790941083,1955
15.0,15.0,veh2725,995.2677932824295,1086.8983703901245,28.00388441487154,227.83120150731597,1955
15.0,15.0,veh2726,1218.3306665739908,1293.2575437484772,27.31476171117524,227.8321807756659,1955
15.0,15.0,veh2728,4298.616408862707,2877.820766009842,27.356519510733467,69.53524790941485,1955
15.0,15.0,veh2729,555.6448615268466,693.1057024702309,26.622078222814395,227.8366176887905,1955
15.0,15.0,veh2730,4058.6504785651023,2786.3796210001865,25.19497750159268,69.51723463154048,1955
15.0,15.0,veh2731,2994.072441753164,2385.2894022919318,16.87311334111186,69.51704550529763,1955
15.0,15.0,veh2732,1089.0977682983744,1167.571932544565,28.79128317698527,227.83244033851838,1955
15.0,15.0,veh2733,1595.4374815940955,1644.9731857134818,24.915485087948458,226.42748622308224,1955
15.0,15.0,veh2734,1365.978708609962,1426.9855794929106,24.196364924009714,227.8321807756659,1955
15.0,15.0,veh2735,809.776730037291,923.242629646257,25.91404657717189,227.8366176887914,1955
15.0,15.0,veh2737,3379.1279938458915,2529.1252208982605,19.6551061231113,69.51704550530252,1955
15.0,15.0,veh2739,3971.2653093039917,2753.7376016339904,24.129707494016174,69.51723463154048,1955
15.0,15.0,veh2740,4259.4306967685525,2866.615264591928,28.15090753487087,69.53524790941083,1955
15.0,15.0,veh2742,3367.4356311436795,2530.3193236224506,22.353752164751274,69.53524790941667,1955
15.0,15.0,veh2744,453.1333931387785,595.9468511992138,29.690800865598245,227.8366522468939,1955
15.0,15.0,veh2745,3789.874546400339,2687.9666203502065,25.67595891016791,69.53524790941485,1955
15.0,15.0,veh2747,1140.8269539170287,1223.060749306791,23.712519009829368,227.83218077566417,1955
15.0,15.0,veh2748,1282.3485192027097,1342.6017376851003,30.06516100188485,227.83244033851838,1955
15.0,15.0,veh2752,3461.9845891288533,2563.4999300547993,23.277342532771428,69.5172346315374,1955
15.0,15.0,veh2753,1089.1676571635585,1171.9484362735316,26.035945713722423,227.83120150731506,1955
15.0,15.0,veh2754,3302.5644707670394,2500.5252514715658,22.229418517336562,69.51704550529763,1955
15.0,15.0,veh2755,1735.8009348050302,1772.7831399499178,26.050456041573113,227.83711577705014,1955
15.0,15.0,veh2756,3472.886831712266,2569.671987654915,24.8976544684237,69.53524790941485,1955
15.0,15.0,veh2758,3396.237633047126,2538.940689261027,23.370465781497355,69.5172346315374,1955
15.0,15.0,veh2759,3141.7275092347754,2440.4453074260455,20.16934492915668,69.51704550530252,1955
15.0,15.0,veh2761,642.2485852767509,767.2057204482737,29.669877752829116,227.8366522468938,1955
15.0,15.0,veh2762,768.3916392519773,881.438302945715,29.082353324025775,227.8366522468939,1955
15.0,15.0,veh2764,1490.3707179174148,1545.0155262778308,28.612368386919695,226.42748622308224,1955
15.0,15.0,veh2765,3918.9483836339987,2736.1348661800253,28.64078517924845,69.53524790941667,1955
15.0,15.0,veh2766,3603.91153572792,2618.5682650730896,26.430824976788916,69.53524790940997,1955
15.0,15.0,veh2769,902.6925572982572,1007.3854138519237,29.030902896657565,227.8366176887914,1955
15.0,15.0,veh2770,3499.330808058231,2579.540447295148,26.24370605260916,69.53524790941485,1955
15.0,15.0,veh2771,2551.1547716565274,2216.697485350633,16.29726964830113,67.93728067657476,1955
15.0,15.0,veh2772,3890.087774358107,2728.7825243289717,29.358258643738026,69.53524790941388,1955
15.0,15.0,veh2776,918.9112433572681,1013.4374195282655,29.09289468481234,227.83635535128113,1955
15.0,15.0,veh2777,3038.3653582309616,2401.8348276608704,21.117778436384423,69.51704550530252,1955
15.0,15.0,veh2780,1372.5625102394404,1428.6341217355969,26.02626686681347,227.35868419956103,1955
15.0,15.0,veh2783,3222.9942451806173,2470.8021414639034,22.893982784090284,69.51704550529581,1955
15.0,15.0,veh2785,2306.917064211805,2186.3384225819086,18.521029119319266,254.92504650770786,1955
15.0,15.0,veh2786,3033.4520025657102,2405.682093729333,25.076316946707344,69.53524790941485,1955
15.0,15.0,veh2787,2839.367375698908,2327.50000100289,22.13070778659424,69.51704550530252,1955
15.0,15.0,veh2789,2688.5199981338374,2271.15162238903,20.133566656881253,69.51704550530252,1955
15.0,15.0,veh2790,2813.8562582182603,2317.970434563844,20.933143910060757,69.51704550530252,1955
15.0,15.0,veh2791,2069.940396123952,2078.813059120954,21.21525825789621,234.2547765691205,1955
15.0,15.0,veh2792,1265.8339288730874,1331.9644088982907,27.752647491000435,227.83120150731685,1955
15.0,15.0,veh2793,2976.615586232754,2384.471672371395,25.146377695215964,69.53524790941485,1955
15.0,15.0,veh2794,3938.2255191024005,2746.7467436644415,32.446231352609026,69.5352479094157,1955
15.0,15.0,veh2795,3822.1965743074334,2703.4466384220373,31.82285667510756,69.53524790941388,1955
15.0,15.0,veh2799,2018.0770521182596,2031.6750578728743,22.260757697315906,229.31780577283917,1955
15.0,15.0,veh2800,2045.0390848661693,2054.5767591335275,22.387255365165494,229.71076956222737,1955
15.0,15.0,veh2801,2078.555130732458,2081.0888382892736,17.81681249389589,234.000758571222,1955
15.0,15.0,veh2802,1936.7554796225243,1941.1362960697852,22.42955022950814,231.71108177817138,1955
15.0,15.0,veh2803,2234.307838037857,2164.5832211777974,20.347920595337897,247.67360158778177,1955
15.0,15.0,veh2806,2766.761494852295,2306.157556368875,24.98014848468998,69.53524790941485,1955
15.0,15.0,veh2807,2717.2159282579723,2313.2172776150646,17.21855863233394,249.51597948853478,1955
15.0,15.0,veh2810,2805.917330148048,2320.7698739432212,25.703268125017065,69.53524790941485,1955
15.0,15.0,veh2811,1774.8976199880983,1803.886456376442,25.00349679111004,227.82200476001154,1955
15.0,15.0,veh2813,1343.8095910742738,1398.2678573926175,30.695632277566794,227.83244033851838,1955
15.0,15.0,veh2814,2575.7567316108616,2230.128782715229,21.27231466775657,67.93453573195896,1955
15.0,15.0,veh2816,1690.2502469912197,1731.5143065286936,27.405691320538857,227.82296541795714,1955
15.0,15.0,veh2818,2424.290663418499,2210.731685026408,19.942643307173412,255.24031491675237,1955
15.0,15.0,veh2821,1742.2737933424182,1774.3277996422964,27.10500528285108,227.8220047600096,1955
15.0,15.0,veh2822,1866.6749187147254,1885.3720018947909,25.662490606887363,231.40973507016466,1955
15.0,15.0,veh2823,2585.0623387124415,2238.1920523947,25.520785592159438,69.40478044079691,1955
15.0,15.0,veh2824,1963.9402985180807,1962.5970363585975,22.53288553668973,231.71108177817413,1955
15.0,15.0,veh2825,2163.6592661984027,2131.7956349220194,24.784305086018122,244.29689099866653,1955
15.0,15.0,veh2826,1523.1461904756059,1571.778494256555,31.07842590122559,226.42844698292348,1955
15.0,15.0,veh2828,2453.794812852212,2188.8643323865913,24.719465123750233,69.40478044079691,1955
15.0,15.0,veh2830,2370.307583173043,2130.85721845461,21.43209900373668,63.18260622857964,1955
15.0,15.0,veh2831,2420.1246890925977,2195.3747946230333,21.494100601293216,249.73707028904334,1955
15.0,15.0,veh2832,2433.9545680776555,2203.8902375644175,21.728712593202548,249.73707028904403,1955
15.0,15.0,veh2833,2421.7809280060856,2180.2550719150736,25.69094332131305,69.40479072891247,1955
15.0,15.0,veh2834,2719.6177068022075,2288.564265421503,27.196934510523917,69.53524790941485,1955
15.0,15.0,veh2835,2754.2413907484843,2304.9032238974246,29.823187562864153,69.5352479094157,1955
15.0,15.0,veh2839,2412.3247734503743,2152.037736643005,22.98288796428704,63.795304720625154,1955
15.0,15.0,veh2841,2467.944205257934,2197.602301995528,27.435221582689223,69.40479072891429,1955
15.0,15.0,veh2842,2000.7598021397919,1923.4829519487078,18.758839705423643,53.36597633442662,1955
15.0,15.0,veh2843,1965.7839593667495,1959.972608379527,28.533429839817266,231.71631981032172,1955
15.0,15.0,veh2845,2743.674102834537,2304.3807883517356,31.775694087567867,69.53554701313998,1955
15.0,15.0,veh2847,2136.7788680479575,2010.1694025459421,20.791846961664998,62.41471709720196,1955
15.0,15.0,veh2848,1706.8208687705096,1714.5348936858725,20.22625875991941,46.66812107751967,1955
15.0,15.0,veh2849,1932.2276871199988,1933.4869773121343,29.81061663463107,231.71631981031967,1955
15.0,15.0,veh2850,2427.4923398718574,2208.266539906891,23.754509893799327,255.2427116993776,1955
15.0,15.0,veh2851,2622.369144138462,2277.9987705705475,22.4554831015037,250.29797470205926,1955
15.0,15.0,veh2852,2471.2682405638507,2220.4904444975873,24.884980660026,250.29906305091922,1955
15.0,15.0,veh2853,2219.5260941824054,2093.755081205717,26.419695115904673,66.55132982552847,1955
15.0,15.0,veh2854,1961.2172520727693,1934.9545770073887,23.586008216721787,51.29087556911964,1955
15.0,15.0,veh2856,1920.102538195038,1919.8296388360855,30.862820114996225,231.56961670635312,1955
15.0,15.0,veh2857,2556.7401227718105,2249.2197025232153,23.63895363120848,249.73707028904224,1955
15.0,15.0,veh2858,2245.126946633603,2104.859387962201,27.616335670315344,66.5513298255237,1955
15.0,15.0,veh2860,1489.979214484857,1502.6016509693088,25.677431172877466,48.095621782749795,1955
15.0,15.0,veh2861,2153.7186206278366,2061.582465460717,27.386018086555914,60.01018258152782,1955
15.0,15.0,veh2863,1776.3332871666087,1745.5553357270685,18.74742147512893,49.90742684512333,1955
15.0,15.0,veh2866,1900.4282278765843,1886.2374889190262,25.638416312250843,51.29087556911964,1955
15.0,15.0,veh2869,2110.988283706022,2057.7022211390804,30.36923431641149,239.19105543372035,1955
15.0,15.0,veh2870,2988.6391786000945,2414.6147361230096,20.98047285462586,249.5085263880858,1955
15.0,15.0,veh2873,1760.8227740467942,1736.6831632331407,18.83084264493032,49.90713898144543,1955
15.0,15.0,veh2874,1621.951164949473,1638.8625209642605,23.165647223906845,46.6685537639581,1955
15.0,15.0,veh2875,1609.3532892491012,1622.5836513049267,22.42473929327752,46.66812107752146,1955
15.0,15.0,veh2876,1881.5619524066592,1875.2126718753468,26.814328832377086,51.289784463403585,1955
15.0,15.0,veh2878,2626.0130016066505,2274.7935783880152,26.70770779884056,249.73707028904403,1955
15.0,15.0,veh2880,1975.589043562986,1950.5701052869229,29.00715134536709,51.28978446340561,1955
15.0,15.0,veh2881,2912.3254650270956,2381.499026817285,23.86963462362154,249.55283281120674,1955
15.0,15.0,veh2882,1750.562797347381,1755.801176243946,25.625949954640763,46.66812107751967,1955
15.0,15.0,veh2883,2893.504634584029,2371.0677233434494,24.280211913123964,249.55291399453682,1955
15.0,15.0,veh2884,1615.1621446484705,1636.85559227139,23.530040338296764,46.66805465855275,1955
15.0,15.0,veh2885,3119.952806808044,2463.688618243927,21.548154278753536,249.50852638808217,1955
15.0,15.0,veh2886,1426.459819112601,1438.4936309005311,25.04239720416235,44.18753559880118,1955
15.0,15.0,veh2887,2902.350723142239,2370.9493969547275,24.739057511559043,249.55269624815978,1955
15.0,15.0,veh2888,1554.353151056857,1570.69633592546,23.315183987770236,46.66812107752157,1955
15.0,15.0,veh2891,2610.9562403912946,2265.8252001220694,30.159732199308802,249.73707028904334,1955
15.0,15.0,veh2894,1515.1914069595775,1529.0183838467365,35.37253150169583,49.61937171979951,1955
15.0,15.0,veh2895,3520.2343282957054,2613.279856173624,18.64788832474231,249.50852638808396,1955
15.0,15.0,veh2896,1718.9800096917415,1730.3984745976286,28.244430308605452,46.66855376395821,1955
15.0,15.0,veh2898,2540.982589090089,2236.580412580251,31.77988143587553,249.73772142144156,1955
15.0,15.0,veh2900,1418.473152788989,1434.8660948206796,30.645682430010105,44.185228513612664,1955
15.0,15.0,veh2902,1479.4857428019168,1497.4868082901664,34.34687584794986,45.4016339295651,1955
15.0,15.0,veh2903,3791.0128002187357,2714.4738525118396,16.171799908949502,249.50852638808706,1955
15.0,15.0,veh2904,1559.4490531687509,1584.295552297255,27.36161372631176,46.66805465855454,1955
15.0,15.0,veh2908,3571.9411602447653,2632.603478637973,20.01106337890213,249.50852638808396,1955
15.0,15.0,veh2909,3705.293478570322,2682.43924998454,18.896909822396633,249.50852638808396,1955
15.0,15.0,veh2911,1445.0015952508302,1468.4110580145973,26.378556311455327,45.39288609519924,1955
15.0,15.0,veh2912,1265.4790707323077,1296.2021577895844,23.017571884866953,47.895922257156144,1955
15.0,15.0,veh2913,3735.697550095646,2690.387019574994,18.040444704532728,249.5082718117906,1955
15.0,15.0,veh2914,2951.5716216541887,2389.300756721634,28.42119137346129,249.5526962481549,1955
15.0,15.0,veh2916,1188.1445783707095,1230.6321960480752,22.511884825530842,47.899667054048464,1955
15.0,15.0,veh2917,1167.9251797663924,1208.0428409926562,23.084941495586687,47.895922257154396,1955
15.0,15.0,veh2918,1141.3648351197942,1184.0402941464915,21.3169041848194,47.90225815248424,1955
15.0,15.0,veh2920,3341.337010972873,2541.4491320643265,26.47792626309852,249.55283281120185,1955
15.0,15.0,veh2921,3111.9820877403354,2455.937810850123,30.25015904007091,249.55283281120674,1955
15.0,15.0,veh2922,1117.1800547320768,1162.1897028084934,18.795825114590293,47.90272549266866,1955
15.0,15.0,veh2924,3287.622722119394,2521.422617075217,28.31964970585229,249.55283281120185,1955
15.0,15.0,veh2925,1274.270566690711,1308.453907335351,27.03052604331699,47.899667054048464,1955
15.0,15.0,veh2927,3587.3794871331274,2633.182140951806,23.989371558494682,249.55283281120674,1955
15.0,15.0,veh2928,3763.5871308949772,2700.8099175187713,17.927853784841087,249.5082718117906,1955
15.0,15.0,veh2929,3424.111994730957,2572.3104631614647,27.647774131635302,249.55283281120856,1955
15.0,15.0,veh2932,3931.853182673181,2767.1080262892115,18.67198178889376,249.50852638808217,1955
15.0,15.0,veh2934,3361.521082237871,2545.5594281148224,30.13270414868378,249.55291399453682,1955
15.0,15.0,veh2938,1095.094699896219,1142.2359615949194,17.73400978953622,47.90272549267234,1955
15.0,15.0,veh2939,1072.8256858247464,1122.1162873960632,17.492148733604253,47.902725492672154,1955
15.0,15.0,veh2941,1149.6736708861702,1195.8706575900483,24.610941402095456,47.899667054046716,1955
15.0,15.0,veh2942,3945.4562209812134,2768.778058694344,20.48638347291264,249.5082718117857,1955
15.0,15.0,veh2943,959.6648763804181,1024.1967660497282,25.13056152137728,47.902171386882166,1955
15.0,15.0,veh2945,3866.063508049408,2737.085028642063,23.191627741530837,249.55283281120367,1955
15.0,15.0,veh2946,3759.2505111630862,2697.261508144369,26.75924001579863,249.55283281120367,1955
15.0,15.0,veh2947,885.345979418843,952.7315719489559,24.086093920105235,47.90272549266972,1955
15.0,15.0,veh2948,3974.0589090298263,2779.4674591766757,21.41254473347045,249.5082718117906,1955
15.0,15.0,veh2949,3838.7794381107665,2726.912598786749,25.100284341204592,249.55283281120674,1955
15.0,15.0,veh2950,3868.864984236,2734.7136828612097,24.070060912451194,249.55291399453867,1955
15.0,15.0,veh2951,4006.0835698762867,2791.435719800182,22.745718743558804,249.5082718117906,1955
15.0,15.0,veh2952,3901.084828887734,2746.726285514243,23.519795879707118,249.55291399453867,1955
15.0,15.0,veh2953,3858.140694659286,2727.3030223289684,29.085242258505808,249.55269624815855,1955
15.0,15.0,veh2954,3924.444155165371,2758.8513208056056,23.11001343545281,249.55283281120674,1955
15.0,15.0,veh2957,4082.951927063703,2823.5759045439854,22.303460217361977,249.50852638808217,1955
15.0,15.0,veh2960,710.227738343361,794.5152294828123,23.204202206589194,47.9027254926706,1955
15.0,15.0,veh2962,884.1911561274466,960.3146246541506,29.356429124323057,47.90278468712761,1955
15.0,15.0,veh2963,4223.379605714667,2870.3046306973515,20.209880721252063,249.55283281120674,1955
15.0,15.0,veh2964,4184.816658923827,2861.644290223394,21.927670016124065,249.50852638808396,1955
15.0,15.0,veh2965,671.8983523077743,759.8852832802949,23.555715235660266,47.902725492670506,1955
15.0,15.0,veh2966,3973.644370489023,2770.367037282638,29.422329446998813,249.55269624816162,1955
15.0,15.0,veh2968,693.2227731954649,783.4661924340124,26.077638820593478,47.902171386882166,1955
15.0,15.0,veh2969,844.4881422727161,920.1345291228367,32.649301466855995,47.90217138688129,1955
15.0,15.0,veh2970,645.8539171953473,736.3545805974782,22.924347253676174,47.90272549266866,1955
15.0,15.0,veh2971,4103.724253999539,2822.2768327629637,27.759698462576523,249.55291399454356,1955
15.0,15.0,veh2972,664.3350268766865,757.3660991730103,25.630458898068813,47.902171386882166,1955
15.0,15.0,veh2973,4346.117120340893,2921.924703899082,20.38199709503266,249.50852638808033,1955
15.0,15.0,veh2975,4172.232082719992,2851.235093377352,27.83286173919832,249.5528328112104,1955
15.0,15.0,veh2976,732.4386575544822,823.2091165676302,31.79957183676731,47.90278468712752,1955
15.0,15.0,veh2977,4396.215006959157,2940.647039242056,21.21164958309984,249.50852638808885,1955
15.0,15.0,veh2978,4310.878297767884,2899.510576210709,24.202540849942014,249.55291399453503,1955
15.0,15.0,veh2979,4419.526896125792,2945.947816128922,22.67213170269895,249.5082718117906,1955
15.0,15.0,veh2980,552.9899321351713,652.4535547944686,25.7021666836642,47.90272549266954,1955
15.0,15.0,veh2981,4338.799095876193,2913.33694480022,23.60288384012063,249.5528328112104,1955
15.0,15.0,veh2983,4455.756704416752,2962.8986690400393,20.551856746294952,249.50852638808396,1955
15.0,15.0,veh2984,536.3801680095834,641.7588201289257,27.07057425659938,47.902171386882166,1955
15.0,15.0,veh2986,4318.213165481641,2898.8349464944927,28.504193099608035,249.55269624815674,1955
15.0,15.0,veh2988,4512.079411147365,2980.53655467794,21.57771739706805,249.5082718117857,1955
15.0,15.0,veh2989,459.73437525666236,572.5093080057084,26.68402030292099,47.90217138688173,1955
15.0,15.0,veh2990,426.24493720328815,537.9416147426673,25.92555770281438,47.902725492670506,1955
15.0,15.0,veh2991,4447.438632500503,2950.4246962829775,28.26217714259504,249.55291399453867,1955
15.0,15.0,veh2993,4578.753719699405,3008.8645075564123,21.762354172172756,249.50852638808396,1955
15.0,15.0,veh2994,4485.672438020916,2961.2699171996014,26.59462507968322,249.5526962481604,1955
15.0,15.0,veh2995,4554.980688622534,2993.936800069898,23.693987155406727,249.5528328112104,1955
15.0,15.0,veh2996,4561.260247056175,2992.861084284322,25.3668837814867,249.55291399453867,1955
15.0,15.0,veh2997,310.7349858322468,433.58034482509845,23.18447886372191,47.902725492670506,1955
15.0,15.0,veh2998,325.7823872770383,451.48361980613635,28.52910872129436,47.902171386882216,1955
15.0,15.0,veh3000,4606.622808428944,3013.19073991435,26.133251336008502,249.55283281120674,1955
15.0,15.0,veh3002,278.43806977217093,408.70800523864506,25.167449104840777,47.902171386882166,1955
15.0,15.0,veh3004,4690.592919972796,3047.250647566625,24.757090146862694,249.5082718117906,1955
15.0,15.0,veh3005,4723.820126839477,3059.6683238529786,23.807115955851817,249.5082718117906,1955
15.0,15.0,veh3006,252.41241080303735,389.5144948999805,28.0414561796624,47.90278468712709,1955
15.0,15.0,veh3008,210.0144419394615,342.58105218688394,27.270060053664423,47.90272549267098,1955
15.0,15.0,veh3009,183.41491541876678,318.5488338891824,26.06614285113797,47.90272549267077,1955
15.0,15.0,veh3010,162.141477289771,303.63397570958267,29.738003722184814,47.90217138688173,1955
15.0,15.0,veh3011,4786.738986791523,3073.518590370999,27.819071536185067,249.55269624816162,1955
15.0,15.0,veh3013,139.94483723126802,287.90217244848895,25.462557439945243,47.902784687127564,1955
15.0,15.0,veh3014,114.76878694920035,256.52822824459747,21.89899887826544,48.0765056334625,1955
15.0,15.0,veh3017,4868.764417846786,3113.8369240758466,26.195439625844724,249.5082718117906,1955
15.0,15.0,veh3018,81.87007556937479,240.10481915858603,26.798854720932916,48.38752625538961,1955
15.0,15.0,veh3019,4920.892344702411,3126.9435895539023,24.545410329317388,249.55291399453867,1955
15.0,15.0,veh3020,4921.376550548086,3133.4991374915203,21.327567853958698,249.5082718117906,1955
16.0,16.0,veh2581,35.255459663522586,220.61060896512672,26.020001040327877,227.24328187508183,1956
16.0,16.0,veh2594,4533.2012650203815,2960.2242474903824,17.857015047671428,69.51704550529945,1956
16.0,16.0,veh2600,4765.221695218197,3046.894465149934,18.509370340899785,69.51704550529581,1956
16.0,16.0,veh2604,4388.313834403708,2906.1021810112625,16.989991275116353,69.51704550529581,1956
16.0,16.0,veh2618,154.2748221779092,329.63272264405487,26.027883949602426,227.83661768878957,1956
16.0,16.0,veh2628,314.0006368175568,474.27734508874175,21.641219549088262,227.8366176887904,1956
16.0,16.0,veh2636,599.4413927479518,732.7669979042579,23.570585661564515,227.83661768879227,1956
16.0,16.0,veh2646,457.38310179304415,604.1217447454762,24.72136678116791,227.83661768879088,1956
16.0,16.0,veh2648,712.2208878328646,834.8979372446692,21.44201437713489,227.8366176887914,1956
16.0,16.0,veh2659,4823.640655796438,3068.716612554989,22.324956986701128,69.51704550529581,1956
16.0,16.0,veh2664,346.39209325714194,503.61042438908873,24.091799846510934,227.8366176887905,1956
16.0,16.0,veh2667,4225.410443368165,2845.250331256083,19.652400348500525,69.51704550530069,1956
16.0,16.0,veh2668,687.9259080523879,812.8968713206887,22.066387289422156,227.8366176887904,1956
16.0,16.0,veh2669,4745.47159654357,3042.9360644302615,22.89195356346128,69.51723463154048,1956
16.0,16.0,veh2673,4445.053894095696,2930.7174746607525,21.095629247936774,69.51723463154411,1956
16.0,16.0,veh2675,4752.186398791468,3047.08567084386,24.639087436423136,69.53524790941485,1956
16.0,16.0,veh2676,51.393935607115324,231.16638390220464,26.504381218119168,227.24398437946158,1956
16.0,16.0,veh2678,268.60592794763113,428.8425341067225,29.694447344944013,227.8366522468947,1956
16.0,16.0,veh2679,4799.842630460418,3064.8701973718607,24.985095679428436,69.53524790941485,1956
16.0,16.0,veh2681,4869.955763089412,3091.0352721906897,27.170978905950722,69.53524790941485,1956
16.0,16.0,veh2690,4712.3005935018555,3030.545305988764,22.41297349662457,69.51723463153682,1956
16.0,16.0,veh2693,4553.834449085072,2973.0639660657985,25.5551680350964,69.53524790941485,1956
16.0,16.0,veh2697,4817.780450195943,3074.982264121215,26.593446435992114,69.5352479094157,1956
16.0,16.0,veh2698,3575.075092135562,2602.3204030813304,17.80939907143709,69.51704550529581,1956
16.0,16.0,veh2700,4091.5366145387434,2800.5419723118744,23.754477009657727,69.53524790941485,1956
16.0,16.0,veh2701,1320.927770535494,1386.1819672399624,24.08918940717333,227.8321807756659,1956
16.0,16.0,veh2702,4650.016188029691,3008.9574185664555,26.819720837600283,69.53524790941485,1956
16.0,16.0,veh2705,341.1737485311352,494.55847557340576,25.850561598362592,227.836652246894,1956
16.0,16.0,veh2706,4292.179350937435,2875.418561231471,24.896088791447074,69.53524790941485,1956
16.0,16.0,veh2708,4032.193680670528,2778.3961595887868,23.519824075266875,69.53524790941485,1956
16.0,16.0,veh2712,1039.6953401182782,1131.4636520579386,22.457689326050065,227.83218077566767,1956
16.0,16.0,veh2713,546.0967487694252,675.8206843792275,29.638563945457598,227.83635535128016,1956
16.0,16.0,veh2714,4539.343988282807,2971.0743286878105,26.835863994418332,69.53524790940719,1956
16.0,16.0,veh2715,3715.0357224875206,2654.6020848540525,20.228875275768,69.51704550529581,1956
16.0,16.0,veh2717,4026.9959691282875,2771.133471570433,22.742595355639416,69.51704550529945,1956
16.0,16.0,veh2718,919.7451432906229,1018.5009559536796,29.10741106233527,227.83665224689295,1956
16.0,16.0,veh2719,272.6468930525882,423.8712268015473,35.29437890033143,227.8363899072521,1956
16.0,16.0,veh2720,3926.8596695470715,2733.7279945056475,22.495951647406375,69.51704550529581,1956
16.0,16.0,veh2721,703.5584765442268,822.7267102405183,24.58812390896635,227.836652246894,1956
16.0,16.0,veh2724,4665.287933072126,3018.074549827955,28.28311658529486,69.5352479094157,1956
16.0,16.0,veh2725,972.3338415591229,1070.452881018234,27.97182305528255,227.83218077566502,1956
16.0,16.0,veh2726,1198.6216410023628,1275.4066515877232,26.592165043188878,227.8321807756659,1956
16.0,16.0,veh2728,4323.537268919243,2887.12082355226,26.60840391721254,69.53524790940997,1956
16.0,16.0,veh2729,536.0050548567549,675.3202716862897,26.496913915370037,227.8366176887905,1956
16.0,16.0,veh2730,4082.9793381967093,2795.4674686746525,25.969171056686047,69.51723463154048,1956
16.0,16.0,veh2731,3009.6721250709325,2391.116595817167,16.653550931200556,69.51704550530252,1956
16.0,16.0,veh2732,1067.7044350606811,1148.1957027996489,28.863372885605024,227.83244033851838,1956
16.0,16.0,veh2733,1577.8617095341451,1628.2520745227591,24.25982849910257,226.42748622308224,1956
16.0,16.0,veh2734,1347.5575312667054,1410.301119419858,24.85455135371595,227.8321807756659,1956
16.0,16.0,veh2735,790.2877114376712,905.5937496357258,26.29347919781553,227.8366176887914,1956
16.0,16.0,veh2737,3398.151534433598,2536.231381342779,20.308713684480725,69.51704550529763,1956
16.0,16.0,veh2739,3994.01752101117,2762.2365052974983,24.286221659729627,69.51723463154048,1956
16.0,16.0,veh2740,4285.963384825651,2876.5168299924094,28.3200938072266,69.5352479094157,1956
16.0,16.0,veh2742,3389.1369338427107,2538.4178949955317,23.170830638892,69.53524790941485,1956
16.0,16.0,veh2744,431.0473793205924,575.9462065658513,29.79651501274038,227.8366522468939,1956
16.0,16.0,veh2745,3813.501755083138,2696.7839083498284,25.227151496454837,69.53524790941485,1956
16.0,16.0,veh2747,1122.3158463153432,1206.2948374471257,24.975888670258094,227.83218077566613,1956
16.0,16.0,veh2748,1260.2814598947957,1322.6153051738972,29.772347965433735,227.83244033851838,1956
16.0,16.0,veh2752,3483.4399275808446,2571.5143972599326,22.901910026847172,69.5172346315423,1956
16.0,16.0,veh2753,1070.1877063479444,1154.7572924250662,25.608293205818438,227.83120150731506,1956
16.0,16.0,veh2754,3322.5567524851144,2507.9932809314682,21.342900047441326,69.51704550530252,1956
16.0,16.0,veh2755,1716.4230993977774,1755.227290905261,26.147247430482448,227.82296541795714,1956
16.0,16.0,veh2756,3496.3633491281025,2578.4330401373554,25.066256002116827,69.53524790941485,1956
16.0,16.0,veh2758,3417.364681302799,2546.8325263329625,22.55148569979198,69.51723463154048,1956
16.0,16.0,veh2759,3160.958181513719,2447.6288410085604,20.529838568826992,69.51704550529763,1956
16.0,16.0,veh2761,619.919399252856,746.9848640143061,30.12458164974093,227.8366522468939,1956
16.0,16.0,veh2762,749.6819116378263,860.1851847144461,28.18428015094427,227.83635535128028,1956
16.0,16.0,veh2764,1469.5189664690915,1525.177737456979,28.781661045487123,226.42748622308412,1956
16.0,16.0,veh2765,3945.589427746897,2746.0768682890207,28.44507215738613,69.53524790940997,1956
16.0,16.0,veh2766,3629.0780786452037,2627.960007442474,26.870723467159166,69.53524790941485,1956
16.0,16.0,veh2769,881.6794074819957,988.3563099565768,28.349750642919894,227.8366176887914,1956
16.0,16.0,veh2770,3523.7058335707206,2588.636808309567,26.025607577640006,69.53524790940997,1956
16.0,16.0,veh2771,2566.9243400043597,2223.0888935698135,17.016620058390956,67.93728067657476,1956
16.0,16.0,veh2772,3917.6065788288047,2739.0520922530095,29.37264111332226,69.5352479094157,1956
16.0,16.0,veh2776,897.3134415165009,993.8786860301568,29.137433859948356,227.83635535128028,1956
16.0,16.0,veh2777,3057.211430267808,2408.8746955038378,20.119255892919636,69.51704550530252,1956
16.0,16.0,veh2780,1353.5011577334737,1411.3692480770835,25.718122697698938,227.83120150731702,1956
16.0,16.0,veh2783,3244.2550548730965,2478.7440240045676,22.697125950561556,69.51704550529763,1956
16.0,16.0,veh2785,2288.8590565833774,2181.4744658386944,18.700175202763624,254.92504650770786,1956
16.0,16.0,veh2786,3056.1121925068924,2414.1385061443543,24.194650001157687,69.53524790941667,1956
16.0,16.0,veh2787,2859.7505857950955,2335.1140600498916,21.76023836917123,69.51704550530252,1956
16.0,16.0,veh2789,2706.9748835498854,2278.0453641794716,19.70164188240679,69.51704550530252,1956
16.0,16.0,veh2790,2833.263722121356,2325.2200078848964,20.718573702550724,69.51704550529763,1956
16.0,16.0,veh2791,2053.6582081785564,2066.077430732665,20.68441153583307,229.72000347244327,1956
16.0,16.0,veh2792,1245.106182382461,1313.190194200024,27.966469185534706,227.83120150731685,1956
16.0,16.0,veh2793,2999.7638383220087,2393.110221600759,24.715761822465907,69.53524790940997,1956
16.0,16.0,veh2794,3968.3824120372074,2758.0008030732256,32.188447510871484,69.5352479094157,1956
16.0,16.0,veh2795,3851.3057234790213,2714.309696987931,31.07012125623465,69.53524790941083,1956
16.0,16.0,veh2799,2001.7419505073008,2017.6320495685086,21.546582553082164,229.31491308820773,1956
16.0,16.0,veh2800,2028.2512686154382,2040.3450797166158,22.013505489143153,229.71076956222538,1956
16.0,16.0,veh2801,2063.623279178612,2070.331297527689,18.43748048011843,234.02376951620252,1956
16.0,16.0,veh2802,1919.2569329435062,1927.322271148271,22.287447043095426,231.71108177817254,1956
16.0,16.0,veh2803,2215.3235356981463,2156.7869713423925,20.521238425066954,247.67360158778177,1956
16.0,16.0,veh2806,2790.690288400339,2315.087390909601,25.54915851754309,69.53524790941485,1956
16.0,16.0,veh2807,2701.481286226696,2307.339337249601,16.79542375326454,249.51597948852805,1956
16.0,16.0,veh2810,2829.63796389484,2329.622026649321,25.326902942957247,69.53524790940997,1956
16.0,16.0,veh2811,1755.7454879268596,1786.5337618727108,25.844729107445705,227.82200476001154,1956
16.0,16.0,veh2813,1321.387125719486,1377.9595288430341,30.251853292759364,227.83244033851838,1956
16.0,16.0,veh2814,2595.4544910043746,2238.113386030842,21.253211317103258,67.934535731957,1956
16.0,16.0,veh2816,1670.233451360847,1713.3787989929142,27.009921929516235,227.82296541795696,1956
16.0,16.0,veh2818,2404.854469504738,2205.6110488976274,20.097888996173417,255.24031491675237,1956
16.0,16.0,veh2821,1721.9304959808214,1755.8991409674165,27.44877427731469,227.8229654179589,1956
16.0,16.0,veh2822,1846.680138206913,1869.4159398361414,25.57337062027967,231.40973507016224,1956
16.0,16.0,veh2823,2608.7567812947063,2247.0959516781427,25.32052050012927,69.40478044079995,1956
16.0,16.0,veh2824,1945.8166026792137,1948.289494676393,23.08368338487611,231.71108177817254,1956
16.0,16.0,veh2825,2141.6213627417987,2119.675160157048,25.15292972885871,241.18994907019396,1956
16.0,16.0,veh2826,1501.3637034846474,1551.0559248171257,30.06520250076969,226.42844698292348,1956
16.0,16.0,veh2828,2477.1513405170786,2197.6412499788444,24.959415504154713,69.4047804407951,1956
16.0,16.0,veh2830,2389.831884350127,2140.7270933413256,21.87857932285015,63.18260622857964,1956
16.0,16.0,veh2831,2399.541836773194,2187.7761020464627,21.940653718539583,249.73707028904334,1956
16.0,16.0,veh2832,2413.7846590327886,2196.443993683785,21.494100601293216,249.73707028904403,1956
16.0,16.0,veh2833,2445.7611747563233,2189.266365794686,25.617538013874825,69.40479072891247,1956
16.0,16.0,veh2834,2745.349852213308,2298.167081394555,27.474626365290405,69.53524790941485,1956
16.0,16.0,veh2835,2781.19472890676,2314.961769038465,28.769081497419503,69.53524790941388,1956
16.0,16.0,veh2839,2432.9528718469915,2162.018649580711,22.917292892337976,64.17996453827192,1956
16.0,16.0,veh2841,2493.57435436361,2207.233595959058,27.380090199006624,69.40479072891247,1956
16.0,16.0,veh2842,2015.8836824269758,1934.0955201255347,18.495130053837975,57.41587351268924,1956
16.0,16.0,veh2843,1944.1096558119532,1942.86529671589,27.612188053463044,231.71631981031967,1956
16.0,16.0,veh2845,2773.7997418311575,2315.623005134038,32.14439202826576,69.53554701314485,1956
16.0,16.0,veh2847,2154.74827547785,2019.5577053743698,20.283182643118344,62.414717097204374,1956
16.0,16.0,veh2848,1721.3458540841061,1728.2378136897169,19.975192117455272,46.66812107751967,1956
16.0,16.0,veh2849,1909.5244515453212,1915.4765535297731,28.979567573390444,231.4104046915865,1956
16.0,16.0,veh2850,2404.1165181497836,2202.1090199162354,24.175021075032777,255.2427116993776,1956
16.0,16.0,veh2851,2601.4537177800944,2270.5091296197634,22.214291831231453,250.29797470206591,1956
16.0,16.0,veh2852,2447.7229640134688,2213.595570648847,24.555654114183078,255.2427116993776,1956
16.0,16.0,veh2853,2243.032572870439,2103.950958495907,25.630911184997494,66.55132982552577,1956
16.0,16.0,veh2854,1979.8060240204068,1949.8518525008217,23.829512527260782,51.29087556911964,1956
16.0,16.0,veh2856,1895.3447538834544,1900.0712479846547,31.684940644991524,231.4077590546396,1956
16.0,16.0,veh2857,2534.269733524868,2240.924176844181,23.945611551823298,249.73707028904403,1956
16.0,16.0,veh2858,2270.335028179331,2115.7933313049,27.486298897318225,66.55132982552847,1956
16.0,16.0,veh2860,1509.3688397709288,1519.8702938003894,25.977815575944174,49.21650047763473,1956
16.0,16.0,veh2861,2177.747382693549,2075.449784449943,27.752329026563594,60.01018258153042,1956
16.0,16.0,veh2863,1790.452952132223,1757.4420699627785,18.465213260498558,49.90742684512533,1956
16.0,16.0,veh2866,1920.49050337301,1902.315648677901,25.718441573984524,51.29087556911964,1956
16.0,16.0,veh2869,2084.7697828806754,2042.0673098209008,30.526333515334006,239.1910554337181,1956
16.0,16.0,veh2870,2968.3013986051733,2407.014481161322,21.709848454951732,249.51153136662478,1956
16.0,16.0,veh2873,1775.5632954308994,1749.0926961371474,19.259896609815275,49.907138981441754,1956
16.0,16.0,veh2874,1638.027284110857,1654.0285564052647,22.100954169024035,46.6685537639581,1956
16.0,16.0,veh2875,1626.198217885015,1638.475213642847,23.165647223906845,46.66812107751967,1956
16.0,16.0,veh2876,1902.4075783412234,1891.9192704627142,26.714291809091684,51.289784463403585,1956
16.0,16.0,veh2878,2600.8334961946643,2265.4979123701723,26.832586166459215,249.73707028904713,1956
16.0,16.0,veh2880,1997.7163448441377,1968.303894691298,28.356797019572475,51.289784463403585,1956
16.0,16.0,veh2881,2889.4915140466615,2372.9857527643117,24.36208800487774,249.55283281120856,1956
16.0,16.0,veh2882,1769.1589755156015,1773.3448732814793,25.574017704025554,46.66812107752157,1956
16.0,16.0,veh2883,2870.852687962764,2362.6223432672814,24.175051679163477,249.55291399453992,1956
16.0,16.0,veh2884,1632.9869276820423,1653.6715915974341,24.497061170531758,46.66805465855454,1956
16.0,16.0,veh2885,3098.885692169402,2455.815519963775,22.488488445433067,249.50852638808706,1956
16.0,16.0,veh2886,1445.1048400150605,1457.6750737795155,26.762440418456478,44.18753559879932,1956
16.0,16.0,veh2887,2878.3007174351883,2361.9826710218576,25.6747871118852,249.55269624815674,1956
16.0,16.0,veh2888,1571.1392932720862,1586.5324389563611,23.084802388492047,46.66812107752146,1956
16.0,16.0,veh2891,2582.810022559409,2255.4342954418635,30.00295631299947,249.73707028904334,1956
16.0,16.0,veh2894,1542.358738611339,1552.1237616228375,35.64829233317387,49.61937171979585,1956
16.0,16.0,veh2895,3503.139359003073,2606.8912084804933,18.248347056849965,249.50852638808396,1956
16.0,16.0,veh2896,1739.5889301976174,1749.8407053782844,28.332510041820726,46.66855376395821,1956
16.0,16.0,veh2898,2511.0981807136845,2225.548195783421,31.86515359022723,249.73772142144023,1956
16.0,16.0,veh2900,1440.7956462807329,1457.8326623332543,32.01331558998097,44.185228513612664,1956
16.0,16.0,veh2902,1505.5460156246488,1520.815133949082,34.96144846812915,48.53258706448848,1956
16.0,16.0,veh2903,3775.8215431770413,2708.796650781094,16.21619354684229,249.50852638808396,1956
16.0,16.0,veh2904,1579.203694819534,1602.932190962654,27.149315871599526,46.66805465855643,1956
16.0,16.0,veh2908,3553.4242552520914,2625.683432141232,19.76621911047676,249.50852638808217,1956
16.0,16.0,veh2909,3688.1088017307184,2676.017077228965,18.34410706804011,249.50852638808396,1956
16.0,16.0,veh2911,1464.378674611215,1487.5241997893943,27.22414680882241,45.39288609520109,1956
16.0,16.0,veh2912,1282.7083978725248,1311.7722769771729,23.221841912095584,47.895922257154396,1956
16.0,16.0,veh2913,3718.2458401799126,2683.8649641628,18.631999102249846,249.50827181178389,1956
16.0,16.0,veh2914,2926.07031505257,2379.792932481919,27.224135663282247,249.55269624815855,1956
16.0,16.0,veh2916,1205.0720119982493,1245.9274847094073,22.813980294059412,47.89966705404654,1956
16.0,16.0,veh2917,1184.643791577096,1223.151427440937,22.533495202585446,47.895922257154396,1956
16.0,16.0,veh2918,1156.0216091155328,1197.2856006034401,19.754531671517885,47.895922257154396,1956
16.0,16.0,veh2920,3316.3839121300807,2532.1457675654865,26.62305750430274,249.55283281120674,1956
16.0,16.0,veh2921,3083.881625185215,2445.461002042394,29.9810550671777,249.55283281120674,1956
16.0,16.0,veh2922,1132.6967523095477,1176.2087742814788,20.91130067894719,47.90272549267253,1956
16.0,16.0,veh2924,3261.6667226994073,2511.745337108622,27.693076098224054,249.55283281120185,1956
16.0,16.0,veh2925,1294.2113359712005,1326.4719855027286,26.875209049606404,47.899667054048464,1956
16.0,16.0,veh2927,3565.397964817118,2624.986681316367,23.452611490787753,249.55283281120674,1956
16.0,16.0,veh2928,3746.474499472639,2694.4145825674195,18.269988146587913,249.5082718117857,1956
16.0,16.0,veh2929,3398.6917943521466,2562.8329473127287,27.121419296243328,249.55283281120367,1956
16.0,16.0,veh2932,3914.657397020347,2760.681702002692,18.35596538002283,249.50852638808396,1956
16.0,16.0,veh2934,3333.1178261350105,2534.9697734065508,30.313076205933548,249.55291399453867,1956
16.0,16.0,veh2938,1109.056347210406,1154.8500716915419,18.815614824141722,47.90272549267234,1956
16.0,16.0,veh2939,1086.455548349465,1134.4306355972185,18.368480280297344,47.90272549267234,1956
16.0,16.0,veh2941,1166.491675367369,1211.067068275068,22.666496957651013,47.899667054048464,1956
16.0,16.0,veh2942,3926.273230068059,2761.6089887114417,20.480369614105367,249.50827181178877,1956
16.0,16.0,veh2943,978.3235940160175,1041.05492677455,25.146328434006175,47.902171386882166,1956
16.0,16.0,veh2945,3844.5372830611595,2729.0593193459385,22.96684389074363,249.55283281120185,1956
16.0,16.0,veh2946,3734.363947264892,2687.982950137316,26.5520697818067,249.55283281120185,1956
16.0,16.0,veh2947,902.7661303970256,968.4703810875656,23.47651703325948,47.902725492671465,1956
16.0,16.0,veh2948,3955.466945201195,2772.5192679164875,19.84937035034155,249.50827181178877,1956
16.0,16.0,veh2949,3815.400596025318,2718.196170785079,24.943445347057338,249.55283281120674,1956
16.0,16.0,veh2950,3845.080381646589,2725.846011919428,25.383866842930626,249.55291399453682,1956
16.0,16.0,veh2951,3985.7035335421547,2783.8192898391326,21.758373277740137,249.50827181178389,1956
16.0,16.0,veh2952,3878.7712040566103,2738.407042769827,23.81398130858486,249.55291399453867,1956
16.0,16.0,veh2953,3831.21803216428,2717.2652643792853,28.741516175265335,249.55269624815674,1956
16.0,16.0,veh2954,3900.7153259180996,2750.0044056785946,25.316855014276324,249.55283281120856,1956
16.0,16.0,veh2957,4062.466182181089,2815.9200729045115,21.867894345802895,249.50852638808885,1956
16.0,16.0,veh2960,727.6477304736251,810.2538951050383,23.476302959577094,47.902725492670506,1956
16.0,16.0,veh2962,906.8365100207308,980.7742729665965,30.519206955681895,47.90278468712665,1956
16.0,16.0,veh2963,4204.130901381338,2863.1280586141975,20.536902674017124,249.55283281120674,1956
16.0,16.0,veh2964,4163.964042727533,2853.8513532442316,22.25951804179527,249.50852638808396,1956
16.0,16.0,veh2965,688.8412502460561,775.1929024415487,22.833340109337534,47.9027254926706,1956
16.0,16.0,veh2966,3947.089176117435,2760.4662849533233,28.34922247047016,249.55269624815674,1956
16.0,16.0,veh2968,711.8744646616799,800.318005011278,25.136859275062804,47.90217138688226,1956
16.0,16.0,veh2969,868.2811333253348,941.6315084502913,32.065781749920234,47.902171386882166,1956
16.0,16.0,veh2970,663.0491638581564,751.8901925250793,23.17342149767337,47.902725492670506,1956
16.0,16.0,veh2971,4077.765531274214,2812.5985793495715,27.70417368106722,249.55291399453867,1956
16.0,16.0,veh2972,683.5150896072797,774.6952954521586,25.84894451096335,47.90217138688226,1956
16.0,16.0,veh2973,4326.557072637156,2914.614819248171,20.8797414511983,249.50852638808396,1956
16.0,16.0,veh2975,4146.540350053563,2841.6563410505005,27.411123583197238,249.5528328112104,1956
16.0,16.0,veh2976,755.8350659776734,844.3473284219742,31.53140525212936,47.90278468712752,1956
16.0,16.0,veh2977,4376.6616001095645,2933.3396363784345,20.872652546322406,249.50852638808396,1956
16.0,16.0,veh2978,4287.678051828604,2890.86077237293,24.760218356900147,249.55291399454356,1956
16.0,16.0,veh2979,4398.021449823966,2937.9107978011066,22.959896659058703,249.5082718117906,1956
16.0,16.0,veh2980,572.126302168012,669.7429385621465,25.78940432797617,47.902725492671465,1956
16.0,16.0,veh2981,4316.114684291321,2904.8794241233145,24.202540849942014,249.55283281120185,1956
16.0,16.0,veh2983,4436.202182851364,2955.5908495903236,20.87384247070034,249.50852638808033,1956
16.0,16.0,veh2984,557.2093443714909,660.5779913995572,28.07145271371907,47.90217138688401,1956
16.0,16.0,veh2986,4290.958758224175,2888.6735019061916,29.09567310376684,249.55269624815674,1956
16.0,16.0,veh2988,4492.138461446497,2973.084220233418,21.28959045953525,249.5082718117906,1956
16.0,16.0,veh2989,479.23409218960836,590.1273120167099,26.279742045641335,47.90217138688163,1956
16.0,16.0,veh2990,445.0354129043944,554.9184888842167,25.323254856548424,47.902725492671905,1956
16.0,16.0,veh2991,4421.485322578526,2940.7484609381568,27.698396923650154,249.55291399453867,1956
16.0,16.0,veh2993,4558.203985416356,3001.184762113498,21.936201036919638,249.50852638808033,1956
16.0,16.0,veh2994,4458.9430061727435,2951.304202736024,28.535231163054895,249.55269624815674,1956
16.0,16.0,veh2995,4532.596572757489,2985.591239857566,23.882148169753133,249.55283281120552,1956
16.0,16.0,veh2996,4536.7450765589965,2983.7210339415237,26.163557755183003,249.55291399453867,1956
16.0,16.0,veh2997,328.0959374016429,449.2656683080915,23.39673609849737,47.902725492670506,1956
16.0,16.0,veh2998,346.83568004080814,470.5052803580491,28.37349408433951,47.90217138688266,1956
16.0,16.0,veh3000,4582.377868384494,3004.1514011169083,25.8675059582118,249.55283281120185,1956
16.0,16.0,veh3002,298.1385912430645,426.5074362502104,26.55036604890279,47.902171386882166,1956
16.0,16.0,veh3004,4667.5256301479985,3038.6299368641835,24.627370348362977,249.5082718117857,1956
16.0,16.0,veh3005,4701.909989565057,3051.4800643596373,23.3919575788461,249.5082718117906,1956
16.0,16.0,veh3006,273.2286486713462,408.3215715295103,28.05410215867849,47.902784687127564,1956
16.0,16.0,veh3008,229.97188668675585,360.6122629476523,26.89593747706262,47.902725492670506,1956
16.0,16.0,veh3009,202.55354245994857,335.8402568253814,25.792446017731393,47.902725492670506,1956
16.0,16.0,veh3010,184.0989789597624,323.472589460938,29.592095200067863,47.90217138688266,1956
16.0,16.0,veh3011,4760.292270161599,3063.6582825301875,28.233416139380854,249.55269624816162,1956
16.0,16.0,veh3013,158.64049483842467,304.7933449783988,25.196190193106027,47.90278468712709,1956
16.0,16.0,veh3014,131.74550353560468,271.8664019773239,22.87891629691952,47.90272549267098,1956
16.0,16.0,veh3017,4845.367342207264,3105.0929657737047,24.97946014549713,249.5082718117906,1956
16.0,16.0,veh3018,101.50966411503292,257.5493093545814,26.268919518441447,48.3875262553895,1956
16.0,16.0,veh3019,4897.752277730753,3118.3162223862537,24.69599298693211,249.55291399453867,1956
16.0,16.0,veh3020,4900.906876737013,3125.8492082003513,21.854073091566914,249.5082718117906,1956
16.0,16.0,veh3023,46.493273156937526,200.12662900914344,29.077326,48.39120681968328,1956
17.0,17.0,veh2594,4549.084710027921,2966.1574389546568,16.956482705946236,69.51704550529945,1957
17.0,17.0,veh2600,4782.589801219227,3053.3822452396444,18.541442923857122,69.51704550530069,1957
17.0,17.0,veh2604,4404.968332293311,2912.3233959097597,17.779625598050206,69.51704550529945,1957
17.0,17.0,veh2618,134.70382976622943,311.90960872761116,26.404073618521387,227.8366176887904,1957
17.0,17.0,veh2628,297.6238303477661,459.44682446177364,22.094659001890093,227.8366176887914,1957
17.0,17.0,veh2636,581.9689098291873,716.9442537807879,23.572883560575107,227.8366176887904,1957
17.0,17.0,veh2646,438.388669263044,586.9207523570426,25.626211707325876,227.8366176887905,1957
17.0,17.0,veh2648,695.8518857542963,820.0744841241296,22.084129759629064,227.83661768879227,1957
17.0,17.0,veh2659,4844.5688787470335,3076.534258771786,22.342070650259977,69.51704550530069,1957
17.0,17.0,veh2664,329.2326490426534,488.0711620890969,23.150549484750616,227.8366176887904,1957
17.0,17.0,veh2667,4243.852355689057,2852.1392270035276,19.68779236402101,69.51704550530434,1957
17.0,17.0,veh2668,672.2433426639066,798.6950420503316,21.158028286681102,227.83661768879148,1957
17.0,17.0,veh2669,4766.441779903028,3050.769305895833,22.384044587290113,69.51723463153559,1957
17.0,17.0,veh2673,4464.754976271024,2938.0766536992523,21.029377486656774,69.51723463154048,1957
17.0,17.0,veh2675,4775.942775797865,3055.9511623500784,25.365066597289836,69.53524790941361,1957
17.0,17.0,veh2678,247.00431527733406,409.2805532946667,29.143003419653645,227.83665224689295,1957
17.0,17.0,veh2679,4823.97882657523,3073.8774311596835,25.77060558066611,69.53524790941485,1957
17.0,17.0,veh2681,4894.67047195417,3100.258397478698,26.388292967333506,69.53524790941485,1957
17.0,17.0,veh2690,4733.6199721990315,3038.508986533103,22.756783531684608,69.51723463154048,1957
17.0,17.0,veh2693,4577.0233487169135,2981.7176842935096,24.75916185877836,69.53524790941485,1957
17.0,17.0,veh2697,4843.370258057143,3084.5319620477185,27.31369537751048,69.5352479094157,1957
17.0,17.0,veh2698,3592.556347467051,2608.8504496089167,18.66223628223759,69.51704550529763,1957
17.0,17.0,veh2700,4113.274316427884,2808.654127267614,23.209694640795657,69.53524790941485,1957
17.0,17.0,veh2701,1302.9117660112158,1369.8644809816108,24.307876814473204,227.8321807756659,1957
17.0,17.0,veh2702,4674.367704280184,3018.0450063086496,26.00050635972129,69.5352479094112,1957
17.0,17.0,veh2705,321.31006153224837,476.5703248802307,26.79834635362514,227.8366522468938,1957
17.0,17.0,veh2706,4315.272571015812,2884.036573414093,24.657003257534782,69.53524790941485,1957
17.0,17.0,veh2708,4054.750895611253,2786.8141434171744,24.084701933582473,69.53524790941667,1957
17.0,17.0,veh2712,1022.8627085910387,1116.2179724030796,22.711225070807455,227.8321807756659,1957
17.0,17.0,veh2713,524.1165736147279,655.9156777835561,29.65329085440494,227.83635535128028,1957
17.0,17.0,veh2714,4564.3154877150355,2980.3932840173343,26.65373387370041,69.5352479094157,1957
17.0,17.0,veh2715,3734.0251427152907,2661.695499787239,20.272288255809467,69.51704550529763,1957
17.0,17.0,veh2717,4049.0062877672412,2779.3553299023383,23.497269463686457,69.51704550529763,1957
17.0,17.0,veh2718,898.8243199338506,999.5554840889646,28.224542117947387,227.8366522468939,1957
17.0,17.0,veh2719,246.62870344717885,400.3094669754082,35.10013595448247,227.83638990725203,1957
17.0,17.0,veh2720,3948.111404749955,2741.666487310383,22.68743841578432,69.51704550530252,1957
17.0,17.0,veh2721,684.6929245524717,805.6424502963982,25.451750042966136,227.8366522468939,1957
17.0,17.0,veh2724,4691.50892153329,3027.859794035205,27.987396201257738,69.53524790941206,1957
17.0,17.0,veh2725,951.1891084544694,1051.3029568469965,28.528390368921066,227.8366176887904,1957
17.0,17.0,veh2726,1179.140016901709,1257.7617218740115,26.285346351151972,227.8321807756659,1957
17.0,17.0,veh2728,4348.239241670195,2896.3391959308183,26.374694413362572,69.53524790941485,1957
17.0,17.0,veh2729,515.8491156410025,657.0674412063951,27.19325069001448,227.8366176887905,1957
17.0,17.0,veh2730,4106.446386554031,2804.2333937558096,25.049254351201547,69.51723463154048,1957
17.0,17.0,veh2731,3026.07880414706,2397.245239080978,17.51506489205098,69.51704550530252,1957
17.0,17.0,veh2732,1046.8916695336645,1129.3453010414032,28.080084833555556,227.8324403385203,1957
17.0,17.0,veh2733,1559.6368150516023,1610.913405925879,25.155811821672675,226.42748622308224,1957
17.0,17.0,veh2734,1330.0398768241353,1394.4349996450765,23.635483977298392,227.832180775664,1957
17.0,17.0,veh2735,770.7712646511432,887.9200311872212,26.330483752878852,227.8366176887904,1957
17.0,17.0,veh2737,3416.9771904011977,2543.2636228523074,20.09746057553505,69.51704550529763,1957
17.0,17.0,veh2739,4016.5066601174194,2770.637140330221,24.005412058403152,69.5172346315374,1957
17.0,17.0,veh2740,4311.758494125222,2886.1431430592434,27.532827188840688,69.5352479094157,1957
17.0,17.0,veh2742,3411.143824401388,2546.6305067617823,23.49711172161529,69.53524790941667,1957
17.0,17.0,veh2744,408.9258286736755,555.9133805036129,29.844458188883248,227.8366522468947,1957
17.0,17.0,veh2745,3837.690957245144,2705.8109231278695,25.827200991523213,69.53524790940997,1957
17.0,17.0,veh2747,1104.4193244749608,1190.0855692484415,24.14666624429995,227.83218077566767,1957
17.0,17.0,veh2748,1238.2722565547824,1302.6812735912313,29.694290079053033,227.83244033851838,1957
17.0,17.0,veh2752,3505.1373155439414,2579.619280091606,23.16027911003751,69.51723463154048,1957
17.0,17.0,veh2753,1051.1129769003232,1137.480302564015,25.736171250480503,227.83120150731318,1957
17.0,17.0,veh2754,3342.5425212275622,2515.4588774977906,21.335947074801044,69.51704550530069,1957
17.0,17.0,veh2755,1697.0595022145467,1737.6835906486913,26.128520161342376,227.8229654179589,1957
17.0,17.0,veh2756,3518.9411414714014,2586.858703115964,24.106672757944374,69.53524790941485,1957
17.0,17.0,veh2758,3439.1688180771826,2554.977284315017,23.27422518816735,69.5172346315423,1957
17.0,17.0,veh2759,3180.759325903768,2455.025471954941,21.138850057304694,69.51704550530252,1957
17.0,17.0,veh2761,597.4299541529263,726.6188802225711,30.34078915573634,227.83665224689295,1957
17.0,17.0,veh2762,728.8151601970854,841.2884824755007,28.151179201437063,227.83635535128113,1957
17.0,17.0,veh2764,1448.761450839766,1505.429602029573,28.65158739640013,226.42748622308224,1957
17.0,17.0,veh2765,3971.564383885668,2755.7702972559314,27.73387929246146,69.53524790941485,1957
17.0,17.0,veh2766,3654.3339700528604,2637.385093207709,26.966122290307737,69.53524790941304,1957
17.0,17.0,veh2769,860.7071850206978,969.3642690858869,28.294533775489757,227.8366176887914,1957
17.0,17.0,veh2770,3548.143711203161,2597.7566247075833,26.092715799061953,69.53524790941485,1957
17.0,17.0,veh2771,2582.406311201178,2229.3637386241526,16.706279829621028,67.93728067657278,1957
17.0,17.0,veh2772,3944.3879802521383,2749.0464734155603,28.585562042022154,69.53524790941388,1957
17.0,17.0,veh2776,875.2228381016951,973.8736768080123,29.80226879896159,227.83635535128028,1957
17.0,17.0,veh2777,3077.2201583700034,2416.3488684386502,21.36045749973159,69.51704550530252,1957
17.0,17.0,veh2780,1334.7072396255116,1394.3466038769488,25.357292548877243,227.83120150731685,1957
17.0,17.0,veh2783,3265.6371652238377,2486.7312178759835,22.82662131589716,69.51704550529945,1957
17.0,17.0,veh2785,2271.413238493837,2176.775403445791,18.066215362339264,254.92504650770786,1957
17.0,17.0,veh2786,3078.9251810346786,2422.6519404937962,24.35779551464101,69.53524790940997,1957
17.0,17.0,veh2787,2879.661560692336,2342.5517177022216,21.256100382715186,69.51704550530252,1957
17.0,17.0,veh2789,2725.137029882733,2284.8297545647943,19.389126228573975,69.51704550530252,1957
17.0,17.0,veh2790,2852.3075971632506,2332.3337641759053,20.330421873140377,69.51704550529763,1957
17.0,17.0,veh2791,2039.6246344431659,2049.986720650375,20.856724316104817,229.71076956222907,1957
17.0,17.0,veh2792,1224.2724508202684,1294.3199832250132,28.109467279390273,227.83120150731506,1957
17.0,17.0,veh2793,3023.4263429924517,2401.940681485916,25.264837591307337,69.53524790941485,1957
17.0,17.0,veh2794,3998.3145404744846,2769.1709840462017,31.948541488499757,69.5352479094157,1957
17.0,17.0,veh2795,3880.3478634941102,2725.147748832151,30.99859794906393,69.53524790941083,1957
17.0,17.0,veh2799,1985.238127482907,2003.4439943420962,21.76913212452831,229.31491308820773,1957
17.0,17.0,veh2800,2011.2708310186752,2025.8238656550864,22.348071272225663,229.314913088206,1957
17.0,17.0,veh2801,2050.7549688081267,2059.4223344383363,16.87394100256102,229.71076956222907,1957
17.0,17.0,veh2802,1901.7083016394138,1913.3290395753163,22.438043002278253,231.40973507016466,1957
17.0,17.0,veh2803,2196.953515870677,2149.2429878188723,19.857224669466056,247.67360158777896,1957
17.0,17.0,veh2806,2814.0106103314106,2323.7901537907637,24.899483565722456,69.53524790941667,1957
17.0,17.0,veh2807,2685.277422784104,2301.286111328329,17.296278645385236,249.5159794885299,1957
17.0,17.0,veh2810,2853.388668083093,2338.485401152552,25.359009637932182,69.53524790941485,1957
17.0,17.0,veh2811,1737.1431574832106,1769.6816451407828,25.100920518454764,227.8371157770521,1957
17.0,17.0,veh2813,1298.813696848843,1357.514470606038,30.45552965313927,227.8324403385203,1957
17.0,17.0,veh2814,2614.30908801333,2245.756208485147,20.343467829245043,67.93453573195896,1957
17.0,17.0,veh2816,1649.3155106465338,1696.230514425929,27.099328847528774,226.42999412673183,1957
17.0,17.0,veh2818,2385.358961727154,2200.47478601006,20.15922216954713,255.24031491675237,1957
17.0,17.0,veh2821,1701.762634623263,1737.626765688949,27.213764421234984,227.8229654179589,1957
17.0,17.0,veh2822,1826.4949691693218,1853.307945567223,25.81687799121449,231.4097350701659,1957
17.0,17.0,veh2823,2632.1775959196602,2255.897027028734,25.028114283842214,69.4047804407951,1957
17.0,17.0,veh2824,1928.313708205977,1934.4720374391106,22.292984716320056,231.711081778173,1957
17.0,17.0,veh2825,2119.69721205578,2107.617247495048,25.023098166131952,241.18994907019396,1957
17.0,17.0,veh2826,1478.916608036484,1529.7010862107195,30.9825260303503,226.42844698292348,1957
17.0,17.0,veh2828,2500.6983788005978,2206.4897576646404,25.16300029026341,69.40478044079691,1957
17.0,17.0,veh2830,2408.676960086056,2150.253607917049,21.117451559166245,63.182606228575,1957
17.0,17.0,veh2831,2379.1207715582523,2180.2371373662304,21.768193906845593,249.73707028904823,1957
17.0,17.0,veh2832,2393.1957077620737,2188.84304952151,21.940653718539583,249.73707028904403,1957
17.0,17.0,veh2833,2469.415842490406,2198.1553136356542,25.26972954844338,69.40479072891063,1957
17.0,17.0,veh2834,2771.071192306129,2307.765864999482,27.46308935282011,69.53524790940997,1957
17.0,17.0,veh2835,2808.4111602460644,2325.1184962533594,29.049898260150915,69.5352479094157,1957
17.0,17.0,veh2839,2453.5244775214733,2171.9722284941945,22.854530914254685,64.17996453827192,1957
17.0,17.0,veh2841,2518.962404147085,2216.773913872045,27.1214611425911,69.40479072891247,1957
17.0,17.0,veh2842,2031.4534858773768,1944.0467481704277,18.486512209219118,57.41587351268924,1957
17.0,17.0,veh2843,1922.4831146417039,1925.7956834260983,27.551340703020262,231.71631981031967,1957
17.0,17.0,veh2845,2804.1829326728953,2326.961334522477,32.419202712877784,69.53554701313998,1957
17.0,17.0,veh2847,2172.835800805339,2029.0077201204792,20.41650962675645,62.414717097202065,1957
17.0,17.0,veh2848,1735.77678003879,1741.851997777967,19.845838887544204,46.66812107752157,1957
17.0,17.0,veh2849,1886.3289883462867,1896.966754030288,29.675565147454392,231.41040469158855,1957
17.0,17.0,veh2850,2380.8204091241355,2195.972497370187,24.092583069688764,255.2427116993776,1957
17.0,17.0,veh2851,2580.3215445553624,2262.9418734112996,22.444498859308435,250.29797470206094,1957
17.0,17.0,veh2852,2423.8443232219674,2207.305601048142,24.695031098417044,255.2427116993776,1957
17.0,17.0,veh2853,2266.700752070686,2114.216972985384,25.807225618227655,66.55132982553054,1957
17.0,17.0,veh2854,1998.1250307603664,1964.5329347659638,23.483692296968623,51.290875569121276,1957
17.0,17.0,veh2856,1871.3414292441282,1880.914967116028,30.71938534191338,231.40775905464048,1957
17.0,17.0,veh2857,2512.2592457280466,2232.7984356867846,23.45551672722233,249.73707028904403,1957
17.0,17.0,veh2858,2295.8981671298216,2126.881279923251,27.873445135928375,66.55132982553054,1957
17.0,17.0,veh2860,1529.0558911139915,1536.6132909331939,25.85589691861524,49.620254601916386,1957
17.0,17.0,veh2861,2202.4486812047644,2086.3477953478587,27.01655429564932,66.55132982552847,1957
17.0,17.0,veh2863,1804.4435480835898,1769.2068947315145,18.287929883600874,50.02364959852064,1957
17.0,17.0,veh2866,1940.421625450013,1918.2887004378958,25.5503120138427,51.29087556912331,1957
17.0,17.0,veh2869,2058.492274059342,2025.170620720102,31.249031699110816,236.38906354905475,1957
17.0,17.0,veh2870,2948.3372896242336,2399.556552229331,21.310028504285455,249.51597948852805,1957
17.0,17.0,veh2873,1790.1554641295563,1761.3773360686803,19.066059681726124,49.90713898144543,1957
17.0,17.0,veh2874,1654.472341983906,1669.5426446020679,22.60815976235389,46.66855376395821,1957
17.0,17.0,veh2875,1642.268953667377,1653.636399838504,22.100954169024035,46.66812107752157,1957
17.0,17.0,veh2876,1923.1350061346952,1908.5311398774866,26.562817363452506,51.28978446340521,1957
17.0,17.0,veh2878,2575.5829310567747,2256.176012815629,26.908311093818476,249.73707028904403,1957
17.0,17.0,veh2880,2021.2206932161798,1984.2740671898662,28.442108768381658,57.10866705774508,1957
17.0,17.0,veh2881,2867.007723410143,2364.6030304048577,23.98849356554537,249.55283281120674,1957
17.0,17.0,veh2882,1787.62413145407,1790.7649635067337,25.393832033992457,46.66812107752146,1957
17.0,17.0,veh2883,2848.226049129336,2354.186398754897,24.1480422088916,249.55291399453378,1957
17.0,17.0,veh2884,1650.852382874409,1670.525961264009,24.552957972196253,46.66805465855275,1957
17.0,17.0,veh2885,3077.991023171312,2448.0068672187294,22.30440809738564,249.50852638808396,1957
17.0,17.0,veh2886,1465.4725727332218,1478.628791329722,29.23516343480887,44.18753559880118,1957
17.0,17.0,veh2887,2855.3147492103594,2353.4126573643034,24.538864893491667,249.55269624815855,1957
17.0,17.0,veh2888,1588.1853487366589,1602.6137450209862,23.44224282491394,46.66812107752157,1957
17.0,17.0,veh2891,2555.0818304518,2245.1977157754404,29.557354434335014,249.73707028904334,1957
17.0,17.0,veh2894,1568.225813810916,1574.1232922396132,33.94212837457346,49.61937171979951,1957
17.0,17.0,veh2895,3485.2764171671197,2600.215557872453,19.0681338175499,249.50852638808217,1957
17.0,17.0,veh2896,1759.8523630676866,1768.9570068922767,27.857544266295527,46.66855376395631,1957
17.0,17.0,veh2898,2480.4397771779036,2214.2302486388326,32.69044932039523,249.7377214214384,1957
17.0,17.0,veh2900,1464.2519579952816,1481.965762284092,33.639356184493565,44.185228513614526,1957
17.0,17.0,veh2902,1532.6919856675242,1543.9023440210615,35.62026216488044,49.619371719797826,1957
17.0,17.0,veh2903,3761.2472730269674,2703.3500263514456,15.557579264765113,249.50852638808396,1957
17.0,17.0,veh2904,1599.1134688629033,1621.7151823889405,27.362518338275535,46.66805465855454,1957
17.0,17.0,veh2908,3534.6114863687176,2618.65281684905,20.082044594960262,249.50852638808396,1957
17.0,17.0,veh2909,3670.890354403699,2669.582283933228,18.38015601110056,249.50852638808217,1957
17.0,17.0,veh2911,1484.0029384880424,1504.3277087447134,26.07476377368323,46.66812107752146,1957
17.0,17.0,veh2912,1299.6872951939567,1327.1160830827193,22.884310352414065,47.895922257156144,1957
17.0,17.0,veh2913,3700.9070094557696,2677.3850939774975,18.511485696598992,249.5082718117906,1957
17.0,17.0,veh2914,2899.662961321077,2369.9473005761756,28.19139394405884,249.55269624815674,1957
17.0,17.0,veh2916,1221.3933706450296,1260.6751362046396,21.997141606517516,47.899667054044784,1957
17.0,17.0,veh2917,1201.583869294696,1238.4601523240099,22.831988941604887,47.895922257154396,1957
17.0,17.0,veh2918,1169.8749485825326,1209.8048443842272,18.671655395430133,47.895922257154396,1957
17.0,17.0,veh2920,3291.4292928710756,2522.8418362037364,26.624679672696544,249.55283281120185,1957
17.0,17.0,veh2921,3055.9820721514834,2435.0590991419654,29.766699897312396,249.55283281120674,1957
17.0,17.0,veh2922,1147.6867127111977,1189.7533662117226,20.202386743246585,47.89592225715247,1957
17.0,17.0,veh2924,3234.8367707130465,2501.742217881305,28.62551697769938,249.55283281120674,1957
17.0,17.0,veh2925,1313.107215578465,1343.5578438967364,26.08483505917777,47.89906525851499,1957
17.0,17.0,veh2927,3543.206435093457,2616.712923771993,23.67667341293469,249.55283281120185,1957
17.0,17.0,veh2928,3728.5314122748823,2687.7088895703055,19.15660907581337,249.50827181178389,1957
17.0,17.0,veh2929,3372.7836917653376,2553.173524915657,27.64197382223057,249.55283281120674,1957
17.0,17.0,veh2932,3897.007945881315,2754.0858360859866,18.840239150753774,249.50852638808706,1957
17.0,17.0,veh2934,3304.1466263360353,2524.168370875642,30.91920813949321,249.55291399453867,1957
17.0,17.0,veh2938,1124.8443419862115,1169.1142555536092,21.276918250560175,47.902725492670406,1957
17.0,17.0,veh2939,1100.6384242073996,1147.244621907911,19.11375665322383,47.902725492670406,1957
17.0,17.0,veh2941,1184.0119245361936,1222.5804100670434,20.72205251320657,47.895922257156336,1957
17.0,17.0,veh2942,3907.290328614391,2754.5146961886544,20.26674775999847,249.5082718117857,1957
17.0,17.0,veh2943,996.4153101353523,1057.4008013455705,24.382181260066904,47.902171386882166,1957
17.0,17.0,veh2945,3822.176856578116,2720.7225913414586,23.85687340194855,249.55283281120674,1957
17.0,17.0,veh2946,3709.2845209681095,2678.632486464218,26.757839284038553,249.55283281120674,1957
17.0,17.0,veh2947,920.571444339076,984.557178391328,23.995587441613065,47.902725492670506,1957
17.0,17.0,veh2948,3936.886762457252,2765.575479484877,19.836792490613192,249.50827181178389,1957
17.0,17.0,veh2949,3792.3424707537934,2709.599316926871,24.60126491353722,249.55283281120185,1957
17.0,17.0,veh2950,3819.298094300074,2716.2335393352887,27.515874879552474,249.55291399454356,1957
17.0,17.0,veh2951,3966.2096458553733,2776.534031471547,20.812292871772858,249.5082718117857,1957
17.0,17.0,veh2952,3854.746729848078,2729.449939911802,25.639867304418477,249.55291399453503,1957
17.0,17.0,veh2953,3804.084243165773,2707.148790710483,28.96690606070208,249.55269624816162,1957
17.0,17.0,veh2954,3878.3951010777528,2741.682666214728,23.81398130858486,249.55283281120185,1957
17.0,17.0,veh2957,4041.243029624074,2807.9886609023397,22.655054061302625,249.50852638808217,1957
17.0,17.0,veh2960,744.1485264214286,825.1620826622463,22.23753500277447,47.902725492669624,1957
17.0,17.0,veh2962,929.4862778134465,1001.2379091535742,30.52515558032539,47.90278468712752,1957
17.0,17.0,veh2963,4184.513187294223,2855.813907136006,20.930607999218278,249.55283281120185,1957
17.0,17.0,veh2964,4143.411583047202,2846.170589279274,21.939110313596355,249.50852638808396,1957
17.0,17.0,veh2965,705.9041076505019,790.6089029334057,22.995005209383034,47.902725492670506,1957
17.0,17.0,veh2966,3920.6858997478835,2750.62217323795,28.187041121813856,249.55269624816344,1957
17.0,17.0,veh2968,730.4696988695697,817.1188084273828,25.060771904641065,47.902171386882166,1957
17.0,17.0,veh2969,892.5777692601846,963.5835311809801,32.74454327415958,47.90217138688129,1957
17.0,17.0,veh2970,680.035296877633,767.2368738443977,22.891606488393233,47.902725492670506,1957
17.0,17.0,veh2971,4051.3283970591215,2802.7419586227015,28.214753309494736,249.5529139945417,1957
17.0,17.0,veh2972,702.794057725242,792.1138527983095,25.98223916728673,47.902171386882166,1957
17.0,17.0,veh2973,4307.156393469488,2907.364493021314,20.709620504717407,249.50852638808396,1957
17.0,17.0,veh2975,4120.540617963123,2831.962756055969,27.739735529489458,249.55283281120674,1957
17.0,17.0,veh2976,779.1308594341506,865.3946365596603,31.39580617929302,47.90278468712761,1957
17.0,17.0,veh2977,4357.442219055547,2926.1570639893125,20.516090417473077,249.50852638808396,1957
17.0,17.0,veh2978,4265.097704315566,2882.442086765551,24.098638284300684,249.55291399453867,1957
17.0,17.0,veh2979,4376.115303063539,2929.7240296431996,23.38769717952162,249.5082718117906,1957
17.0,17.0,veh2980,591.0059582255165,686.8003856338631,25.443440046598788,47.9027254926706,1957
17.0,17.0,veh2981,4292.907576094639,2896.227024360144,24.760218356900147,249.55283281120185,1957
17.0,17.0,veh2983,4417.1825617672985,2948.4829305129083,20.3028528738799,249.50852638808396,1957
17.0,17.0,veh2984,578.0064551776356,679.3681914245042,28.02823800773682,47.902171386882166,1957
17.0,17.0,veh2986,4263.748719151026,2878.5285994074757,29.04830747313923,249.55269624816162,1957
17.0,17.0,veh2988,4472.2067311437495,2965.6353312636193,21.279747537648657,249.50827181178207,1957
17.0,17.0,veh2989,499.1540570988417,608.1250102846744,26.846109672925824,47.902171386882166,1957
17.0,17.0,veh2990,464.22177841953356,572.253042716992,25.856781458819437,47.902725492671465,1957
17.0,17.0,veh2991,4395.09549394398,2930.9094772653602,28.164266926423743,249.55291399453867,1957
17.0,17.0,veh2993,4538.760378568459,2993.9183931655,20.755444465775774,249.50852638808396,1957
17.0,17.0,veh2994,4430.73640262879,2940.787744380191,30.112198307215397,249.55269624816162,1957
17.0,17.0,veh2995,4509.694130951066,2977.0524300936568,24.435162503974503,249.5528328112104,1957
17.0,17.0,veh2996,4512.217090703453,2974.576205617654,26.17723481154958,249.55291399454356,1957
17.0,17.0,veh2997,346.0677322937515,465.5028783092788,24.21994788858314,47.902725492670506,1957
17.0,17.0,veh2998,367.40310489160964,489.0879590073565,27.718690557449044,47.90217138688173,1957
17.0,17.0,veh3000,4557.88647239692,2995.0201751560235,26.130455693929648,249.55283281120185,1957
17.0,17.0,veh3002,317.71458401418226,444.1943555191857,26.382538889224225,47.902171386882166,1957
17.0,17.0,veh3004,4644.647844119138,3030.0800475462306,24.425050084455663,249.5082718117857,1957
17.0,17.0,veh3005,4679.933117101435,3043.266864582277,23.463206183785417,249.5082718117906,1957
17.0,17.0,veh3006,294.57759908220146,427.60994385101696,28.772040346373597,47.90278468712709,1957
17.0,17.0,veh3008,250.2229542138438,378.9087568793707,27.29164243965519,47.90272549267006,1957
17.0,17.0,veh3009,221.76602613132974,353.1984079666221,25.89197996775661,47.902725492670506,1957
17.0,17.0,veh3010,205.4578937015908,342.7703796230294,28.7853804093809,47.90217138688195,1957
17.0,17.0,veh3011,4733.894709251397,3053.8163017480947,28.180939534818602,249.5526962481604,1957
17.0,17.0,veh3013,177.49709447732852,321.8299255855573,25.413092220687844,47.902784687127564,1957
17.0,17.0,veh3014,148.75062748367347,287.2302412765502,22.917199886471675,47.902725492670285,1957
17.0,17.0,veh3017,4821.501645556473,3096.1738743632554,25.479774802538,249.5082718117906,1957
17.0,17.0,veh3018,120.59824346094659,274.7274207536171,25.68074827163063,47.90253722585651,1957
17.0,17.0,veh3019,4874.46240010205,3109.6330009487992,24.85587683429913,249.55291399453503,1957
17.0,17.0,veh3020,4880.267482303602,3118.135850895032,22.035272211784847,249.5082718117857,1957
17.0,17.0,veh3023,68.00988536932338,219.23587717941538,28.777042128106228,48.39120681968328,1957
17.0,17.0,veh3024,4942.769902744917,3138.5178170581494,25.33536,249.55283281120674,1957
18.0,18.0,veh2594,4566.088098401428,2972.508980368598,18.152086072072542,69.51704550530069,1958
18.0,18.0,veh2600,4800.042959280039,3059.901796154568,18.632240844591742,69.51704550530434,1958
18.0,18.0,veh2604,4420.677449965808,2918.191468159923,16.77037834128134,69.51704550530434,1958
18.0,18.0,veh2618,115.22607363271516,294.2709277895425,26.278284516936573,227.8366176887913,1958
18.0,18.0,veh2628,281.7414097375945,445.0640101505812,21.427661623384328,227.8366176887904,1958
18.0,18.0,veh2636,563.9781903840899,700.6522046369769,24.27205890668233,227.8366176887914,1958
18.0,18.0,veh2646,419.8396374854201,570.1231063144039,25.025302258887553,227.8366176887913,1958
18.0,18.0,veh2648,680.2452290746519,805.941396318981,21.055616559454897,227.83661768878957,1958
18.0,18.0,veh2659,4866.073331149259,3084.56715298184,22.9572284278432,69.51704550530434,1958
18.0,18.0,veh2664,311.8675420446348,472.34565553208415,23.42801805469818,227.8366176887905,1958
18.0,18.0,veh2667,4262.100836562353,2858.9558672791118,19.481293270506143,69.51704550529945,1958
18.0,18.0,veh2668,655.8136899169838,783.8166648522724,22.165956203508713,227.8366176887905,1958
18.0,18.0,veh2669,4787.2649244384975,3058.547622204415,22.22709204492086,69.51723463153924,1958
18.0,18.0,veh2673,4485.379369551895,2945.780728092913,22.014940492955393,69.51723463154048,1958
18.0,18.0,veh2675,4799.591792079489,3064.77658858905,25.250435821181593,69.53524790941485,1958
18.0,18.0,veh2678,225.28604101250778,389.61292611682734,29.300393022929452,227.83665224689372,1958
18.0,18.0,veh2679,4848.320873501672,3082.961485104956,25.99039580982086,69.53524790941485,1958
18.0,18.0,veh2681,4919.778253101765,3109.62821091633,26.80798257863247,69.53524790941485,1958
18.0,18.0,veh2690,4754.6293911819575,3046.356884146759,22.42592557278635,69.51723463153924,1958
18.0,18.0,veh2693,4600.769579866548,2990.5793895318584,25.35423370251051,69.53524790941485,1958
18.0,18.0,veh2697,4869.099902239473,3094.133844603086,27.462951936948553,69.53524790941206,1958
18.0,18.0,veh2698,3610.052364052364,2615.3860101383552,18.677994761903552,69.51704550529763,1958
18.0,18.0,veh2700,4135.336158259353,2816.8872459504737,23.555784081193575,69.53524790941485,1958
18.0,18.0,veh2701,1285.245071916653,1353.8633727597482,23.83657393019159,227.8321807756659,1958
18.0,18.0,veh2702,4699.247361143012,3027.3296874928064,26.56441060324268,69.53524790940997,1958
18.0,18.0,veh2705,301.87266188197066,458.96821133442927,26.22323680750579,227.8366522468939,1958
18.0,18.0,veh2706,4338.7812371336895,2892.8096232665357,25.1005816894065,69.53524790941849,1958
18.0,18.0,veh2708,4076.6041958866176,2794.969437800738,23.333120900798747,69.5352479094118,1958
18.0,18.0,veh2712,1006.0905891945902,1101.0270998982364,22.62957980817028,227.8321807756659,1958
18.0,18.0,veh2713,501.7682729045071,635.677300704749,30.149926303942948,227.83635535128113,1958
18.0,18.0,veh2714,4589.828269214424,2989.914236964912,27.231480044203497,69.53524790942059,1958
18.0,18.0,veh2715,3753.2273620283227,2668.8684048886903,20.499463406248612,69.51704550530252,1958
18.0,18.0,veh2717,4070.7733513035187,2787.486321353781,23.237580779039483,69.51704550529763,1958
18.0,18.0,veh2718,877.3701120110528,980.1269900163574,28.944137847623463,227.83665224689304,1958
18.0,18.0,veh2719,220.51782200137802,376.6637665325595,35.22518294080066,227.83638990725203,1958
18.0,18.0,veh2720,3969.4056579162816,2749.620862514539,22.732828764758935,69.51704550530434,1958
18.0,18.0,veh2721,666.2496460458678,788.9405926265921,24.882055649791415,227.83665224689372,1958
18.0,18.0,veh2724,4717.676406780978,3037.6250717179087,27.930288680851604,69.5352479094157,1958
18.0,18.0,veh2725,930.2201130954385,1032.3138383779865,28.290179952033178,227.83661768879236,1958
18.0,18.0,veh2726,1159.5546743551165,1240.0228521130457,26.425287213393176,227.8321807756659,1958
18.0,18.0,veh2728,4373.5245341403515,2905.7752536919006,26.997514278578144,69.53524790941609,1958
18.0,18.0,veh2729,495.71615621394324,638.8354207806979,27.16224766167384,227.83661768879094,1958
18.0,18.0,veh2730,4130.557505074467,2813.2399060088565,25.736749305412253,69.51723463154048,1958
18.0,18.0,veh2731,3041.7251099739015,2403.089848240715,16.703323116543874,69.51704550529763,1958
18.0,18.0,veh2732,1025.8915280609135,1110.3251903681007,28.33288797233876,227.8324403385203,1958
18.0,18.0,veh2733,1541.8601614249646,1594.001181479859,24.537105215018222,226.42748622308412,1958
18.0,18.0,veh2734,1311.5664043419781,1377.7031747298781,24.92510993914919,227.8321807756659,1958
18.0,18.0,veh2735,751.9668335237441,870.8911004107766,25.369872584793256,227.8366176887904,1958
18.0,18.0,veh2737,3436.039955951102,2550.3844356100226,20.35058856696644,69.51704550530252,1958
18.0,18.0,veh2739,4039.909463520613,2779.3790672312,24.980677844594602,69.51723463153559,1958
18.0,18.0,veh2740,4338.116126411497,2895.9793805080376,28.13324519842639,69.53524790941083,1958
18.0,18.0,veh2742,3432.301072671525,2554.526045916736,22.58993495695664,69.53524790941485,1958
18.0,18.0,veh2744,387.6301816178368,536.6284759251947,28.730221416543458,227.8366522468939,1958
18.0,18.0,veh2745,3861.002496226697,2714.5104083558645,24.89010586897167,69.53524790940997,1958
18.0,18.0,veh2747,1086.4730325958365,1173.8312232456215,24.213817868799772,227.8321807756659,1958
18.0,18.0,veh2748,1216.1350218832663,1282.6312823090557,29.867026885475504,227.83244033851838,1958
18.0,18.0,veh2752,3526.918709655439,2587.7555427368816,23.24994915913397,69.5172346315423,1958
18.0,18.0,veh2753,1032.6464904705094,1120.7542305275429,24.915512351428436,227.83120150731506,1958
18.0,18.0,veh2754,3362.8456043479437,2523.0430054631734,21.67469825624892,69.51704550530252,1958
18.0,18.0,veh2755,1677.8944721459409,1720.3197950816698,25.860581058459857,227.8229654179589,1958
18.0,18.0,veh2756,3542.541650084499,2595.6660270860925,25.198643401725615,69.53524790941485,1958
18.0,18.0,veh2758,3460.216342694322,2562.8394159784607,22.46660038237884,69.5172346315423,1958
18.0,18.0,veh2759,3199.8333548379123,2462.150492100613,20.36261287151635,69.51704550529763,1958
18.0,18.0,veh2761,575.3085651364295,706.5862005295519,29.844240131280156,227.8366522468949,1958
18.0,18.0,veh2762,707.6557627616585,822.126763219474,28.54598573672296,227.83635535128113,1958
18.0,18.0,veh2764,1427.805286837443,1485.4924779465673,28.925781636294992,226.42748622308412,1958
18.0,18.0,veh2765,3997.65242838894,2765.5059289515943,27.85462556181792,69.5352479094118,1958
18.0,18.0,veh2766,3679.435658999571,2646.752633135572,26.801477837564505,69.53524790940997,1958
18.0,18.0,veh2769,839.37833934266,950.0492770963892,28.775669605027865,227.8366176887904,1958
18.0,18.0,veh2770,3572.4170218790878,2606.8150274079308,25.917005007363297,69.53524790941485,1958
18.0,18.0,veh2771,2598.121806253614,2235.7332309292756,16.958270666526346,67.93728067657476,1958
18.0,18.0,veh2772,3971.2718703759347,2759.0791016855374,28.694955014382522,69.5352479094157,1958
18.0,18.0,veh2776,853.5129592643739,954.2134476057099,29.288636102583546,227.83635535128212,1958
18.0,18.0,veh2777,3097.2493339563166,2423.83067944179,21.38228635428127,69.51704550529763,1958
18.0,18.0,veh2780,1315.7458090109396,1377.1722347526813,25.583305220173727,227.83120150731685,1958
18.0,18.0,veh2783,3287.4829274765475,2494.891606888998,23.321596143686865,69.51704550530252,1958
18.0,18.0,veh2785,2254.22993036629,2172.1470485819837,17.79437018524388,254.92504650770786,1958
18.0,18.0,veh2786,3101.9430633459124,2431.2418378534153,24.576563909379445,69.53524790941485,1958
18.0,18.0,veh2787,2900.107182295489,2350.1890902948826,21.826866209543034,69.51704550529763,1958
18.0,18.0,veh2789,2744.3438217055823,2292.0043677073045,20.50434482105566,69.51704550529763,1958
18.0,18.0,veh2790,2872.2296849956,2339.7755730165763,21.267964074244382,69.51704550530252,1958
18.0,18.0,veh2791,2023.4431268400356,2036.2690324620717,21.21846588764064,229.71076956222907,1958
18.0,18.0,veh2792,1203.0749854164314,1275.1203192996227,28.600227395483135,227.83120150731492,1958
18.0,18.0,veh2793,3046.4569532100345,2410.5353286920963,24.59015370011712,69.53524790941485,1958
18.0,18.0,veh2794,4028.8499041058108,2780.5662825313166,32.59241433118135,69.53524790941388,1958
18.0,18.0,veh2795,3909.491427346041,2736.023650394104,31.106854322013042,69.5352479094157,1958
18.0,18.0,veh2799,1968.9702814174323,1988.7917778514527,21.907675127441085,225.94793053544558,1958
18.0,18.0,veh2800,1995.1352153528328,2011.9523520160494,21.283453465366346,229.31491308820964,1958
18.0,18.0,veh2801,2037.1859352867689,2047.9193413039623,17.792784329037932,229.71076956222538,1958
18.0,18.0,veh2802,1884.1535832260363,1899.3201747960045,22.452525545080835,231.40973507016383,1958
18.0,18.0,veh2803,2177.9559808369977,2141.4413037364598,20.535542414915078,247.6736015877741,1958
18.0,18.0,veh2806,2837.4814173912,2332.549075261686,25.060158962935073,69.53524790940997,1958
18.0,18.0,veh2807,2669.305048800552,2295.3193621907526,17.049182870898573,249.51597948853478,1958
18.0,18.0,veh2810,2877.493067714555,2347.480769012629,25.73665596294858,69.53524790941485,1958
18.0,18.0,veh2811,1718.0711556719036,1752.4025226001231,25.734801504122693,227.8229654179589,1958
18.0,18.0,veh2813,1275.8319188240287,1336.699565046072,31.00646455297046,227.8324403385203,1958
18.0,18.0,veh2814,2633.4214788399036,2253.503529188709,20.621618575867167,67.93453573195896,1958
18.0,18.0,veh2816,1629.7030918277794,1677.5725547074042,27.070485829372295,226.42748622308412,1958
18.0,18.0,veh2818,2364.791988024851,2196.482375977239,20.969876285340426,260.7218441871088,1958
18.0,18.0,veh2821,1681.1469798944067,1718.9486831129898,27.81800019516438,227.8229654179589,1958
18.0,18.0,veh2822,1806.5495279212093,1836.8825078328039,25.63360577320876,227.85084171897483,1958
18.0,18.0,veh2823,2655.8640580513706,2264.7724460149175,25.303053156694578,69.53524790941485,1958
18.0,18.0,veh2824,1912.2106008760502,1917.620079835363,23.050268060812567,231.4104046915865,1958
18.0,18.0,veh2825,2098.755812775689,2095.500632593573,24.247897538015224,237.9126127130954,1958
18.0,18.0,veh2826,1456.7026617553086,1508.56805192834,30.660722697182383,226.42844698292348,1958
18.0,18.0,veh2828,2524.861728915656,2215.5698630534066,25.82160773843523,69.40478044079691,1958
18.0,18.0,veh2830,2428.407023634238,2159.819139263902,21.928082692782215,64.17996453826723,1958
18.0,18.0,veh2831,2358.503492103983,2172.625735121919,21.97735192891869,249.73707028904334,1958
18.0,18.0,veh2832,2372.7685915353227,2181.3018509536796,21.768193906845593,249.73707028904224,1958
18.0,18.0,veh2833,2493.238710649785,2207.1074678096847,25.449414137757653,69.40479072891247,1958
18.0,18.0,veh2834,2794.3084319415198,2319.855588615348,26.762316317064563,69.5352479094157,1958
18.0,18.0,veh2835,2835.4150526721587,2335.1959074206393,28.823041412973655,69.53524790940901,1958
18.0,18.0,veh2839,2474.724690339919,2182.2299592037034,23.552897470175488,64.17996453827192,1958
18.0,18.0,veh2841,2545.0589157679606,2226.5804574784443,27.878294391223132,69.40479072891247,1958
18.0,18.0,veh2842,2047.279129562432,1954.1614930205399,18.79027928223387,57.41587351269143,1958
18.0,18.0,veh2843,1900.5156176215512,1908.2875740201903,28.091001666692478,231.41040469158855,1958
18.0,18.0,veh2845,2833.8942851227353,2338.048948802591,31.702343672934116,69.53554701314485,1958
18.0,18.0,veh2847,2191.2176369190993,2038.6115005819001,20.748716431853392,62.41471709719964,1958
18.0,18.0,veh2848,1750.6961403574855,1755.9269724882163,20.51754836244215,46.66812107752146,1958
18.0,18.0,veh2849,1863.8806355205759,1879.0531428067404,28.719735019568827,231.41040469158895,1958
18.0,18.0,veh2850,2357.662758734569,2192.078256227287,23.489549780701413,260.7218441871088,1958
18.0,18.0,veh2851,2559.6652557429343,2255.5450274694576,21.93906162691746,250.29797470206094,1958
18.0,18.0,veh2852,2400.4090398067397,2201.1324180117704,24.23651571262259,255.2427116993762,1958
18.0,18.0,veh2853,2290.687172609591,2124.62102387243,26.15422848474735,66.55132982552577,1958
18.0,18.0,veh2854,2017.3282739779315,1977.9473268839317,23.459863955156727,57.108984983229924,1958
18.0,18.0,veh2856,1844.8572190423358,1863.872604190806,31.347853124500194,231.41040469158855,1958
18.0,18.0,veh2857,2490.12000165289,2224.6251608172865,23.59272609159836,249.73707028903914,1958
18.0,18.0,veh2858,2321.743692943989,2138.0917131488723,28.181353126690407,66.5513298255237,1958
18.0,18.0,veh2860,1548.6120125917294,1553.2449378022372,25.68394079159471,49.620254601912706,1958
18.0,18.0,veh2861,2227.1358147917927,2097.0557787953326,26.918269502586256,66.55132982553054,1958
18.0,18.0,veh2863,1818.7704607041362,1781.04303083135,18.59202662247858,50.43828675493373,1958
18.0,18.0,veh2866,1960.1103767451616,1934.067513206794,25.239609531790553,51.29087556911964,1958
18.0,18.0,veh2869,2033.0910723755078,2008.2871130237206,30.5003390964233,236.38906354905407,1958
18.0,18.0,veh2870,2928.9056510544556,2392.297536581606,20.741660557066517,249.51597948853293,1958
18.0,18.0,veh2873,1805.0008591134144,1773.820990782025,19.362245984468114,50.38177975497553,1958
18.0,18.0,veh2874,1670.6399686722955,1684.7950072457852,22.226755902649156,46.6685537639581,1958
18.0,18.0,veh2875,1658.7085046156094,1669.1455275022602,22.60815976235389,46.66812107751967,1958
18.0,18.0,veh2876,1943.268918193811,1924.6673397604206,25.80220923536677,51.289784463403585,1958
18.0,18.0,veh2878,2549.992550324071,2246.728661540515,27.270436206260776,249.73707028904892,1958
18.0,18.0,veh2880,2045.6051879808244,2000.0438724659741,29.03951940619714,57.10866705774289,1958
18.0,18.0,veh2881,2844.657861081734,2356.2702410767643,23.84560225289869,249.55283281120674,1958
18.0,18.0,veh2882,1805.8309558684039,1807.9413429031463,25.038566833155873,46.66812107752146,1958
18.0,18.0,veh2883,2825.2041193888567,2345.603076977039,24.56991227004142,249.55291399453682,1958
18.0,18.0,veh2884,1668.2871655518063,1686.974032087685,23.96107357597104,46.66805465855454,1958
18.0,18.0,veh2885,3056.761737803836,2440.07316329285,22.66160064537751,249.50852638807908,1958
18.0,18.0,veh2886,1487.8168022442017,1500.6611311453541,31.40995090292281,48.095621782749795,1958
18.0,18.0,veh2887,2831.929789387029,2344.6938849764238,24.96481175087607,249.5526962481549,1958
18.0,18.0,veh2888,1605.455112685859,1618.9060984225173,23.749893391317695,46.66812107752146,1958
18.0,18.0,veh2891,2527.4232903230522,2234.986849939467,29.48310768149082,249.73707028904334,1958
18.0,18.0,veh2894,1590.7113847036876,1593.2469079354191,29.50500309484234,49.619371719797826,1958
18.0,18.0,veh2895,3467.9131657663875,2593.7266491117716,18.534729847830825,249.50852638808706,1958
18.0,18.0,veh2896,1780.730223944869,1788.6529530853281,28.702240992479865,46.66855376395631,1958
18.0,18.0,veh2898,2450.4834363196683,2203.171477033746,31.941853772905407,249.73772142144335,1958
18.0,18.0,veh2900,1489.6445133024915,1506.6001659121434,35.383146480143814,48.104955468772175,1958
18.0,18.0,veh2902,1558.8772976368718,1566.1725298822337,34.359710695331714,49.61937171979585,1958
18.0,18.0,veh2903,3746.521456082074,2697.8467666003444,15.719350746179439,249.50852638808396,1958
18.0,18.0,veh2904,1619.1426560036841,1640.6108287946345,27.52663085209059,46.66805465855454,1958
18.0,18.0,veh2908,3516.1616712968353,2611.7578428669394,19.69460271049009,249.50852638807908,1958
18.0,18.0,veh2909,3653.5660127996225,2663.1079163500353,18.49319485229317,249.50852638808396,1958
18.0,18.0,veh2911,1503.0059733420476,1522.2552357481966,26.13353912779014,46.66812107751967,1958
18.0,18.0,veh2912,1320.5286803099889,1337.324694418923,22.91166662355714,47.8990652585148,1958
18.0,18.0,veh2913,3684.2141673908727,2671.146642762118,17.82180771219182,249.5082718117906,1958
18.0,18.0,veh2914,2874.6406070050457,2360.618047349378,26.71282609774735,249.55269624815978,1958
18.0,18.0,veh2916,1237.8791037027186,1275.5713131124476,22.218677525891373,47.899667054048464,1958
18.0,18.0,veh2917,1217.9178977151855,1253.2211912926666,22.015150254063013,47.89592225715422,1958
18.0,18.0,veh2918,1183.1179684057697,1221.772543144215,17.849061096305153,47.895922257156144,1958
18.0,18.0,veh2920,3266.620342334005,2513.5922150991923,26.469262231958016,249.55283281120674,1958
18.0,18.0,veh2921,3028.156370413097,2424.684730517886,29.68790618535208,249.55283281120856,1958
18.0,18.0,veh2922,1161.313504065051,1202.0678787749343,18.366311813167414,47.895922257154396,1958
18.0,18.0,veh2924,3208.973239716208,2492.099413289917,27.594419327683653,249.55283281120856,1958
18.0,18.0,veh2925,1332.6956274554989,1361.2579127264985,26.40043457348895,47.89906525851306,1958
18.0,18.0,veh2927,3520.423403110159,2608.218634054122,24.307761309930868,249.55283281120856,1958
18.0,18.0,veh2928,3711.252557112928,2681.251433460292,18.44745388388474,249.5082718117857,1958
18.0,18.0,veh2929,3346.3625819440495,2543.3228359619548,28.18931350094928,249.55283281120856,1958
18.0,18.0,veh2932,3879.833550594117,2747.667505701517,18.333131831210636,249.50852638808396,1958
18.0,18.0,veh2934,3274.9337343909906,2513.2768576770227,31.17715153920938,249.55291399453682,1958
18.0,18.0,veh2938,1139.6729768930095,1182.511674145246,19.98402312387722,47.90272549266866,1958
18.0,18.0,veh2939,1116.024448471052,1161.1456322717668,20.735196908004298,47.90272549266848,1958
18.0,18.0,veh2941,1199.7384814516874,1236.7924778739787,21.19639470195704,47.895922257156336,1958
18.0,18.0,veh2942,3887.5931136070976,2747.1534503070893,21.02937156902037,249.5082718117906,1958
18.0,18.0,veh2943,1015.014641300346,1074.2053063644698,25.0662933681699,47.902171386882166,1958
18.0,18.0,veh2945,3799.7377124008162,2712.3565147014924,23.940859191208446,249.55283281120185,1958
18.0,18.0,veh2946,3684.379423896792,2669.347018659469,26.571843267131978,249.55283281120674,1958
18.0,18.0,veh2947,938.0120436892513,1000.3144622850872,23.504074575900198,47.902725492670506,1958
18.0,18.0,veh2948,3917.4767403248343,2758.321563363718,20.722755345584037,249.5082718117857,1958
18.0,18.0,veh2949,3768.305563571353,2700.637539860548,25.64555072599897,249.55283281120367,1958
18.0,18.0,veh2950,3792.4440667630292,2706.2214872623194,28.659678320638587,249.55291399453682,1958
18.0,18.0,veh2951,3947.916874138172,2769.697654328088,19.529943361325532,249.5082718117857,1958
18.0,18.0,veh2952,3830.7238736398813,2720.4934402967588,25.63814051058473,249.55291399453503,1958
18.0,18.0,veh2953,3776.7577467399237,2696.960468631029,29.172632505516432,249.55269624815855,1958
18.0,18.0,veh2954,3854.4705206590597,2732.7627683888436,25.525706617283156,249.55283281120674,1958
18.0,18.0,veh2957,4020.396396791355,2800.1979599963315,22.253130987614103,249.50852638808396,1958
18.0,18.0,veh2960,761.2123940708087,840.578995893162,22.99636668050001,47.902725492670506,1958
18.0,18.0,veh2962,951.6370666093381,1021.2507272681815,29.852680186813103,47.90278468712655,1958
18.0,18.0,veh2963,4165.10145898347,2848.576554165734,20.710836851605798,249.55283281120674,1958
18.0,18.0,veh2964,4123.609564747999,2838.770276569671,21.138037522284463,249.50852638808396,1958
18.0,18.0,veh2965,723.0077287380161,806.0617327172938,23.049940973205903,47.902725492670506,1958
18.0,18.0,veh2966,3893.2503502482996,2740.393192165054,29.289053037226587,249.55269624815674,1958
18.0,18.0,veh2968,749.2009438867556,834.0424976777772,25.244073487736518,47.9021713868812,1958
18.0,18.0,veh2969,916.671865855321,985.3525595168411,32.471581280912915,47.902171386882166,1958
18.0,18.0,veh2970,697.335538044455,782.8673465146717,23.314918851223833,47.902725492671465,1958
18.0,18.0,veh2971,4025.269567904445,2793.0263822869983,27.81101121443502,249.55291399453682,1958
18.0,18.0,veh2972,721.1180446045514,808.6695841172481,24.695212248048556,47.902171386882166,1958
18.0,18.0,veh2973,4288.024171470587,2900.214493284817,20.423050841929456,249.50852638808396,1958
18.0,18.0,veh2975,4094.5366502626907,2822.267591881878,27.7442546030149,249.55283281120856,1958
18.0,18.0,veh2976,802.5039305661933,886.511763613488,31.49995351939421,47.90278468712743,1958
18.0,18.0,veh2977,4337.86570648164,2918.841026168248,20.897317187075004,249.50852638808396,1958
18.0,18.0,veh2978,4242.500816316405,2874.0172343287027,24.116290944070787,249.55291399453867,1958
18.0,18.0,veh2979,4354.712898021118,2921.7255199089163,22.849886541882714,249.5082718117906,1958
18.0,18.0,veh2980,610.1468772983021,704.0938793815033,25.79553490709013,47.902725492670406,1958
18.0,18.0,veh2981,4270.320549680124,2887.805812189141,24.098638284300684,249.55283281120674,1958
18.0,18.0,veh2983,4397.598721147107,2941.164154090493,20.905139648149206,249.50852638808396,1958
18.0,18.0,veh2984,598.1975794860546,697.6108823453826,27.21155082719257,47.90217138688129,1958
18.0,18.0,veh2986,4236.7608068533655,2868.4665139335207,28.81117415425493,249.55269624815674,1958
18.0,18.0,veh2988,4452.208502599183,2958.1615905618105,21.350743170044737,249.5082718117906,1958
18.0,18.0,veh2989,518.3548703227954,625.4729546449621,25.876909922702627,47.902171386882166,1958
18.0,18.0,veh2990,483.5104278895146,589.6800083575189,25.99462590179142,47.90272549267006,1958
18.0,18.0,veh2991,4369.341380990658,2921.3075090084167,27.485806054879077,249.55291399453867,1958
18.0,18.0,veh2993,4518.449136048899,2986.3277756893326,21.68161851057111,249.50852638808396,1958
18.0,18.0,veh2994,4403.204329249458,2930.522775657803,29.39209792186895,249.55269624816162,1958
18.0,18.0,veh2995,4487.255692972629,2968.6866167486614,23.940105730764557,249.55283281120674,1958
18.0,18.0,veh2996,4488.708695144042,2965.8115136112838,25.089087796518154,249.55291399453867,1958
18.0,18.0,veh2997,363.355126732646,481.1217441800963,23.29760577354786,47.90272549267098,1958
18.0,18.0,veh2998,388.72473231587065,508.3520600593586,28.73512834210127,47.9021713868826,1958
18.0,18.0,veh3000,4533.315560606608,2985.8593029976487,26.215293004201918,249.55283281120674,1958
18.0,18.0,veh3002,337.4461242135848,462.0218119674877,26.592169947215872,47.90217138688266,1958
18.0,18.0,veh3004,4622.203812537958,3021.6922609996805,23.961960076726765,249.5082718117906,1958
18.0,18.0,veh3005,4657.944552392536,3035.049295177415,23.475689195739882,249.5082718117857,1958
18.0,18.0,veh3006,315.06369758194273,446.11874581428117,27.609172405713963,47.90278468712709,1958
18.0,18.0,veh3008,270.68259434252377,397.3936925973922,27.57272830625174,47.90272549267098,1958
18.0,18.0,veh3009,240.83262080890665,370.4247508915169,25.695370566822067,47.90272549267098,1958
18.0,18.0,veh3010,226.8358164052749,362.08534348817324,28.810997413776363,47.90217138688266,1958
18.0,18.0,veh3011,4707.862356100852,3044.1104838396946,27.791058900486526,249.55269624816162,1958
18.0,18.0,veh3013,198.56907282907122,336.54632651597825,25.520636453965285,47.90217138688173,1958
18.0,18.0,veh3014,165.0114843838123,301.9216479986882,21.914177693959967,47.9027254926712,1958
18.0,18.0,veh3017,4797.348962312775,3087.147530284126,25.78617079279981,249.5082718117906,1958
18.0,18.0,veh3018,139.67610224817338,291.9640544677938,25.71181308025543,47.90253722585635,1958
18.0,18.0,veh3019,4850.631013475121,3100.747887401093,25.433796614692262,249.55291399453867,1958
18.0,18.0,veh3020,4859.997461174118,3110.560535831283,21.64091755539959,249.50827181178207,1958
18.0,18.0,veh3023,89.56571641952627,238.3799562281452,28.82949472319579,48.391206819683624,1958
18.0,18.0,veh3024,4919.3539717254,3129.787561039579,24.983016417195685,249.55283281120552,1958
18.0,18.0,veh3025,4945.012744065162,3132.528863429778,26.62713,249.55269624815674,1958
18.0,18.0,veh3026,48.613305429214584,197.73672080292187,24.924216,48.39067652278661,1958
19.0,19.0,veh2594,4582.189180102631,2978.523469068613,17.188822279038995,69.51704550530069,1959
19.0,19.0,veh2600,4818.1326382145135,3066.6591166599455,19.311763151063804,69.51704550530069,1959
19.0,19.0,veh2604,4437.199862439962,2924.3633431287562,17.638616889819986,69.51704550530434,1959
19.0,19.0,veh2618,95.8523727480735,276.63899723932246,26.196957343566634,227.24328187508175,1959
19.0,19.0,veh2628,265.9564054078054,430.7694141472916,21.296233099743247,227.8366176887905,1959
19.0,19.0,veh2636,546.7169871328985,685.0207913125721,23.287837009058826,227.8366176887904,1959
19.0,19.0,veh2646,401.24641418224905,553.2854412770747,25.084922960246207,227.8366176887904,1959
19.0,19.0,veh2648,663.8068610603161,791.0551267425526,22.177714348294856,227.83661768878957,1959
19.0,19.0,veh2659,4887.007177239443,3092.3868996978554,22.348073672221055,69.51704550530434,1959
19.0,19.0,veh2664,294.9154317500753,456.9941508380608,22.87082631229894,227.8366176887914,1959
19.0,19.0,veh2667,4281.063134474659,2866.039150789894,20.243333638414917,69.51704550530434,1959
19.0,19.0,veh2668,639.5216402752094,769.0628983768838,21.980309893805124,227.83661768878957,1959
19.0,19.0,veh2669,4808.389551809669,3066.438554974632,22.548901593316543,69.51723463153559,1959
19.0,19.0,veh2673,4505.4897478642615,2953.2927963750294,21.466269373760912,69.51723463154411,1959
19.0,19.0,veh2675,4823.086201403885,3073.54431803925,25.08535948123826,69.53524790940997,1959
19.0,19.0,veh2678,203.4042120515768,369.79718713475586,29.52104669081247,227.8366522468949,1959
19.0,19.0,veh2679,4872.26783867292,3091.8981009983736,25.568560652499094,69.53524790941485,1959
19.0,19.0,veh2681,4945.343133781998,3119.168606426431,27.29603511643694,69.53524790941485,1959
19.0,19.0,veh2690,4775.902404684904,3054.3032453498327,22.707292282269158,69.51723463154048,1959
19.0,19.0,veh2693,4624.9433515472065,2999.600645906533,25.8107256179032,69.53524790941485,1959
19.0,19.0,veh2697,4894.201309946454,3103.5012795768803,26.79239357223592,69.53524790941206,1959
19.0,19.0,veh2698,3626.98127745316,2621.709731751731,18.072579794548236,69.51704550530069,1959
19.0,19.0,veh2700,4156.717949051168,2824.866580703476,22.829682626170992,69.53524790941361,1959
19.0,19.0,veh2701,1267.7826713421362,1338.047297612313,23.56093336224069,227.8321807756659,1959
19.0,19.0,veh2702,4724.2678595438965,3036.6669284363497,26.714789383286366,69.53524790941361,1959
19.0,19.0,veh2705,282.29940000818794,441.2430637240026,26.40653021733761,227.8366522468939,1959
19.0,19.0,veh2706,4362.260703384345,2901.5717762059203,25.069404520578065,69.53524790941485,1959
19.0,19.0,veh2708,4099.067478398985,2803.3523675825622,23.984408765971818,69.53524790941485,1959
19.0,19.0,veh2712,989.8441142645656,1086.3123149935097,21.920360351613095,227.8321807756659,1959
19.0,19.0,veh2713,479.01639404294696,615.073447659179,30.694390586867257,227.83635535128028,1959
19.0,19.0,veh2714,4614.691777393809,2999.1928917244227,26.538467663044727,69.53524790941206,1959
19.0,19.0,veh2715,3772.868529471191,2676.205277145628,20.968065549476666,69.51704550530252,1959
19.0,19.0,veh2717,4091.9961269756022,2795.4139964523533,22.656522466319796,69.51704550530069,1959
19.0,19.0,veh2718,856.1792093199999,960.9369398029992,28.588909495635562,227.83665224689304,1959
19.0,19.0,veh2719,194.9808406158943,353.5377830873373,34.450956507412705,227.8363899072522,1959
19.0,19.0,veh2720,3990.851766188199,2757.6319625297087,22.894942743845217,69.51704550530069,1959
19.0,19.0,veh2721,647.7903903062863,772.2242662997597,24.903610732850186,227.8366522468939,1959
19.0,19.0,veh2724,4744.678976095988,3047.7019891217633,28.82162916895389,69.53524790941206,1959
19.0,19.0,veh2725,908.7278165864018,1012.850828462949,28.996188201321605,227.8366176887904,1959
19.0,19.0,veh2726,1139.5794183381186,1221.9308292605213,26.95137326061508,227.83218077566767,1959
19.0,19.0,veh2728,4398.916405961656,2915.251085124368,27.111310769474635,69.53524790941361,1959
19.0,19.0,veh2729,475.3906842566303,620.4290647141574,27.42197465529703,227.83661768879193,1959
19.0,19.0,veh2730,4153.762691148735,2821.908014563628,24.769736670352597,69.51723463154048,1959
19.0,19.0,veh2731,3057.6504581321615,2409.0386924438044,17.00121670730336,69.51704550529763,1959
19.0,19.0,veh2732,1005.1015328873282,1091.495412025316,28.049363618001045,227.83244033851838,1959
19.0,19.0,veh2733,1524.3887060297927,1577.3793143248952,24.115840264133716,226.42748622308224,1959
19.0,19.0,veh2734,1294.315614937419,1362.0787604111936,23.27541954340455,227.83218077566417,1959
19.0,19.0,veh2735,732.7241143486805,853.4652644169792,25.96118597520376,227.8366176887904,1959
19.0,19.0,veh2737,3454.783830433566,2557.386128003203,20.01015417961692,69.51704550530252,1959
19.0,19.0,veh2739,4063.0572483921624,2788.02573403348,24.708465337670777,69.5172346315374,1959
19.0,19.0,veh2740,4364.308635695568,2905.7539967520015,27.956998490889177,69.5352479094157,1959
19.0,19.0,veh2742,3454.0260288100167,2562.6334443667142,23.196085797412305,69.53524790941485,1959
19.0,19.0,veh2744,366.0708678587796,517.1048001463175,29.085937434177136,227.836652246894,1959
19.0,19.0,veh2745,3885.1627132542353,2723.526606355599,25.796253096314842,69.53524790941667,1959
19.0,19.0,veh2747,1068.476605109021,1157.5314683349357,24.281462732794566,227.83218077566417,1959
19.0,19.0,veh2748,1194.577101900782,1263.105984134989,29.085429380221765,227.83244033851838,1959
19.0,19.0,veh2752,3548.174820440116,2595.695590066998,22.689249941251028,69.51723463154048,1959
19.0,19.0,veh2753,1013.5371083412438,1103.445853902602,25.782925640970745,227.83120150731597,1959
19.0,19.0,veh2754,3383.9205234794317,2530.915449397211,22.498677183235376,69.51704550529581,1959
19.0,19.0,veh2755,1658.7888960529826,1703.5270117157424,25.430295569529324,232.2034602878968,1959
19.0,19.0,veh2756,3566.317555593125,2604.5388063100713,25.385917493849764,69.53524790941304,1959
19.0,19.0,veh2758,3481.7342793415487,2570.877266230379,22.96872874603565,69.5172346315423,1959
19.0,19.0,veh2759,3219.158446009915,2469.3692954479743,20.630636117880087,69.51704550529763,1959
19.0,19.0,veh2761,552.8457144931691,686.2443001365434,30.30491024458758,227.8366522468938,1959
19.0,19.0,veh2762,685.9578408173015,802.47736204887,29.27250514719812,227.83635535128028,1959
19.0,19.0,veh2764,1407.0528393898278,1465.7491642493037,28.644591787975365,226.42748622308412,1959
19.0,19.0,veh2765,4024.7427479556245,2775.6155933147465,28.92477080010194,69.53524790940997,1959
19.0,19.0,veh2766,3703.8308197827446,2655.856508303819,26.04710633065746,69.53524790941667,1959
19.0,19.0,veh2769,818.3845599056128,931.0377146435098,28.3236172252558,227.8366176887904,1959
19.0,19.0,veh2770,3596.9124152261097,2615.9563077303055,26.154126254467666,69.53524790941485,1959
19.0,19.0,veh2771,2613.342745642633,2241.90227975603,16.424605721711828,67.93728067657476,1959
19.0,19.0,veh2772,3998.8927334652317,2769.3867562174823,29.481575030848415,69.5352479094157,1959
19.0,19.0,veh2776,831.6477581859208,934.4125602779635,29.498180183102665,227.83635535128113,1959
19.0,19.0,veh2777,3117.2665829753014,2431.3080353278283,21.36955406399097,69.51704550530252,1959
19.0,19.0,veh2780,1297.1895678211292,1360.3648670898303,25.03661204409605,227.83120150731506,1959
19.0,19.0,veh2783,3308.8919403145333,2502.8888500669473,22.8553412541409,69.51704550530252,1959
19.0,19.0,veh2785,2236.7998536040845,2165.6066127989575,18.642804221049868,247.67360158777896,1959
19.0,19.0,veh2786,3124.730865758346,2439.7458731563747,24.33090389336893,69.53524790940997,1959
19.0,19.0,veh2787,2920.5999419790614,2357.8440711114677,21.877188796679214,69.51704550529763,1959
19.0,19.0,veh2789,2763.3118078432512,2299.0897760298108,20.24940614314774,69.51704550529763,1959
19.0,19.0,veh2790,2891.864763838025,2347.1101709034283,20.961565621528074,69.51704550530252,1959
19.0,19.0,veh2791,2007.5818714461082,2022.6525300156882,20.909126938904674,229.31491308820773,1959
19.0,19.0,veh2792,1182.1939013069305,1256.2072186216683,28.173356692344722,227.83120150731685,1959
19.0,19.0,veh2793,3069.6969141416635,2419.208102162088,24.813680831486458,69.53524790941485,1959
19.0,19.0,veh2794,4058.714677123098,2791.7113275627453,31.876648591390257,69.53524790941083,1959
19.0,19.0,veh2795,3939.271309649499,2747.1370155990085,31.786039114739342,69.5352479094157,1959
19.0,19.0,veh2799,1953.145297116889,1973.4819507204083,22.023716584698317,225.94793053544558,1959
19.0,19.0,veh2800,1978.7066974439988,1997.8290353133605,21.669801987029224,229.31491308820773,1959
19.0,19.0,veh2801,2023.0624374638876,2035.9463073930187,18.519841544986935,229.71076956222737,1959
19.0,19.0,veh2802,1865.9764648102614,1884.8146277420522,23.248576590960557,231.40973507016224,1959
19.0,19.0,veh2803,2159.3511251485274,2133.075908320974,20.424402880012316,241.1958739410578,1959
19.0,19.0,veh2806,2861.3370613324078,2341.451611565062,25.471055503414807,69.53524790940997,1959
19.0,19.0,veh2807,2653.3689569948956,2289.3661668714053,17.010454658892183,249.51597948853293,1959
19.0,19.0,veh2810,2901.9660942696173,2356.613702413919,26.1302448702202,69.53524790941485,1959
19.0,19.0,veh2811,1699.6501050863646,1735.71278324923,24.856682725986133,227.82296541795696,1959
19.0,19.0,veh2813,1253.4750413558231,1316.4506403278028,30.163363686853877,227.83244033851838,1959
19.0,19.0,veh2814,2654.1016325347537,2258.2947923442994,20.748160787260993,69.28704016227479,1959
19.0,19.0,veh2816,1610.3972573167891,1659.2055091866243,26.647832747894675,226.42748622308224,1959
19.0,19.0,veh2818,2345.202711994732,2193.282177271922,19.84744623042715,260.7218441871088,1959
19.0,19.0,veh2821,1660.9108133722277,1701.1585596750735,26.970461418515217,232.46132695860211,1959
19.0,19.0,veh2822,1787.797179922583,1819.8920357011714,25.305242915169433,227.82200476001154,1959
19.0,19.0,veh2823,2679.8070997345767,2273.7075977267436,25.564371481084446,69.53524790940997,1959
19.0,19.0,veh2824,1893.0794083554172,1902.3535367745756,24.475861728779087,231.4104046915873,1959
19.0,19.0,veh2825,2078.2596489166435,2080.8740150231815,25.297331593379916,233.99754635146158,1959
19.0,19.0,veh2826,1434.2248759813388,1487.1840163616462,31.02488624663633,226.42844698292535,1959
19.0,19.0,veh2828,2548.1377715156195,2224.3165359623663,24.87340699271761,69.40478044079691,1959
19.0,19.0,veh2830,2447.68099543175,2169.144857552424,21.412892666571594,64.17996453826966,1959
19.0,19.0,veh2831,2337.347536977023,2164.818767196184,22.550420022729853,249.74797472872012,1959
19.0,19.0,veh2832,2352.14520292856,2173.6881933576333,21.97735192891869,249.73707028904403,1959
19.0,19.0,veh2833,2516.7747938154553,2215.951853957578,25.14304842123044,69.40479072891247,1959
19.0,19.0,veh2834,2820.878767761139,2329.7712035453,28.360277755567267,69.5352479094157,1959
19.0,19.0,veh2835,2862.2429603493583,2345.2076439568023,28.63520124439976,69.5352479094157,1959
19.0,19.0,veh2839,2495.7995493286694,2192.427037416965,23.413632552243037,64.17996453826723,1959
19.0,19.0,veh2841,2571.052934076577,2236.3484861618294,27.768803177462793,69.40479072891247,1959
19.0,19.0,veh2842,2063.1056608699973,1964.2768051825035,18.79133318406549,57.41587351268924,1959
19.0,19.0,veh2843,1878.2749240355497,1890.5396732572726,28.454062148818206,231.41040469158855,1959
19.0,19.0,veh2845,2863.335850594256,2349.0358845976566,31.414477965050505,69.53554701313998,1959
19.0,19.0,veh2847,2208.843112766975,2047.8201127968878,19.89496577386468,62.414717097202065,1959
19.0,19.0,veh2848,1765.1150323022782,1769.5298036510553,19.82928935896777,46.66812107751967,1959
19.0,19.0,veh2849,1841.51346937597,1861.204317924228,28.615867266484187,231.41040469158895,1959
19.0,19.0,veh2850,2333.8895822302334,2188.1945553414826,24.09012225355872,260.72184418710276,1959
19.0,19.0,veh2851,2538.146108276099,2247.839198989939,22.855504525555073,250.29797470206094,1959
19.0,19.0,veh2852,2376.1730536375467,2195.1021873665727,24.990823468497062,259.171000330796,1959
19.0,19.0,veh2853,2314.420837830788,2134.9154427623575,25.87863003439305,66.55132982552577,1959
19.0,19.0,veh2854,2037.135754043557,1990.7569547108035,23.59639696418479,57.108984983227735,1959
19.0,19.0,veh2856,1820.3962925165365,1844.3529747840075,31.29456016699312,231.41040469158855,1959
19.0,19.0,veh2857,2467.0577050596476,2216.111117223993,24.57637870202327,249.73707028904403,1959
19.0,19.0,veh2858,2346.8918345739357,2148.692323765368,27.305629614522363,69.4047804407951,1959
19.0,19.0,veh2860,1568.1873724828363,1569.8929461209593,25.70920747192568,49.6202546019144,1959
19.0,19.0,veh2861,2252.508826589979,2108.061260229204,27.666134963306167,66.5513298255237,1959
19.0,19.0,veh2863,1833.4630933611543,1793.1813054477498,19.06662131252392,50.438286754935746,1959
19.0,19.0,veh2866,1979.7900248936596,1949.8390305995429,25.227939931035575,51.29087556911964,1959
19.0,19.0,veh2869,2007.0061204596689,1990.949134611814,31.321348046825328,236.38906354905336,1959
19.0,19.0,veh2870,2909.4595253505386,2385.0331090210857,20.75712436973905,249.51597948853293,1959
19.0,19.0,veh2873,1819.8937251912982,1786.1250062490524,19.309289774624137,50.437558244137996,1959
19.0,19.0,veh2874,1686.9039252489924,1700.1382464552603,22.359187270270915,46.6685537639581,1959
19.0,19.0,veh2875,1674.8707172820277,1684.3930132980452,22.226755902649156,46.66812107751967,1959
19.0,19.0,veh2876,1963.5172642574548,1940.8952520718708,25.94885982765105,51.28978446340195,1959
19.0,19.0,veh2878,2525.0937376891447,2237.5366205250884,26.53346539329373,249.73707028904403,1959
19.0,19.0,veh2880,2069.555501841377,2015.532886674716,28.5224529296565,57.10866705774367,1959
19.0,19.0,veh2881,2822.2116258193746,2347.901520638951,23.948424839327064,249.55283281120674,1959
19.0,19.0,veh2882,1824.097177152221,1825.0648254129483,25.04867406355095,47.57690620446992,1959
19.0,19.0,veh2883,2802.0114829477698,2336.9561102068856,24.75209720002418,249.55291399453682,1959
19.0,19.0,veh2884,1686.0335493571113,1703.7160691462946,24.38931507976851,46.66805465855275,1959
19.0,19.0,veh2885,3035.826137621635,2432.2492139473566,22.348100861047605,249.50852638808396,1959
19.0,19.0,veh2886,1511.4155723116849,1521.6109524934736,31.572679958552538,49.620254601914695,1959
19.0,19.0,veh2887,2808.418896108498,2335.928159968561,25.09925307666632,249.55269624815367,1959
19.0,19.0,veh2888,1622.39404298728,1634.886342247879,23.29492111212947,46.66812107752146,1959
19.0,19.0,veh2891,2499.283196900375,2224.598206243408,29.996427891205407,249.73707028904334,1959
19.0,19.0,veh2894,1609.7675348744137,1609.4538565712521,25.00500309484234,49.61937171979585,1959
19.0,19.0,veh2895,3450.5583643153395,2587.2408982246516,18.525709789835023,249.50852638808396,1959
19.0,19.0,veh2896,1801.085161807813,1807.8555794113618,27.983342516075727,46.66855376395631,1959
19.0,19.0,veh2898,2420.447295608764,2192.0832462784597,32.02694277750396,249.7377214214384,1959
19.0,19.0,veh2900,1517.783062030202,1531.222544720528,37.37712605716549,49.61937171979585,1959
19.0,19.0,veh2902,1581.6331888841737,1585.5260486834327,29.859710695331714,49.61937171979585,1959
19.0,19.0,veh2903,3731.10840349528,2692.086676531322,16.452953380298307,249.50852638808217,1959
19.0,19.0,veh2904,1638.8002720478669,1659.1559329638142,27.01597106647531,46.66805465855454,1959
19.0,19.0,veh2908,3496.9046428681495,2604.5612010864543,20.556277816874882,249.50852638808885,1959
19.0,19.0,veh2909,3635.8639668807728,2656.4923949713634,18.896382439405357,249.50852638808396,1959
19.0,19.0,veh2911,1521.9024678292951,1540.0822522113012,25.987021644412312,46.66812107751967,1959
19.0,19.0,veh2912,1337.5280593032044,1352.6853157971113,22.911045352609978,47.89906525851306,1959
19.0,19.0,veh2913,3665.805627933596,2667.682045010458,18.24943549902282,249.50852638808885,1959
19.0,19.0,veh2914,2849.637750362221,2351.2960635716645,26.692011191718187,249.55269624815855,1959
19.0,19.0,veh2916,1254.6780035205106,1290.750461207756,22.64074861185477,47.899667054048464,1959
19.0,19.0,veh2917,1234.4136212960514,1268.1283539548735,22.23308444392776,47.895922257156336,1959
19.0,19.0,veh2918,1197.4036542170513,1234.6824977203803,19.254375682559054,47.895922257154396,1959
19.0,19.0,veh2920,3241.4642858882853,2504.2131810985506,26.839597821307287,249.55283281120856,1959
19.0,19.0,veh2921,2999.864837127003,2414.1366840387755,30.184912996413956,249.55283281120305,1959
19.0,19.0,veh2922,1174.8697343442514,1214.3186253922445,18.271208962812032,47.895922257156336,1959
19.0,19.0,veh2924,3182.878657949429,2482.370465107945,27.840932915967798,249.55283281120185,1959
19.0,19.0,veh2925,1352.855817802641,1379.474639993903,27.171053457009315,47.89906525851306,1959
19.0,19.0,veh2927,3498.6014439243218,2600.08266498416,23.28236977384128,249.55283281120674,1959
19.0,19.0,veh2928,3694.97436532612,2675.1679454034474,17.379113921933488,249.50827181178877,1959
19.0,19.0,veh2929,3320.692728436885,2533.7522409303097,27.387780185292574,249.5528328112104,1959
19.0,19.0,veh2932,3861.9655707878464,2740.9899723280328,19.073511693884218,249.50852638808396,1959
19.0,19.0,veh2934,3245.942517608566,2502.4679921657334,30.94057105445311,249.55291399453867,1959
19.0,19.0,veh2938,1153.60639215394,1195.1029723644008,18.779374475691085,47.895922257154396,1959
19.0,19.0,veh2939,1131.158630234482,1174.8191072342956,20.39579774013411,47.9027254926706,1959
19.0,19.0,veh2941,1215.0507570902835,1250.6301602620294,20.638022674948598,47.895922257154396,1959
19.0,19.0,veh2942,3867.506430561541,2739.6466523770946,21.44518000122036,249.5082718117906,1959
19.0,19.0,veh2943,1033.081767456572,1090.528963891511,24.349041400158644,47.90217138688129,1959
19.0,19.0,veh2945,3777.5193213527873,2704.0727423411995,23.705332401856147,249.55283281120674,1959
19.0,19.0,veh2946,3660.155381968124,2660.315471390835,25.845209259043827,249.55283281120674,1959
19.0,19.0,veh2947,955.3563654151947,1015.9847609883044,23.374324650768287,47.902725492671465,1959
19.0,19.0,veh2948,3897.5655224910824,2750.880340316633,21.257847775059993,249.5082718117857,1959
19.0,19.0,veh2949,3745.154185686224,2692.005918254242,24.700758355617204,249.55283281120674,1959
19.0,19.0,veh2950,3765.776408441665,2696.2789196750427,28.460777736250996,249.55291399453682,1959
19.0,19.0,veh2951,3928.4093034589555,2762.4072823507017,20.826901268543562,249.5082718117906,1959
19.0,19.0,veh2952,3806.081747722402,2711.30605685738,26.29904959162561,249.55291399453992,1959
19.0,19.0,veh2953,3749.4800830273125,2686.790353181607,29.12050072926088,249.55269624815978,1959
19.0,19.0,veh2954,3830.7456319403,2723.917322424973,25.312650770233468,249.55283281120552,1959
19.0,19.0,veh2957,3999.286956092131,2792.309043829369,22.53367019626469,249.50852638808396,1959
19.0,19.0,veh2960,778.097652372101,855.8345386260005,22.75566122347294,47.9027254926706,1959
19.0,19.0,veh2962,973.7543803709523,1041.2333013233763,29.807565789229574,47.90278468712761,1959
19.0,19.0,veh2963,4145.519824334673,2841.2758543300697,20.892113984222174,249.55283281120185,1959
19.0,19.0,veh2964,4102.773834287512,2830.9836500444944,22.241493044964187,249.50852638808396,1959
19.0,19.0,veh2965,740.7549957389733,822.0960856003337,23.91735964651447,47.902725492670506,1959
19.0,19.0,veh2966,3866.236484675637,2730.321430356431,28.838880792608872,249.55269624816162,1959
19.0,19.0,veh2968,767.9597092925662,850.9910516130715,25.281162678135793,47.902171386882166,1959
19.0,19.0,veh2969,940.1488221228805,1006.5640012577792,31.63986209901623,47.902171386882166,1959
19.0,19.0,veh2970,714.9118520716139,798.7472463031512,23.6869724124263,47.902725492671465,1959
19.0,19.0,veh2971,3999.1466371877277,2783.286906810795,27.87942293202217,249.55291399453867,1959
19.0,19.0,veh2972,739.8932891335221,825.6330269485674,25.303371570053088,47.902171386882166,1959
19.0,19.0,veh2973,4269.056691852267,2893.1260602590664,20.24719348387613,249.50852638808033,1959
19.0,19.0,veh2975,4068.820840233464,2812.67986269473,27.436812296986226,249.55283281120674,1959
19.0,19.0,veh2976,826.599558720777,908.2817072510859,32.47374564523768,47.90278468712665,1959
19.0,19.0,veh2977,4318.295978358297,2911.5275237986198,20.89007499749443,249.50852638808396,1959
19.0,19.0,veh2978,4219.309804914478,2865.3708734258325,24.750362894079878,249.55291399453992,1959
19.0,19.0,veh2979,4332.95871905754,2913.595545176794,23.22545153894387,249.5082718117906,1959
19.0,19.0,veh2980,629.4719902064355,721.5537891161621,26.043766378699456,47.9027254926706,1959
19.0,19.0,veh2981,4247.716977887077,2879.378431337918,24.116290944070787,249.55283281120674,1959
19.0,19.0,veh2983,4377.40106953898,2933.615987250057,21.560363752002313,249.50852638808396,1959
19.0,19.0,veh2984,618.9470061630894,716.3579997358069,27.963974171651955,47.90217138688313,1959
19.0,19.0,veh2986,4209.411399903245,2858.2696499686876,29.19709082957948,249.55269624815674,1959
19.0,19.0,veh2988,4431.588369267068,2950.455431517897,22.014708449048342,249.5082718117857,1959
19.0,19.0,veh2989,538.1712090332799,643.3770265904789,26.70645278551282,47.90217138688313,1959
19.0,19.0,veh2990,502.6509483674498,606.9731419815137,25.794997735006888,47.902725492670506,1959
19.0,19.0,veh2991,4342.79183047949,2911.408975841835,28.334728418594324,249.55291399453992,1959
19.0,19.0,veh2993,4498.657065756336,2978.9311806997553,21.12741833516656,249.50852638808396,1959
19.0,19.0,veh2994,4375.801503694726,2920.305995274109,29.254118312978346,249.55269624816162,1959
19.0,19.0,veh2995,4463.941720403212,2959.994374310328,24.874234510100436,249.55283281120674,1959
19.0,19.0,veh2996,4465.289238789033,2957.079981023722,24.994168366472746,249.55291399453867,1959
19.0,19.0,veh2997,380.6986744189705,496.7913435517268,23.373281505142533,47.902725492670506,1959
19.0,19.0,veh2998,409.58072269696953,527.1954578097534,28.107589930991562,47.902171386882166,1959
19.0,19.0,veh3000,4509.397846431802,2976.941965141169,25.518380857586124,249.55283281120185,1959
19.0,19.0,veh3002,356.6553338812946,479.3773425189124,25.888225798557098,47.90217138688266,1959
19.0,19.0,veh3004,4599.586131317044,3013.239578086063,24.14735394055003,249.5082718117906,1959
19.0,19.0,veh3005,4636.063881149036,3026.872047733172,23.360498709525757,249.5082718117906,1959
19.0,19.0,veh3006,336.2424348962714,465.253333827116,28.54264367878603,47.902784687127564,1959
19.0,19.0,veh3008,290.567204450498,415.3590985044384,26.79778082774596,47.902725492670506,1959
19.0,19.0,veh3009,260.15702886886936,387.8840238078815,26.042816479923616,47.90272549267094,1959
19.0,19.0,veh3010,248.17643065229692,381.3665991440453,28.760716857367672,47.902171386882216,1959
19.0,19.0,veh3011,4680.919165189916,3034.065072142161,28.76343145940903,249.55269624815674,1959
19.0,19.0,veh3013,217.54356909411086,353.68979339058666,25.571902864330053,47.902171386882166,1959
19.0,19.0,veh3014,181.23169030510482,316.57632725513656,21.859393817603298,47.902725492670506,1959
19.0,19.0,veh3017,4772.811576521441,3077.9774151163747,26.196891436037973,249.5082718117906,1959
19.0,19.0,veh3018,158.6386438727842,309.0965004051797,25.55639661747545,47.90253722585662,1959
19.0,19.0,veh3019,4827.434788267468,3092.099582622416,24.755927273379353,249.55291399453867,1959
19.0,19.0,veh3020,4839.557005277018,3102.921525862913,21.822879119770022,249.50827181178695,1959
19.0,19.0,veh3023,111.0078467045075,257.434714876921,28.6852067474114,48.291312222915344,1959
19.0,19.0,veh3024,4896.528693418506,3121.277520454466,24.35283492221184,249.55283281120185,1959
19.0,19.0,veh3025,4920.14571613815,3123.2575215888423,26.547006096723603,249.55269624815674,1959
19.0,19.0,veh3026,66.80854351398389,213.89650461244915,24.33471851517445,48.39067652278661,1959
19.0,19.0,veh3027,4943.891316202272,3135.5183517553523,29.05788,249.55291399454356,1959
20.0,20.0,veh2594,4598.761596426508,2984.7140227569694,17.69199884900094,69.51704550530069,1960
20.0,20.0,veh2600,4835.781155318857,3073.2516430917676,18.840797756616247,69.51704550529945,1960
20.0,20.0,veh2604,4453.713164120984,2930.531814800634,17.62889059894953,69.51704550529581,1960
20.0,20.0,veh2618,76.58142517563843,258.82092569014094,26.246812777972252,227.24328187508186,1960
20.0,20.0,veh2628,249.94190708121607,416.2669927990796,21.605853391808914,227.8366176887914,1960
20.0,20.0,veh2636,528.7222607309592,668.7251135457932,24.277464865726913,227.8366176887904,1960
20.0,20.0,veh2646,382.81907897368103,536.598001304279,24.861116146048754,227.8366176887904,1960
20.0,20.0,veh2648,649.6323009118969,773.8922630588174,22.08486101305345,227.8366522468947,1960
20.0,20.0,veh2659,4908.486563411704,3100.410430527258,22.930468798891653,69.51704550530069,1960
20.0,20.0,veh2664,280.64457901690014,439.74449151214776,22.203363928109205,227.836652246894,1960
20.0,20.0,veh2667,4299.190884280905,2872.8106925030343,19.352405976250015,69.51704550530069,1960
20.0,20.0,veh2668,623.4485242631706,754.5073939813288,21.684937050388715,227.8366176887914,1960
20.0,20.0,veh2669,4829.134493337533,3074.1876591856653,22.143616398614096,69.51723463153924,1960
20.0,20.0,veh2673,4525.85553246917,2960.9002696007756,21.73889578537306,69.51723463154411,1960
20.0,20.0,veh2675,4846.460930867799,3082.2673849221624,24.957575365393854,69.53524790940997,1960
20.0,20.0,veh2678,181.57649321487486,350.0304491799716,29.448046051484667,227.836652246894,1960
20.0,20.0,veh2679,4895.780251473025,3100.67254905137,25.10458208240476,69.53524790941485,1960
20.0,20.0,veh2690,4796.932878473085,3062.1590078147756,22.44839994468614,69.51723463154048,1960
20.0,20.0,veh2693,4648.225484803151,3008.289157398485,24.858708901825274,69.53524790941485,1960
20.0,20.0,veh2697,4919.9121748206635,3113.09615400148,27.442907538640753,69.53524790941206,1960
20.0,20.0,veh2698,3644.2410365915093,2628.157039344415,18.425776473510794,69.51704550530069,1960
20.0,20.0,veh2700,4178.194829454706,2832.8814013449555,22.931211337112778,69.53524790940631,1960
20.0,20.0,veh2701,1249.634420168892,1321.6100326941414,24.486309010572516,227.832180775664,1960
20.0,20.0,veh2702,4749.151255811541,3045.953005105248,26.568403226030746,69.53524790941485,1960
20.0,20.0,veh2705,262.8564643153636,423.6359368507369,26.230705551128093,227.8366522468939,1960
20.0,20.0,veh2706,4385.4681497597985,2910.2324157751273,24.77896451584002,69.5352479094112,1960
20.0,20.0,veh2708,4121.809417986585,2811.8392876291036,24.281935416149132,69.53524790941485,1960
20.0,20.0,veh2712,973.7769331194859,1071.7599203606162,21.678450374727444,227.8321807756659,1960
20.0,20.0,veh2713,456.85552525201666,595.0048068797171,29.897063295390716,227.83635535128113,1960
20.0,20.0,veh2714,4640.445257487133,3008.80366945208,27.4883935821314,69.53524790941083,1960
20.0,20.0,veh2715,3792.747029716994,2683.6308040338436,21.221431841651572,69.51704550530069,1960
20.0,20.0,veh2717,4113.0874730129935,2803.2925765852974,22.516213841417986,69.51704550530069,1960
20.0,20.0,veh2718,834.8519133143386,941.6233745797208,28.77291940705818,227.83665224689284,1960
20.0,20.0,veh2719,168.88581989784552,329.90644592893045,35.20378584481215,227.83638990725308,1960
20.0,20.0,veh2720,4011.496977027292,2765.343890809154,22.039939093032785,69.51704550530069,1960
20.0,20.0,veh2721,629.2574200224294,755.4411855818227,25.00305993827203,227.8366522468947,1960
20.0,20.0,veh2724,4771.249502198338,3057.617675062119,28.360480856917942,69.53524790941694,1960
20.0,20.0,veh2725,887.9364347500298,994.0225533803635,28.05055385493612,227.8366176887914,1960
20.0,20.0,veh2726,1120.0041987831971,1204.2011281127884,26.411628888973652,227.8321807756659,1960
20.0,20.0,veh2728,4423.778689906591,2924.5292830195963,26.545861258820203,69.53524790941485,1960
20.0,20.0,veh2729,455.1122946807647,602.0653455457514,27.358453775020696,227.83661768879088,1960
20.0,20.0,veh2730,4177.455251468476,2830.758177804497,25.289970883586523,69.51723463154048,1960
20.0,20.0,veh2731,3074.3346256694817,2415.270990309536,17.811299637792803,69.51704550529763,1960
20.0,20.0,veh2732,983.8119496746067,1072.213150073897,28.72339583647594,227.8324403385203,1960
20.0,20.0,veh2733,1506.5259998167253,1560.385221790177,24.655883552696164,226.42748622308224,1960
20.0,20.0,veh2734,1277.0286043733809,1346.421539802343,23.324290505970065,227.8321807756659,1960
20.0,20.0,veh2735,713.4250532189837,835.9884062338498,26.03719934676169,227.8366176887905,1960
20.0,20.0,veh2737,3473.6908927696154,2564.448778505881,20.184366513013927,69.51704550529763,1960
20.0,20.0,veh2739,4086.3999230091313,2796.745200315329,24.916495028032358,69.51723463154048,1960
20.0,20.0,veh2740,4390.110017791443,2915.3826507238628,27.53952255944963,69.53524790941206,1960
20.0,20.0,veh2742,3475.7310830991164,2570.733415771874,23.174836272070166,69.53524790941485,1960
20.0,20.0,veh2744,344.0706213750318,497.1818246655405,29.68080523870721,227.8366522468939,1960
20.0,20.0,veh2745,3908.606808616548,2732.275559457732,25.031638453041896,69.53524790940997,1960
20.0,20.0,veh2747,1050.2122682278991,1140.9890620719932,24.64293625182366,227.8321807756659,1960
20.0,20.0,veh2748,1172.2728695320416,1242.9047407916064,30.092336179378915,227.83244033851838,1960
20.0,20.0,veh2752,3570.2475646298585,2603.9406841647597,23.560942774695132,69.5172346315374,1960
20.0,20.0,veh2753,994.2801540006958,1086.0038133321204,25.982034294742437,227.83120150731506,1960
20.0,20.0,veh2754,3404.300965319719,2538.5284743743196,21.757283098240695,69.51704550530252,1960
20.0,20.0,veh2755,1639.0385204022105,1686.4540273774899,26.1913296111259,226.42920384432645,1960
20.0,20.0,veh2756,3589.4477461597317,2613.17061527447,24.696477243648307,69.5352479094179,1960
20.0,20.0,veh2758,3503.1297670011413,2578.8693766587153,22.838023947136993,69.5172346315423,1960
20.0,20.0,veh2759,3238.065012612301,2476.4317607715084,20.183837289077086,69.51704550530252,1960
20.0,20.0,veh2761,530.5977160494799,666.0969655229324,30.015050478912663,227.83665224689295,1960
20.0,20.0,veh2762,665.1062379141628,783.5943781601543,28.130742422004136,227.83635535128016,1960
20.0,20.0,veh2764,1386.4854262930617,1446.1818871974913,28.389188975357534,226.42748622308224,1960
20.0,20.0,veh2765,4050.840166873244,2785.3547233885815,27.864634775098782,69.53524790941485,1960
20.0,20.0,veh2766,3728.6569530024517,2665.12121533942,26.507262546873733,69.53524790940997,1960
20.0,20.0,veh2769,797.8022066668206,912.3987318343447,27.768544319457355,227.8366176887914,1960
20.0,20.0,veh2770,3621.422986454493,2625.103252189862,26.1703319230102,69.53524790940997,1960
20.0,20.0,veh2771,2629.5285291601426,2248.4623800406966,17.465749371807735,67.93728067657476,1960
20.0,20.0,veh2772,4026.3925877537567,2779.6492522433496,29.352414329830587,69.5352479094157,1960
20.0,20.0,veh2776,809.6943260677352,914.5317718841221,29.617212022710877,227.83635535128113,1960
20.0,20.0,veh2777,3137.2772650339502,2438.7829381545343,21.362543459596374,69.51704550529763,1960
20.0,20.0,veh2780,1278.195046640743,1343.1605260924812,25.627951959248687,227.83120150731702,1960
20.0,20.0,veh2783,3329.913669163547,2510.7414250034335,22.441893525504227,69.51704550530252,1960
20.0,20.0,veh2785,2219.6268074544396,2158.5541883367996,18.563346085380747,247.67360158777697,1960
20.0,20.0,veh2786,3147.9403084665832,2448.4072577243383,24.781096032526953,69.53524790941485,1960
20.0,20.0,veh2787,2940.952876233026,2365.4468207499267,21.72791718224874,69.51704550530252,1960
20.0,20.0,veh2789,2782.168125736723,2306.1334711677414,20.13019392875513,69.51704550529763,1960
20.0,20.0,veh2790,2911.715333429938,2354.5252644179536,21.191614276920674,69.51704550529763,1960
20.0,20.0,veh2791,1991.5695524001387,2008.8870123782685,21.12082081930902,229.31491308820964,1960
20.0,20.0,veh2792,1161.8203717731412,1237.7538369285926,27.488549522977163,227.83120150731506,1960
20.0,20.0,veh2793,3093.154860768869,2427.9622243298245,25.046427671801396,69.53524790941304,1960
20.0,20.0,veh2794,4089.2573132014245,2803.1093400061827,32.60017669513021,69.53524790941388,1960
20.0,20.0,veh2795,3968.531567822275,2758.0564655736675,31.231409893087637,69.5352479094157,1960
20.0,20.0,veh2799,1937.8410861805512,1958.6759440058029,21.298953465803546,225.94793053544558,1960
20.0,20.0,veh2800,1962.6344194386954,1982.662169772329,22.11013910921438,225.94793053544564,1960
20.0,20.0,veh2801,2009.2913078296426,2024.1221033248407,18.155129422293612,229.31491308820964,1960
20.0,20.0,veh2802,1848.5418093994579,1870.9015746031469,22.29896468646516,231.40973507016383,1960
20.0,20.0,veh2803,2140.9950680054226,2122.9828590497987,20.946307012411093,241.19587394105073,1960
20.0,20.0,veh2806,2884.8778519811453,2350.236649767219,25.134881568739054,69.53524790940997,1960
20.0,20.0,veh2807,2636.869048065858,2283.202348175837,17.612282618352392,249.5159794885299,1960
20.0,20.0,veh2810,2926.361668413788,2365.717731841732,26.0475476828561,69.53524790940997,1960
20.0,20.0,veh2811,1681.0435492355264,1718.8549734339686,25.106996653638447,227.8229654179589,1960
20.0,20.0,veh2813,1230.9054120756514,1296.009023431017,30.45040333666638,227.83244033851838,1960
20.0,20.0,veh2814,2674.1542431327243,2265.785357393621,21.407304564732026,69.51704550530252,1960
20.0,20.0,veh2816,1591.2891247645962,1641.0265519287327,26.374944842999206,226.42748622308412,1960
20.0,20.0,veh2818,2324.938679514219,2189.9717470952824,20.531095403945795,260.72184418710367,1960
20.0,20.0,veh2821,1640.2433823854933,1683.1778349985939,27.532587472478074,226.42030230481598,1960
20.0,20.0,veh2822,1768.2745327725968,1802.2036378343103,26.344718459455393,227.8220047600098,1960
20.0,20.0,veh2823,2704.0607333752887,2282.7586572792484,25.895995519741618,69.53524790941667,1960
20.0,20.0,veh2824,1873.0492758062076,1886.3696465520507,25.625938067101995,231.4104046915865,1960
20.0,20.0,veh2825,2058.651241826296,2066.1163096704095,24.590200884671486,229.71076956222907,1960
20.0,20.0,veh2826,1411.5337836779195,1465.5970535823599,31.319301847816266,226.42844698292166,1960
20.0,20.0,veh2828,2571.6585627627655,2233.1551805350064,25.134951999182775,69.4047804407951,1960
20.0,20.0,veh2830,2467.421534108216,2178.6963243956084,21.931236607600756,64.17996453827192,1960
20.0,20.0,veh2831,2316.782391936656,2156.001317411482,22.379387522020448,246.42409666933028,1960
20.0,20.0,veh2832,2331.0471129933,2165.7198124558804,22.550420022729853,247.7394549197099,1960
20.0,20.0,veh2833,2540.277600015481,2224.7837352918227,25.107499415364387,69.40479072891247,1960
20.0,20.0,veh2834,2847.585020064718,2339.73754028497,28.50535041339176,69.5352479094157,1960
20.0,20.0,veh2835,2889.3081048218455,2355.307913386387,28.88841977554268,69.53524790941388,1960
20.0,20.0,veh2839,2516.7244787530453,2202.5515721557845,23.247064617868713,64.17996453827192,1960
20.0,20.0,veh2841,2596.4902114784277,2245.9073028225894,27.174049858554167,69.40479072891247,1960
20.0,20.0,veh2842,2078.8382744058563,1974.3320910784516,18.679821690754224,57.41587351268924,1960
20.0,20.0,veh2843,1856.6913052891891,1873.3161131136192,27.613420724967884,231.4104046915865,1960
20.0,20.0,veh2845,2892.810790694322,2360.035275059963,31.450089065079705,69.53554701313998,1960
20.0,20.0,veh2847,2226.406354846161,2056.996210335535,19.82471866628344,62.41471709719964,1960
20.0,20.0,veh2848,1780.091439978561,1783.6585970303477,20.596001586524626,46.66812107752146,1960
20.0,20.0,veh2849,1819.2594561811052,1843.4457882168758,28.471102848422788,231.41040469158855,1960
20.0,20.0,veh2850,2310.2591171651034,2183.928328704906,24.031216937810306,256.1229778946354,1960
20.0,20.0,veh2851,2517.3220171434227,2240.382264427008,22.11728461162165,250.29797470206094,1960
20.0,20.0,veh2852,2352.328323563778,2191.2067971442198,24.16262978047695,260.72184418710793,1960
20.0,20.0,veh2853,2338.353779528773,2145.296297333746,26.095916415122687,66.5513298255237,1960
20.0,20.0,veh2854,2056.8445977919578,2003.5027937816253,23.478892784520834,57.108984983229924,1960
20.0,20.0,veh2856,1796.4547988818242,1823.4182316643846,31.81394996311044,227.82200476001154,1960
20.0,20.0,veh2857,2444.647564441579,2207.8378338854213,23.88140748986063,249.73707028904403,1960
20.0,20.0,veh2858,2372.7811298159163,2158.421004934109,27.665999258370753,69.40478044079691,1960
20.0,20.0,veh2860,1587.9725672759396,1586.7194100703023,25.984793160275288,49.620254601912706,1960
20.0,20.0,veh2861,2277.423407568424,2118.867898423041,27.166272785682732,66.55132982552847,1960
20.0,20.0,veh2863,1847.8687354239098,1805.0824836412826,18.6941937763027,50.43828675493373,1960
20.0,20.0,veh2866,1999.7127548388773,1965.805356799639,25.539553884684643,51.29087556911964,1960
20.0,20.0,veh2869,1982.3078227562655,1973.0147289799488,30.548258038202363,231.71631981031967,1960
20.0,20.0,veh2870,2890.0563020632176,2377.7847083803886,20.711329602667554,249.5159794885299,1960
20.0,20.0,veh2873,1834.9792082376116,1798.5881557703556,19.55902658414512,50.437558244141655,1960
20.0,20.0,veh2874,1702.9450675747034,1715.2712851310562,22.05286909112546,46.66855376395631,1960
20.0,20.0,veh2875,1691.1292275789497,1699.7313466023725,22.359187270270915,46.66812107751967,1960
20.0,20.0,veh2876,1984.626184727298,1957.8128664437943,27.051711614534597,51.28978446340561,1960
20.0,20.0,veh2878,2500.093775512475,2228.3072375387806,26.64125558814135,249.73707028904713,1960
20.0,20.0,veh2880,2094.11218581177,2030.876344728876,28.96402014027677,60.01147204933425,1960
20.0,20.0,veh2881,2800.449925375965,2339.7880180790035,23.21807828143327,249.55283281120367,1960
20.0,20.0,veh2882,1844.2098010868524,1841.1833350430638,25.782984769324486,51.29087556911964,1960
20.0,20.0,veh2883,2777.259176679128,2331.1417176941522,24.536432362654484,249.55283281120674,1960
20.0,20.0,veh2884,1703.6521261898704,1720.3375323970686,24.213666645867143,46.66805465855454,1960
20.0,20.0,veh2885,3014.865582228924,2424.4159384635514,22.374739770686464,249.50852638808885,1960
20.0,20.0,veh2886,1534.8741280609283,1541.5614531959427,30.80918461289825,49.620254601914695,1960
20.0,20.0,veh2887,2785.399265592686,2327.3455957718843,24.57480135709262,249.55269624815855,1960
20.0,20.0,veh2888,1639.7778619293076,1651.2862955133003,23.906745212128392,46.66812107752336,1960
20.0,20.0,veh2891,2471.172844235807,2214.220542117836,29.964725206617608,249.73707028904153,1960
20.0,20.0,veh2894,1625.440079345367,1622.709175424133,20.50500309484234,49.90713898144344,1960
20.0,20.0,veh2895,3432.497856600474,2580.491414269797,19.279029237322614,249.50852638807908,1960
20.0,20.0,veh2896,1821.4001297078898,1826.9963494071333,27.91253024924351,46.8698730279157,1960
20.0,20.0,veh2898,2390.6592202020884,2181.0865920463407,31.762435649904173,249.7377214214384,1960
20.0,20.0,veh2900,1544.3610138907093,1553.8266644818525,34.87492292894903,49.619371719797826,1960
20.0,20.0,veh2902,1601.0900909819452,1602.0738303752157,25.53085973882607,49.61937171979754,1960
20.0,20.0,veh2903,3715.9580238441786,2686.4247512975767,16.172558206085554,249.50852638808396,1960
20.0,20.0,veh2904,1658.211805404213,1677.4688813583616,26.677773252477333,46.66805465855454,1960
20.0,20.0,veh2908,3478.4504517553924,2597.66459171191,19.6992739977706,249.50852638808217,1960
20.0,20.0,veh2909,3618.644241984972,2650.057124228916,18.381519775966815,249.50852638808396,1960
20.0,20.0,veh2911,1541.5528883292943,1558.6205250108844,27.02384313661489,46.66812107751967,1960
20.0,20.0,veh2912,1354.4864313833934,1368.0088833708553,22.85577796640169,47.89906525851499,1960
20.0,20.0,veh2913,3649.1455273131596,2661.4559142948,17.784138299376806,249.50852638808396,1960
20.0,20.0,veh2914,2824.9125470822846,2342.0775991710225,26.395599994571,249.55269624815674,1960
20.0,20.0,veh2916,1271.2957602017893,1305.7659320072048,22.3966126112206,47.899667054048464,1960
20.0,20.0,veh2917,1251.2189353195013,1283.3152930733022,22.650353223879048,47.895922257154396,1960
20.0,20.0,veh2918,1211.6007659821196,1247.5124080530736,19.134994787301665,47.895922257154396,1960
20.0,20.0,veh2920,3216.317621762846,2494.837648874566,26.82957693033564,249.55283281120185,1960
20.0,20.0,veh2921,2971.0731239016404,2403.4021534552526,30.718566927314573,249.55283281120185,1960
20.0,20.0,veh2922,1189.2648381456702,1227.3274608552745,19.40185023270424,47.895922257154396,1960
20.0,20.0,veh2924,3156.7627729623923,2472.6335743604313,27.863661830781865,249.55283281120185,1960
20.0,20.0,veh2925,1372.4215653200124,1397.1542293315795,26.36988850634609,47.89906525851306,1960
20.0,20.0,veh2927,3476.28426984475,2591.7620629477406,23.810726379004123,249.55283281120856,1960
20.0,20.0,veh2928,3677.2220958965995,2668.533564848729,18.952885973398256,249.5082718117857,1960
20.0,20.0,veh2929,3295.309938694142,2524.2886730399287,27.08150499455361,249.55283281120856,1960
20.0,20.0,veh2932,3844.8044492180834,2734.5766025318408,18.3189625514453,249.50852638808396,1960
20.0,20.0,veh2934,3217.703028167253,2491.9393949781993,30.138297959612764,249.55291399453682,1960
20.0,20.0,veh2938,1167.01293536834,1207.2184469875806,18.0694593920489,47.895922257154396,1960
20.0,20.0,veh2939,1145.475401029757,1187.755006893292,19.29483333049514,47.895922257156144,1960
20.0,20.0,veh2941,1230.3031596961398,1264.4137354729228,20.557325263508403,47.895922257154396,1960
20.0,20.0,veh2942,3848.396479076051,2732.50487869907,20.40239040420267,249.5082718117857,1960
20.0,20.0,veh2943,1051.5946491204063,1107.2553617428339,24.94978549278607,47.90217138688129,1960
20.0,20.0,veh2945,3755.5347343759486,2695.876140095901,23.455881250668618,249.5528328112049,1960
20.0,20.0,veh2946,3635.049571472323,2650.955170790386,26.785989216521763,249.55283281120367,1960
20.0,20.0,veh2947,972.7006871411379,1031.6550596915217,23.374324650768287,47.902725492671465,1960
20.0,20.0,veh2948,3877.0549166210476,2743.215113890801,21.897773456144606,249.5082718117906,1960
20.0,20.0,veh2949,3722.1504484040925,2683.4293420895124,24.543237067846263,249.55283281120856,1960
20.0,20.0,veh2950,3739.2775994902013,2686.3993046069595,28.28057502292165,249.55291399453867,1960
20.0,20.0,veh2951,3908.4560448852817,2754.950347832554,21.30273180260033,249.5082718117906,1960
20.0,20.0,veh2952,3781.297254898798,2702.065594419865,26.450989174147637,249.55291399453867,1960
20.0,20.0,veh2953,3721.7298568435626,2676.4440490769107,29.624988794308067,249.55269624816162,1960
20.0,20.0,veh2954,3806.0866472903635,2714.7236137070704,26.309260042971452,249.55283281120185,1960
20.0,20.0,veh2957,3978.333671474961,2784.478485543974,22.366978444346866,249.50852638808217,1960
20.0,20.0,veh2960,795.2484287672303,871.3299724256262,23.113490501784632,47.9027254926706,1960
20.0,20.0,veh2962,995.6394143729663,1061.0060150154293,29.494521705738606,47.90278468712674,1960
20.0,20.0,veh2963,4125.602245139395,2833.8499029339882,21.250541249531903,249.55283281120185,1960
20.0,20.0,veh2964,4082.5226472231857,2823.4154761971495,21.617511183380298,249.50852638808217,1960
20.0,20.0,veh2965,757.7433834994918,837.4448040397068,22.894645122589957,47.902725492670506,1960
20.0,20.0,veh2966,3839.316393744318,2720.284631180192,28.7387708806893,249.55269624815674,1960
20.0,20.0,veh2968,786.7471861074188,867.9655463208089,25.31985700513446,47.90217138688129,1960
20.0,20.0,veh2969,963.4176860242685,1027.5874314417047,31.359416299548858,47.902171386882166,1960
20.0,20.0,veh2970,732.9374334442555,815.0330514716483,24.292434012725938,47.902725492670406,1960
20.0,20.0,veh2971,3973.248922361541,2773.631399120077,27.639063642660076,249.55291399453867,1960
20.0,20.0,veh2972,759.0113549375851,842.9062089735583,25.76539133722041,47.90217138688226,1960
20.0,20.0,veh2973,4250.033084934954,2886.0166516156887,20.307107626677556,249.50852638808885,1960
20.0,20.0,veh2975,4043.2877870218126,2803.1602714690944,27.241824680647458,249.55283281120856,1960
20.0,20.0,veh2976,850.538027898445,929.9096607298195,32.26194205126219,47.90278468712674,1960
20.0,20.0,veh2977,4298.452377683434,2904.1116711284712,21.18242541263482,249.50852638808396,1960
20.0,20.0,veh2978,4196.706152245677,2856.943498900832,24.123510466563747,249.55291399453503,1960
20.0,20.0,veh2979,4310.653289310201,2905.2595569265086,23.813984362244792,249.5082718117857,1960
20.0,20.0,veh2980,648.703717782999,738.9293267973428,25.91791429337545,47.9027254926706,1960
20.0,20.0,veh2981,4224.519106959173,2870.729475542928,24.750362894079878,249.5528328112104,1960
20.0,20.0,veh2983,4357.298199498748,2926.1032417101637,21.459187381578094,249.50852638808885,1960
20.0,20.0,veh2984,639.1471927744631,734.6088784519417,27.22376408058541,47.90217138688226,1960
20.0,20.0,veh2986,4181.8563198535585,2847.9961035141273,29.41665888749654,249.55269624815674,1960
20.0,20.0,veh2988,4410.0478678952895,2945.816587873366,21.714440053174624,249.50852638808396,1960
20.0,20.0,veh2989,557.9804509235166,661.2746865553493,26.696888410496914,47.902171386882166,1960
20.0,20.0,veh2990,521.1598514022396,623.6956200240078,24.943789402709495,47.902725492670506,1960
20.0,20.0,veh2991,4317.100199838209,2901.8303030164957,27.419122464816184,249.55291399453867,1960
20.0,20.0,veh2993,4478.547828342929,2971.4160555765325,21.465984354040383,249.50852638808396,1960
20.0,20.0,veh2994,4348.413883156021,2910.094883879154,29.237886069448827,249.55269624816162,1960
20.0,20.0,veh2995,4441.134477519569,2951.491057944818,24.333592498119913,249.55283281120185,1960
20.0,20.0,veh2996,4441.699056811522,2948.2847963891695,25.176373490648853,249.55291399453867,1960
20.0,20.0,veh2997,398.61293710662846,512.9765741879645,24.142413785725097,47.90272549267103,1960
20.0,20.0,veh2998,430.54935850293265,546.1406307579063,28.259402017199353,47.90217138688173,1960
20.0,20.0,veh3000,4485.704421258362,2968.1082498578203,25.27908156179004,249.5528328112104,1960
20.0,20.0,veh3002,376.68020264944084,497.4698214759226,26.987488461208116,47.902171386882166,1960
20.0,20.0,veh3004,4576.834961356755,3004.7370077425417,24.289870753185618,249.5082718117906,1960
20.0,20.0,veh3005,4614.309531050344,3018.7420090444116,23.225634248220207,249.5082718117857,1960
20.0,20.0,veh3006,357.5144039892487,484.4721549860384,28.668292408359033,47.90278468712709,1960
20.0,20.0,veh3008,310.1502880851806,433.0520803883334,26.391424338925795,47.902725492670506,1960
20.0,20.0,veh3009,279.0235625380326,404.92961502566175,25.425755471201093,47.902725492670506,1960
20.0,20.0,veh3010,269.68398395357167,400.79868431900894,28.98570039421554,47.902171386882216,1960
20.0,20.0,veh3011,4654.201461878639,3024.1037305081463,28.52271026424117,249.55269624816162,1960
20.0,20.0,veh3013,236.63664588140546,370.94039782641704,25.731713673236385,47.90217138688266,1960
20.0,20.0,veh3014,197.62206562289327,331.3847516574241,22.088725052469123,47.90272549267098,1960
20.0,20.0,veh3017,4748.861014531788,3069.0266078199,25.57037973037119,249.5082718117857,1960
20.0,20.0,veh3018,178.4216638944992,326.970239469798,26.6621804173249,47.90253722585613,1960
20.0,20.0,veh3019,4802.821632858718,3086.3403390648923,25.027149697607097,249.55283281120552,1960
20.0,20.0,veh3020,4818.482920436337,3098.45492325398,21.283005137898378,249.50852638808033,1960
20.0,20.0,veh3023,132.0695731567197,276.4639952705637,28.384860154807217,47.90217138688195,1960
20.0,20.0,veh3024,4872.894612139139,3112.465930594529,25.21576614295751,249.55283281120674,1960
20.0,20.0,veh3025,4895.661803368839,3114.1290191576627,26.13800826807052,249.55269624816162,1960
20.0,20.0,veh3026,84.95464305407882,230.0126468793402,24.26899952610022,48.39067652278651,1960
20.0,20.0,veh3027,4917.230649998066,3125.5783910560367,28.45331547278736,249.55291399453867,1960
20.0,20.0,veh3028,44.362975627394114,202.51686600651155,27.68277,48.38699640677916,1960
20.0,20.0,veh3029,42.24294333451896,204.90677424235585,25.338138,48.38752625538961,1960
21.0,21.0,veh2594,4614.893740920451,2990.740114827453,17.22198358048421,69.51704550530069,1961
21.0,21.0,veh2600,4853.570434074214,3079.8967504231296,18.99106884075258,69.51704550529945,1961
21.0,21.0,veh2604,4469.885451521446,2936.5729020784042,17.26483842084419,69.51704550530069,1961
21.0,21.0,veh2618,57.41874429426959,241.1029583854736,26.099354768457296,227.24328187508186,1961
21.0,21.0,veh2628,234.0305118253675,401.8579396066277,21.466752572960676,227.8366176887904,1961
21.0,21.0,veh2636,511.46460303596996,653.0969110088206,23.283053545604023,227.83661768879148,1961
21.0,21.0,veh2646,363.9305917770838,519.4929509699487,25.483276268801877,227.8366176887914,1961
21.0,21.0,veh2648,632.3863759211636,758.2747043652129,23.26669117954881,227.8366522468939,1961
21.0,21.0,veh2659,4929.990162452621,3108.4430059679253,22.956317416016955,69.51704550530069,1961
21.0,21.0,veh2664,262.6181141676734,423.4200918077381,24.319727177945424,227.8366522468939,1961
21.0,21.0,veh2667,4317.313697221223,2879.5803900714836,19.34713559053111,69.51704550530069,1961
21.0,21.0,veh2668,607.2332355390542,739.8231407150495,21.87674841474235,227.83661768879227,1961
21.0,21.0,veh2669,4849.81060700518,3081.911053309219,22.070147995142463,69.51723463154411,1961
21.0,21.0,veh2673,4545.386809271386,2968.1960192229967,20.84812341854664,69.51723463154048,1961
21.0,21.0,veh2675,4869.19615672864,3090.7517995156395,24.27476706188681,69.53524790941485,1961
21.0,21.0,veh2678,159.66150078014994,330.18467803095393,29.56578794439057,227.8366522468939,1961
21.0,21.0,veh2679,4919.173646071785,3109.4025814574507,24.977504430682405,69.53524790940997,1961
21.0,21.0,veh2690,4817.655615073041,3069.899817555558,22.119914359970952,69.51723463154411,1961
21.0,21.0,veh2693,4672.485395691334,3017.3425595171193,25.90269783803346,69.53524790940997,1961
21.0,21.0,veh2697,4945.156721561071,3122.517006122371,26.94517533507056,69.53524790941445,1961
21.0,21.0,veh2698,3661.1517079700784,2634.473946730114,18.053105396250047,69.51704550530252,1961
21.0,21.0,veh2700,4199.655924155224,2840.8903310201467,22.91435668758671,69.53524790941849,1961
21.0,21.0,veh2701,1232.0299941921198,1305.6653220578266,23.752559423274146,227.83218077566417,1961
21.0,21.0,veh2702,4774.604734936924,3055.45182737638,27.177089880929085,69.53524790941849,1961
21.0,21.0,veh2705,242.92376882158294,405.58529346900264,26.8914465694923,227.83665224689295,1961
21.0,21.0,veh2706,4409.008261455627,2919.0172006031585,25.134156639775576,69.53524790941485,1961
21.0,21.0,veh2708,4144.131041382467,2820.169352544638,23.833157044263714,69.53524790941485,1961
21.0,21.0,veh2712,956.9868425135495,1056.553273183791,22.65349009237562,227.8364466103924,1961
21.0,21.0,veh2713,434.28433571564847,574.564584113906,30.45062396187454,227.83635535128016,1961
21.0,21.0,veh2714,4665.85060449932,3018.284529605479,27.116808106361574,69.5352479094157,1961
21.0,21.0,veh2715,3812.7763915039095,2691.112684591404,21.38248513403501,69.51704550529945,1961
21.0,21.0,veh2717,4134.979637075601,2811.4702987916007,23.37113272008318,69.51704550530434,1961
21.0,21.0,veh2718,813.7708708014286,922.5328115078848,28.440695767514082,227.83665224689295,1961
21.0,21.0,veh2719,143.34448163584398,306.7765169486935,34.456834201457895,227.83638990725134,1961
21.0,21.0,veh2720,4032.452167259373,2773.17161053609,22.3708597600478,69.51704550530252,1961
21.0,21.0,veh2721,610.7929755718142,738.7201604638755,24.910610887223424,227.8366522468939,1961
21.0,21.0,veh2724,4797.7180191846,3067.4952928680964,28.25159977669749,69.5352479094157,1961
21.0,21.0,veh2725,866.8971230021883,974.9697577434885,28.38504683806965,227.8366176887904,1961
21.0,21.0,veh2726,1099.8970968852957,1185.9896895847755,27.129264725239636,227.8321807756659,1961
21.0,21.0,veh2728,4448.850456975301,2933.8856565917818,26.769529766190367,69.53524790941485,1961
21.0,21.0,veh2729,434.85648792841664,583.7220769475229,27.32798630959392,227.8366176887904,1961
21.0,21.0,veh2730,4201.5980137237675,2839.7765103173733,25.770526538532305,69.51723463154411,1961
21.0,21.0,veh2731,3090.5297680908266,2421.3206149804696,17.28923745809047,69.51704550530252,1961
21.0,21.0,veh2732,962.7600822914478,1053.1464492359225,28.402501682710536,227.8346374448657,1961
21.0,21.0,veh2733,1488.640452376318,1543.369398733421,24.68741128621956,226.42748622308412,1961
21.0,21.0,veh2734,1262.2737394650858,1333.0577384633448,19.907823520010353,227.8321807756659,1961
21.0,21.0,veh2735,694.117668865408,818.5040106994276,26.048428568633742,227.83661768879227,1961
21.0,21.0,veh2737,3491.871649388654,2571.240120682274,19.40899376964019,69.51704550530252,1961
21.0,21.0,veh2739,4109.282840265013,2805.2929279736645,24.425739697307716,69.51723463154048,1961
21.0,21.0,veh2740,4415.687946302142,2924.9279154709748,27.301015760584356,69.53524790941083,1961
21.0,21.0,veh2742,3496.6228299048817,2578.5298741210026,22.306454764515145,69.53524790941485,1961
21.0,21.0,veh2744,322.60361796459165,477.74174325973,28.96140039861038,227.8366522468938,1961
21.0,21.0,veh2745,3932.673543630942,2741.2568714984973,25.696440844286926,69.53524790941485,1961
21.0,21.0,veh2747,1032.6085144182914,1125.044960232066,23.751652509834486,227.83218077566787,1961
21.0,21.0,veh2748,1150.1775159535705,1222.8926817788813,29.810521917690064,227.8324403385203,1961
21.0,21.0,veh2752,3592.45762659776,2612.237072201892,23.707518854467917,69.51723463154048,1961
21.0,21.0,veh2753,975.8962640404445,1069.3525532803271,24.804070829220393,227.83120150731875,1961
21.0,21.0,veh2754,3425.0474982437704,2546.2782510757747,22.148106192834057,69.51704550529763,1961
21.0,21.0,veh2755,1620.8903326615718,1669.1883354871854,25.04993354804864,226.42748622308412,1961
21.0,21.0,veh2756,3612.3847068108835,2621.730313993534,24.490162548743587,69.53524790941304,1961
21.0,21.0,veh2758,3524.789587767644,2586.9602265695958,23.120179040850655,69.51723463154048,1961
21.0,21.0,veh2759,3257.605438332398,2483.7310013981946,20.86051801938363,69.51704550530069,1961
21.0,21.0,veh2761,508.5664438717115,646.1458938050653,29.722662387094232,227.83665224689295,1961
21.0,21.0,veh2762,643.9154044570696,764.4041907861892,28.588395839791648,227.83635535128016,1961
21.0,21.0,veh2764,1365.1769214025715,1426.2593834197974,29.174090774339707,227.8321807756659,1961
21.0,21.0,veh2765,4077.450013225728,2795.2850830034417,28.411761805795503,69.53524790941485,1961
21.0,21.0,veh2766,3753.8587871387726,2674.5261278147736,26.908404470493167,69.53524790940997,1961
21.0,21.0,veh2769,776.49588498984,893.104137146537,28.74528149953017,227.8366176887914,1961
21.0,21.0,veh2770,3645.857701353201,2634.2218883073565,26.08933889728356,69.5352479094118,1961
21.0,21.0,veh2771,2644.8024378086243,2254.652897315593,16.481763770884548,67.93728067657278,1961
21.0,21.0,veh2772,4053.7760309544065,2789.8683055544243,29.22816107204746,69.5352479094157,1961
21.0,21.0,veh2776,787.5373630924745,894.4666681686788,29.89179398851498,227.83635535128016,1961
21.0,21.0,veh2777,3157.0172698270135,2446.1567306716706,21.073580053319485,69.51704550529763,1961
21.0,21.0,veh2780,1259.1548526665836,1325.9148168336783,25.689575000627023,227.83120150731506,1961
21.0,21.0,veh2783,3352.084766019912,2519.023341335775,23.668909373147134,69.51704550529763,1961
21.0,21.0,veh2785,2202.430975190858,2151.492406341568,18.587976923454537,247.67360158777697,1961
21.0,21.0,veh2786,3171.738342404932,2457.2882949165123,25.40954437489589,69.53524790941485,1961
21.0,21.0,veh2787,2961.758094402691,2373.218519068398,22.210756036861522,69.51704550529763,1961
21.0,21.0,veh2789,2801.4540041735227,2313.3376267692456,20.5887742884087,69.51704550530252,1961
21.0,21.0,veh2790,2930.6839116792175,2361.6108939211645,20.250038256035417,69.51704550529763,1961
21.0,21.0,veh2791,1975.999925059026,1995.502069250615,20.53689464661483,229.31491308820773,1961
21.0,21.0,veh2792,1141.187123828775,1219.0652145544584,27.83896904058366,227.83120150731506,1961
21.0,21.0,veh2793,3116.798085804036,2436.785489370299,25.244252414004045,69.53524790941485,1961
21.0,21.0,veh2794,4119.696224844168,2814.46864418605,32.48946474089884,69.5352479094157,1961
21.0,21.0,veh2795,3998.3524826325997,2769.1851434392947,31.829835824710845,69.5352479094157,1961
21.0,21.0,veh2799,1922.4991347294288,1944.1152681530925,21.15983770607321,228.2704226830484,1961
21.0,21.0,veh2800,1947.3177574180374,1967.8441172986304,21.316281707464547,225.94793053544564,1961
21.0,21.0,veh2801,1994.556739228512,2011.4550459563022,19.435422338317238,229.31491308820773,1961
21.0,21.0,veh2802,1830.5840428777424,1856.571072853289,22.968025009968958,231.40973507016224,1961
21.0,21.0,veh2803,2124.442558008974,2110.2271076385055,20.641367894057446,241.18994907019396,1961
21.0,21.0,veh2806,2907.9649013458184,2358.852359140371,24.650414687061545,69.53524790941667,1961
21.0,21.0,veh2807,2620.4093853184995,2277.296997168459,17.485697281740784,250.29797470206412,1961
21.0,21.0,veh2810,2950.302683293486,2374.6521271836245,25.562207430314164,69.53524790941667,1961
21.0,21.0,veh2811,1662.082286555454,1701.8860035612086,25.44831913480502,229.60883103113912,1961
21.0,21.0,veh2813,1207.9407645877823,1275.209633228841,30.983352442758946,227.83244033852014,1961
21.0,21.0,veh2814,2693.9568906944537,2273.182549843213,21.140454778735428,69.51704550530252,1961
21.0,21.0,veh2816,1571.7614632632465,1622.44846624663,26.95402042057492,226.42748622308224,1961
21.0,21.0,veh2818,2304.994691865571,2185.82062814252,20.395409706258935,254.92504650770786,1961
21.0,21.0,veh2821,1620.8717467348624,1664.7488068948633,26.737633257813897,226.42844698292348,1961
21.0,21.0,veh2822,1749.2813706878987,1784.9949772913596,25.630208031318247,227.8220047600096,1961
21.0,21.0,veh2823,2727.4722769216014,2291.4954625758387,24.996882354480395,69.53524790941667,1961
21.0,21.0,veh2824,1853.86195219754,1871.0583113189196,24.547674123533362,231.41040469158855,1961
21.0,21.0,veh2825,2039.4443622503002,2049.833896958578,25.185571646763776,229.71076956222737,1961
21.0,21.0,veh2826,1389.0986273738276,1444.2535731712862,30.966047067945645,226.42844698292348,1961
21.0,21.0,veh2828,2594.794071058579,2241.849043453367,24.723228244394956,69.4047804407951,1961
21.0,21.0,veh2830,2486.6219022373944,2187.986429522345,21.33112086227239,64.17996453826723,1961
21.0,21.0,veh2831,2297.121108340282,2147.421359179959,21.4518105498255,246.42409666932818,1961
21.0,21.0,veh2832,2310.529953821574,2156.7653868300445,22.379387522020448,246.42181389886898,1961
21.0,21.0,veh2833,2564.563900473303,2233.9100379922666,25.944488047791914,69.40479072891247,1961
21.0,21.0,veh2834,2874.0334183703535,2349.6076501282573,28.230125777478722,69.53524790941083,1961
21.0,21.0,veh2835,2916.582777100808,2365.486375167782,29.112062669237023,69.5352479094157,1961
21.0,21.0,veh2839,2538.156933396941,2211.429459717242,23.205006145230694,67.93728067657476,1961
21.0,21.0,veh2841,2621.786438900709,2255.4131157411084,27.023369456842442,69.40479072891733,1961
21.0,21.0,veh2842,2094.7141316522457,1984.4789292431246,18.849899406382075,57.41587351269143,1961
21.0,21.0,veh2843,1834.4366796978736,1855.5570947186552,28.471886329684796,231.41040469158855,1961
21.0,21.0,veh2845,2922.474902098078,2371.105260034981,31.651936951094434,69.53554701314485,1961
21.0,21.0,veh2847,2244.0313012379743,2066.204545930725,19.89436814402885,62.414717097202065,1961
21.0,21.0,veh2848,1794.321574969868,1797.0833542483297,19.569705178469277,46.66812107751967,1961
21.0,21.0,veh2849,1797.632740552204,1824.485499887262,28.769950093313593,227.82200476000784,1961
21.0,21.0,veh2850,2286.9974432967238,2177.663871596681,24.09223621403252,254.92761049710725,1961
21.0,21.0,veh2851,2496.437198637181,2232.903583894566,22.181783205885218,250.29797470206094,1961
21.0,21.0,veh2852,2327.829303307438,2187.204518918862,24.825643008203283,260.72184418710793,1961
21.0,21.0,veh2853,2362.939048269555,2154.722546845299,26.34286751470098,69.40478044079691,1961
21.0,21.0,veh2854,2076.6817445879637,2016.3316072784437,23.63173855960075,57.108984983227735,1961
21.0,21.0,veh2856,1773.296223975927,1802.435519442118,31.251199242132657,227.82200476001154,1961
21.0,21.0,veh2857,2421.8455875569034,2199.419894049096,24.29896852669792,249.73707028904403,1961
21.0,21.0,veh2858,2399.3001440990765,2168.3863219679934,28.338934012423884,69.40478044079691,1961
21.0,21.0,veh2860,1605.2292761335523,1601.3955046204626,22.664017968044355,49.6202546019144,1961
21.0,21.0,veh2861,2302.3636070761772,2129.685648590928,27.194206627160813,66.55132982552577,1961
21.0,21.0,veh2863,1862.6810622352145,1817.3196432259942,19.22194835066489,50.438286754935746,1961
21.0,21.0,veh2866,2020.8939138814087,1980.2532496957615,25.672213221376364,57.108984983227735,1961
21.0,21.0,veh2869,1957.5590254711108,1953.4807500732254,31.528968993492487,231.71631981031967,1961
21.0,21.0,veh2870,2870.5734985553136,2370.5065792088535,20.79627487974563,249.5159794885299,1961
21.0,21.0,veh2873,1849.523080473752,1810.6038435505393,18.856803115270537,50.43755824413964,1961
21.0,21.0,veh2874,1719.496039836403,1730.8852918066825,22.753767606255852,46.66855376395631,1961
21.0,21.0,veh2875,1707.1649982382644,1714.8595465833316,22.05286909112546,46.66812107752146,1961
21.0,21.0,veh2876,2004.9650327978472,1973.7612965991334,25.858657271193678,54.443057544477874,1961
21.0,21.0,veh2878,2474.3196192358128,2218.7920407658726,27.46627695205257,249.73707028904403,1961
21.0,21.0,veh2880,2119.0352526919505,2045.25903124098,28.775409943907068,60.01147204933425,1961
21.0,21.0,veh2881,2778.6558180994953,2331.662433148762,23.252653906109952,249.55283281120185,1961
21.0,21.0,veh2882,1863.9990858468266,1857.0427165943447,25.36848644018517,51.29087556912168,1961
21.0,21.0,veh2883,2754.5879542335906,2322.689114377268,24.18846904198104,249.55283281120674,1961
21.0,21.0,veh2884,1721.3633940581833,1737.0464408856596,24.341054337691837,46.66805465855454,1961
21.0,21.0,veh2885,2994.1442034819484,2416.672046897311,22.119426153881687,249.50852638808396,1961
21.0,21.0,veh2886,1558.1241815740664,1561.3346316432674,30.53534917507166,49.6202546019144,1961
21.0,21.0,veh2887,2762.146316312709,2318.6760417657765,24.823882778200606,249.55269624815674,1961
21.0,21.0,veh2888,1656.6717864760558,1667.2240807583134,23.233027858775113,46.66812107752336,1961
21.0,21.0,veh2891,2443.311805221023,2203.9349185778183,29.69896493334078,249.73707028904153,1961
21.0,21.0,veh2894,1640.8823808476998,1635.709512631569,20.17683924486084,49.90713898144344,1961
21.0,21.0,veh2895,3414.8127186804704,2573.8822116651445,18.878333677474515,249.50852638808706,1961
21.0,21.0,veh2896,1843.3432790349418,1844.5825513614657,28.120800794058386,51.289784463403585,1961
21.0,21.0,veh2898,2360.6183693876355,2169.996622495264,32.03196506775984,249.73772142144335,1961
21.0,21.0,veh2900,1568.362224961064,1574.2393077245877,31.493788184778413,49.619371719797826,1961
21.0,21.0,veh2902,1617.118446406184,1615.7053720051535,21.03085973882607,49.62213157172952,1961
21.0,21.0,veh2903,3700.8191154092538,2680.7671130302188,16.160313040249488,249.50852638808217,1961
21.0,21.0,veh2904,1677.9558611789241,1696.0955332494727,27.134767427829487,46.66805465855454,1961
21.0,21.0,veh2908,3459.2856311037604,2590.5024093675356,20.457848887976237,249.50852638808396,1961
21.0,21.0,veh2909,3601.406056611224,2643.61495452761,18.401225760964376,249.50852638808217,1961
21.0,21.0,veh2911,1561.2371908859925,1577.1907622567294,27.07043874943513,46.66812107751967,1961
21.0,21.0,veh2912,1372.0690405621037,1383.896510944934,23.69709837467704,47.89906525851499,1961
21.0,21.0,veh2913,3632.356879299243,2655.1817434806344,17.92135863650228,249.50852638808396,1961
21.0,21.0,veh2914,2800.693711806304,2333.047927370597,25.855022546889998,249.55269624816162,1961
21.0,21.0,veh2916,1288.293066005203,1321.1243557617177,22.908150649623394,47.899667054046716,1961
21.0,21.0,veh2917,1267.8431138827434,1298.3385403260193,22.406217223244916,47.895922257156144,1961
21.0,21.0,veh2918,1225.7780271862111,1260.3243794611747,19.108240022875265,47.895922257156144,1961
21.0,21.0,veh2920,3191.627924106321,2485.6324893025253,26.34202848370365,249.55283281120185,1961
21.0,21.0,veh2921,2942.8187893138056,2392.867975916869,30.14522481623648,249.55283281120185,1961
21.0,21.0,veh2922,1203.8578785198058,1240.5151713262312,19.66863092372283,47.895922257156144,1961
21.0,21.0,veh2924,3130.2618549391673,2462.753130192866,28.27446277891556,249.55283281120185,1961
21.0,21.0,veh2925,1391.8927846032686,1416.0256490208687,27.025821965821727,45.39288609520109,1961
21.0,21.0,veh2927,3453.998120856787,2583.4530281213756,23.777624967304803,249.55283281120185,1961
21.0,21.0,veh2928,3657.634803655439,2661.2133993183297,20.91201453696998,249.5082718117906,1961
21.0,21.0,veh2929,3268.956470809304,2514.463203302251,28.117144702390867,249.55283281120185,1961
21.0,21.0,veh2932,3827.23912914523,2728.012177662654,18.750431859052338,249.50852638808217,1961
21.0,21.0,veh2934,3188.940963530945,2481.2159648160914,30.69601083773662,249.5529139945417,1961
21.0,21.0,veh2938,1181.1728975814772,1220.0147853214012,19.084924287448384,47.895922257154396,1961
21.0,21.0,veh2939,1159.1077701450051,1200.0745600717883,18.373829570087544,47.895922257154396,1961
21.0,21.0,veh2941,1246.1907009488757,1278.7712846035215,21.413370838014423,47.895922257156144,1961
21.0,21.0,veh2942,3828.3578291942313,2725.0160317295845,21.393898271926375,249.50827181178877,1961
21.0,21.0,veh2943,1070.0328952494738,1123.9143263511298,24.84919928387539,47.90217138688305,1961
21.0,21.0,veh2945,3733.7413447338913,2687.7508227241924,23.251888244804295,249.55283281120674,1961
21.0,21.0,veh2946,3610.818557032761,2641.9210239323893,25.8526483975513,249.55283281120856,1961
21.0,21.0,veh2947,989.6900822955995,1047.0046882941315,22.89600275152745,47.902725492671465,1961
21.0,21.0,veh2948,3858.4278703413274,2736.2538116122023,19.886825487995793,249.5082718117857,1961
21.0,21.0,veh2949,3698.0830066323147,2674.4561806890742,25.678128809103423,249.55283281120367,1961
21.0,21.0,veh2950,3713.3034455080233,2676.7152979207317,27.7206425275707,249.55291399454356,1961
21.0,21.0,veh2951,3887.4127783030945,2747.086055372658,22.46645892929068,249.50827181178877,1961
21.0,21.0,veh2952,3756.9786057079805,2692.9988135912963,25.953822458841408,249.55291399453682,1961
21.0,21.0,veh2953,3694.947990425271,2666.4587850786925,28.59120813210486,249.55269624815674,1961
21.0,21.0,veh2954,3782.113644630072,2705.785662421522,25.57736946407751,249.55283281120367,1961
21.0,21.0,veh2957,3958.02962511086,2776.890557379567,21.6739368388445,249.50852638808217,1961
21.0,21.0,veh2960,811.8345686713541,886.315266790998,22.35255001307736,47.902725492670506,1961
21.0,21.0,veh2962,1017.586583881684,1080.834866960868,29.57826190239504,47.90278468712743,1961
21.0,21.0,veh2963,4106.3225380953545,2826.6617719851397,20.569980207001443,249.55283281120674,1961
21.0,21.0,veh2964,4062.144163172708,2815.799729547362,21.75339674964376,249.50852638808396,1961
21.0,21.0,veh2965,775.241898619373,853.2544138430784,23.58212559599191,47.9027254926706,1961
21.0,21.0,veh2966,3812.556509914587,2710.3075630988196,28.567740433662586,249.55269624815674,1961
21.0,21.0,veh2968,805.2875912906331,884.7168116856705,24.986878902499797,47.90217138688226,1961
21.0,21.0,veh2969,986.2897720433083,1048.2523726102909,30.824679286012273,47.902171386882166,1961
21.0,21.0,veh2970,749.7193061016612,830.1951870394837,22.616332073413833,47.902725492669624,1961
21.0,21.0,veh2971,3946.8330957546987,2763.7827225603546,28.192012988796378,249.55291399453867,1961
21.0,21.0,veh2972,777.695550341338,859.7873888746617,25.18066478756823,47.90217138688305,1961
21.0,21.0,veh2973,4230.644631470208,2878.7708943182884,20.696569947789488,249.50852638808033,1961
21.0,21.0,veh2975,4018.001935006466,2793.732845262651,26.9780798165003,249.55283281120185,1961
21.0,21.0,veh2976,873.86715171339,950.9870822150642,31.440725596881993,47.90278468712849,1961
21.0,21.0,veh2977,4279.239242695934,2896.9314329885524,20.509422936086974,249.50852638808396,1961
21.0,21.0,veh2978,4174.613802574901,2848.706754709931,23.577827722044894,249.55291399453867,1961
21.0,21.0,veh2979,4288.622022338292,2897.026028826085,23.52127948631458,249.5082718117906,1961
21.0,21.0,veh2980,667.9127458911483,756.2843558961719,25.88732302826329,47.9027254926706,1961
21.0,21.0,veh2981,4201.908768495606,2862.299571846639,24.123510466563747,249.55283281120552,1961
21.0,21.0,veh2983,4337.130154182087,2918.566139187097,21.528759958365416,249.50852638808396,1961
21.0,21.0,veh2984,660.1054814838865,753.5447027931909,28.24545724923579,47.90217138688226,1961
21.0,21.0,veh2986,4154.580074865389,2837.8265170173136,29.118986157976412,249.55269624816162,1961
21.0,21.0,veh2988,4389.850651541013,2938.2685836938545,21.559899132078865,249.50852638808396,1961
21.0,21.0,veh2989,577.9777890185505,679.3422915354197,26.950385410419123,47.90217138688226,1961
21.0,21.0,veh2990,540.2954328403055,640.984291309764,25.78834156688504,47.902725492669624,1961
21.0,21.0,veh2991,4291.151193438033,2892.1556721641227,27.693804035290242,249.55291399453867,1961
21.0,21.0,veh2993,4458.985415096824,2964.1052868867832,20.882266593969227,249.50852638808033,1961
21.0,21.0,veh2994,4321.036172075315,2899.8874670943005,29.227307143704195,249.55269624816526,1961
21.0,21.0,veh2995,4418.5644024714675,2943.076165820134,24.08055246635712,249.55283281120185,1961
21.0,21.0,veh2996,4417.946338470004,2939.429012928689,25.349838714864614,249.55291399453867,1961
21.0,21.0,veh2997,415.6798077855915,528.3962006048625,23.0004137565123,47.902725492669624,1961
21.0,21.0,veh2998,451.0747716288018,564.685351792705,27.662071412775585,47.90217138688173,1961
21.0,21.0,veh3000,4462.082363614072,2959.30114281825,25.202937839344337,249.55283281120185,1961
21.0,21.0,veh3002,396.6028784561356,515.4699690411007,26.849763145755563,47.902171386882166,1961
21.0,21.0,veh3004,4554.291900514874,2996.312211967163,24.067686856817247,249.5082718117906,1961
21.0,21.0,veh3005,4592.491501514357,3010.588172067652,23.293620435489185,249.5082718117857,1961
21.0,21.0,veh3006,378.56335183240554,503.48948067003755,28.36772604446558,47.90278468712709,1961
21.0,21.0,veh3008,329.85255544563836,450.85274273462824,26.55204400127863,47.90272549267098,1961
21.0,21.0,veh3009,298.26550335075365,422.3143801914248,25.93167830798816,47.90272549267098,1961
21.0,21.0,veh3010,291.3340421792119,420.3595227644785,29.177754087375956,47.902171386882124,1961
21.0,21.0,veh3011,4627.897719782173,3014.296728827529,28.080782466288504,249.55269624815674,1961
21.0,21.0,veh3013,255.22848763935295,387.7381361623006,25.056199904458204,47.90217138688195,1961
21.0,21.0,veh3014,214.195194893565,346.3582911374948,22.3350160457638,47.9027254926712,1961
21.0,21.0,veh3017,4724.652288060121,3059.979319257963,25.846004320761555,249.5082718117906,1961
21.0,21.0,veh3018,198.25727935345682,344.89149792833246,26.733064894788452,47.90253722585613,1961
21.0,21.0,veh3019,4779.061891847942,3077.4818989804003,25.349835513513252,249.55283281120185,1961
21.0,21.0,veh3020,4798.442574433359,3090.9655438892187,21.392444919998177,249.50852638808033,1961
21.0,21.0,veh3023,153.59030444799717,295.907986766092,29.00346035345702,47.902171386882166,1961
21.0,21.0,veh3024,4849.496166350337,3103.742193665059,24.9643610066703,249.55283281120674,1961
21.0,21.0,veh3025,4871.749518665302,3105.2136406759637,25.5277618891421,249.55269624815674,1961
21.0,21.0,veh3026,102.84120756533068,245.89828763052898,23.921891571683794,48.39067652278651,1961
21.0,21.0,veh3027,4892.739419289143,3116.447266242428,26.13800826807052,249.55291399454356,1961
21.0,21.0,veh3028,64.33495771139364,220.25692883748863,26.713286047938727,48.38699640677916,1961
21.0,21.0,veh3029,60.86084339966473,221.44376911887318,24.90236072291966,48.387526255389716,1961
21.0,21.0,veh3030,4941.35307187319,3140.964765768308,23.015476,249.5082718117906,1961
22.0,22.0,veh2594,4631.355726210147,2996.889417485628,17.57410742680744,69.51704550530069,1962
22.0,22.0,veh2600,4871.649213960878,3086.6499996368316,19.300127796413598,69.51704550529945,1962
22.0,22.0,veh2604,4486.342692733161,2942.720432606983,17.56904285320781,69.51704550530069,1962
22.0,22.0,veh2618,38.79796816849578,223.8860405321496,25.361286616377935,227.24328187508183,1962
22.0,22.0,veh2628,217.62170127725676,386.99843670252585,22.13783709027105,227.8366176887914,1962
22.0,22.0,veh2636,493.8111239859662,637.110260273723,23.817073281432062,227.83661768878997,1962
22.0,22.0,veh2646,345.4819655460452,502.7862302571318,24.889840786726438,227.8366176887904,1962
22.0,22.0,veh2648,615.2260217190933,742.7346368363396,23.15124656785725,227.83665224689372,1962
22.0,22.0,veh2659,4951.5683145891835,3116.503430391638,23.035907094224367,69.51704550530069,1962
22.0,22.0,veh2664,244.05719421120432,406.6117004350973,25.040767188047774,227.8366522468939,1962
22.0,22.0,veh2667,4335.36981410869,2886.3251736208836,19.275933753258727,69.51704550529945,1962
22.0,22.0,veh2668,591.3337435790934,725.4248669181724,21.450693320864403,227.8366176887905,1962
22.0,22.0,veh2669,4870.323087469906,3089.5733235804773,21.895482240085688,69.51723463154411,1962
22.0,22.0,veh2673,4565.326481011017,2975.6443214530445,21.28405334493833,69.51723463154411,1962
22.0,22.0,veh2675,4893.081096876223,3099.6652686842717,25.50233553511134,69.53524790941849,1962
22.0,22.0,veh2678,138.14953602574326,310.7038805470718,29.022058305081114,227.8366522468938,1962
22.0,22.0,veh2679,4943.507199212143,3118.4834656606213,25.981326857529588,69.53524790941485,1962
22.0,22.0,veh2690,4838.048036878428,3077.517240890931,21.767328931282474,69.51723463154048,1962
22.0,22.0,veh2693,4696.076561391799,3026.146396865,25.188667823333205,69.53524790941849,1962
22.0,22.0,veh2698,3678.336824899239,2640.8933720517784,18.346091661517292,69.51704550529581,1962
22.0,22.0,veh2700,4221.088879520477,2848.888759555468,22.884311865820507,69.53524790941361,1962
22.0,22.0,veh2701,1214.273884044801,1289.5832277765883,23.957217460931062,227.83218077566417,1962
22.0,22.0,veh2702,4799.096110605036,3064.591608366671,26.149836513945587,69.53524790941485,1962
22.0,22.0,veh2705,223.83101367873144,388.2952829751425,25.758272630442125,227.83665224689372,1962
22.0,22.0,veh2706,4432.962581324514,2927.9565611494936,25.576413381699787,69.53524790941485,1962
22.0,22.0,veh2708,4166.295249783568,2828.4406727576943,23.665082517369807,69.53524790941849,1962
22.0,22.0,veh2712,940.3005271490188,1041.4424672608989,22.512230858768643,227.8366176887904,1962
22.0,22.0,veh2713,411.6835684991071,554.0975761239197,30.490526990253738,227.8363553512812,1962
22.0,22.0,veh2714,4691.301993689199,3027.7825719468497,27.16595196952826,69.53524790941206,1962
22.0,22.0,veh2715,3832.308981614932,2698.4089982605656,20.852153060163033,69.51704550530252,1962
22.0,22.0,veh2717,4156.375279904248,2819.4625476609954,22.841068007245845,69.51704550529581,1962
22.0,22.0,veh2718,792.3788990741289,903.1606772673296,28.86017422481873,227.8366522468939,1962
22.0,22.0,veh2719,117.2532777366581,283.14863625557916,35.19863672171625,227.8363899072522,1962
22.0,22.0,veh2720,4054.270112220165,2781.3216085212844,23.29189959932298,69.51704550529581,1962
22.0,22.0,veh2721,592.5771114442082,722.2242446274981,24.575248092134984,227.83665224689372,1962
22.0,22.0,veh2724,4824.451115105812,3077.471647207001,28.534002382912817,69.5352479094157,1962
22.0,22.0,veh2725,845.7318627866375,955.8029055992141,28.554969371561278,227.8366176887904,1962
22.0,22.0,veh2726,1080.1088161970952,1168.0670143450466,26.6990990533332,227.832180775664,1962
22.0,22.0,veh2728,4474.461527848927,2943.4432895268938,27.345353130341078,69.53524790941361,1962
22.0,22.0,veh2729,415.01125198316004,565.7506133672405,26.774067449067168,227.83661768879148,1962
22.0,22.0,veh2730,4225.670961238298,2848.768764101568,25.69600471660875,69.51723463154048,1962
22.0,22.0,veh2731,3106.939467608144,2427.4503865168863,17.518289385148496,69.51704550530434,1962
22.0,22.0,veh2732,941.3566022467388,1033.763691434322,28.87527576988254,227.8363553512793,1962
22.0,22.0,veh2733,1470.4155463135203,1526.0307191194015,25.155827805892173,226.42748622308412,1962
22.0,22.0,veh2734,1248.820290257506,1316.554257856927,21.125796857512025,227.83120150731492,1962
22.0,22.0,veh2735,675.4219172201999,801.5734979695867,25.223248387704142,227.8366176887913,1962
22.0,22.0,veh2737,3509.949956686239,2577.9931933623916,19.299623280640777,69.51704550530252,1962
22.0,22.0,veh2739,4131.601496658932,2813.6298805755523,23.823434983204486,69.51723463153682,1962
22.0,22.0,veh2740,4442.360137322156,2934.881541096485,28.46899455138258,69.5352479094157,1962
22.0,22.0,veh2742,3518.1992886078315,2586.5818557558187,23.03753269223867,69.53524790941485,1962
22.0,22.0,veh2744,301.22173096644883,458.3787415446611,28.846568791706336,227.8366522468939,1962
22.0,22.0,veh2745,3956.911963954919,2750.302253689919,25.87975201627961,69.53524790941485,1962
22.0,22.0,veh2747,1014.9215090344633,1109.0254556347456,23.863978692259508,227.8321807756659,1962
22.0,22.0,veh2748,1128.3020308926755,1203.0797606406936,29.51388057909674,227.8324403385203,1962
22.0,22.0,veh2752,3614.4501655688073,2620.452206292434,23.47532992331383,69.51723463154048,1962
22.0,22.0,veh2753,957.0847764452951,1052.3149678262873,25.380345072217562,227.83665224689295,1962
22.0,22.0,veh2754,3445.434941828211,2553.893891523811,21.764757859138154,69.51704550530252,1962
22.0,22.0,veh2755,1602.2269326737605,1651.4324846870811,25.761080729202867,226.42748622308412,1962
22.0,22.0,veh2756,3635.7725901306467,2630.4582896803963,24.971619949275095,69.53524790941667,1962
22.0,22.0,veh2758,3545.9662099212733,2594.870581567981,22.604401991613724,69.5172346315423,1962
22.0,22.0,veh2759,3276.7770820215414,2490.892485108973,20.466822185314115,69.51704550530252,1962
22.0,22.0,veh2761,486.89046214112926,626.5165658855269,29.24333564073756,227.8366522468953,1962
22.0,22.0,veh2762,623.0325508859287,745.4929066337894,28.17290246582301,227.83635535128028,1962
22.0,22.0,veh2764,1344.2086857208642,1407.2679973365473,28.291139096958645,227.832180775664,1962
22.0,22.0,veh2765,4104.2365587573295,2805.281383863097,28.60042636709604,69.53524790941485,1962
22.0,22.0,veh2766,3779.012935154863,2683.913244609677,26.857489231393753,69.53524790940997,1962
22.0,22.0,veh2769,755.6002980491023,874.1814959277588,28.19114147508422,227.8366176887905,1962
22.0,22.0,veh2770,3670.8581900627196,2643.5516619612204,26.693424713330717,69.53524790941485,1962
22.0,22.0,veh2771,2660.150185833561,2260.5542029939825,16.445637590286037,69.51704550529763,1962
22.0,22.0,veh2772,4080.585509972178,2799.8731648161793,28.615531116645816,69.53524790941083,1962
22.0,22.0,veh2776,765.7461084007123,874.7327458812222,29.39841966269101,227.8363553512812,1962
22.0,22.0,veh2777,3176.4074325421698,2453.3998412095825,20.70010369847182,69.51704550530252,1962
22.0,22.0,veh2780,1239.9561720949537,1308.5255578933386,25.903409656819942,227.83120150731506,1962
22.0,22.0,veh2783,3373.839101174166,2527.149578155742,23.223992505868615,69.51704550529763,1962
22.0,22.0,veh2785,2185.6710115905203,2144.609621758686,18.11682109163141,247.67360158777896,1962
22.0,22.0,veh2786,3195.222296637145,2466.0521226972396,25.07419641081677,69.53524790941485,1962
22.0,22.0,veh2787,2982.171528680168,2380.8438682262263,21.792504405103347,69.51704550530434,1962
22.0,22.0,veh2789,2820.3922677291016,2320.4119323511145,20.21767559294613,69.51704550529763,1962
22.0,22.0,veh2790,2950.639397878545,2369.065178575853,21.30361873428826,69.51704550530252,1962
22.0,22.0,veh2791,1961.319767988766,1981.390314707341,20.369417202916967,225.9479305354438,1962
22.0,22.0,veh2792,1120.7970636649982,1200.5968601967652,27.510853122375746,227.83120150731506,1962
22.0,22.0,veh2793,3140.266876379515,2445.5436583222436,25.05800593013792,69.53524790941667,1962
22.0,22.0,veh2794,4149.700137737711,2825.665613944502,32.02516178912614,69.5352479094157,1962
22.0,22.0,veh2795,4026.0238498532703,2782.9251222439575,31.059947239836273,69.53554701313998,1962
22.0,22.0,veh2799,1905.7440164850418,1929.250641808146,22.403616364428792,228.42154623224533,1962
22.0,22.0,veh2800,1931.317921719934,1952.3651307788984,22.267058224169777,225.9479305354438,1962
22.0,22.0,veh2801,1979.8021936867306,1998.7708147525384,19.461772636658967,229.31491308820773,1962
22.0,22.0,veh2802,1812.277196461121,1841.9556169919529,23.40703003213898,231.35269917854555,1962
22.0,22.0,veh2803,2106.6911207739213,2100.4620017210377,20.261802060688176,241.1687084577961,1962
22.0,22.0,veh2806,2931.673879714098,2367.700162249763,25.314458307476578,69.53524790941667,1962
22.0,22.0,veh2807,2604.16825823347,2271.4811840734383,17.249714662910616,250.29797470206094,1962
22.0,22.0,veh2810,2974.2444527213374,2383.5868041105523,25.56301307353832,69.53524790941485,1962
22.0,22.0,veh2811,1643.0642656588668,1685.8619047712277,25.021340792057703,226.4084564954243,1962
22.0,22.0,veh2813,1185.2623294065393,1254.669469363552,30.59720165275302,227.83244033852014,1962
22.0,22.0,veh2814,2714.0063839500913,2280.671950422931,21.403976624141347,69.51704550529763,1962
22.0,22.0,veh2816,1552.205236358344,1603.8432042170316,26.993449231373482,226.42748622308224,1962
22.0,22.0,veh2818,2284.975651778149,2180.4284637892056,20.730944671692114,254.92504650770786,1962
22.0,22.0,veh2821,1601.5586729099082,1646.3754910474781,26.65680350001264,226.42844698292348,1962
22.0,22.0,veh2822,1729.9446109706932,1767.4779767569796,26.091331851409844,227.8229654179589,1962
22.0,22.0,veh2823,2751.089020211918,2300.308845062085,25.215977428237156,69.53524790941485,1962
22.0,22.0,veh2824,1833.7400180236932,1855.0011641128551,25.743386253810087,231.41040469158855,1962
22.0,22.0,veh2825,2020.6475253036099,2033.884849837915,24.657141570005123,229.58623996050454,1962
22.0,22.0,veh2826,1367.0401848871384,1423.6322600115218,30.198571932833463,227.83120150731506,1962
22.0,22.0,veh2828,2618.744860954878,2250.849272948327,25.5944601548649,69.40478044079691,1962
22.0,22.0,veh2830,2505.6745456333356,2197.2050579829906,21.167002439238882,64.17996453827192,1962
22.0,22.0,veh2831,2276.4734570936835,2138.410961440335,22.528005390378716,246.42409666933028,1962
22.0,22.0,veh2832,2290.8631863043934,2148.1821026843577,21.4518105498255,246.42181389886207,1962
22.0,22.0,veh2833,2588.5851346120667,2242.9367341071943,25.661323884578692,69.40479072891247,1962
22.0,22.0,veh2834,2900.5584141533536,2359.5063448978062,28.311883334032654,69.5352479094157,1962
22.0,22.0,veh2835,2943.8549014493965,2375.6638861032175,29.10934309453598,69.5352479094157,1962
22.0,22.0,veh2839,2558.991160118716,2219.8735746716075,22.48178976842781,67.93728067657476,1962
22.0,22.0,veh2841,2646.8331245137074,2264.820214954368,26.755056993235737,69.45779105990852,1962
22.0,22.0,veh2842,2109.772645750035,1994.1033736544944,17.87944244821575,57.41587351268924,1962
22.0,22.0,veh2843,1812.584842078497,1838.020306478718,28.018589957576637,230.5220061248262,1962
22.0,22.0,veh2845,2952.8230809597844,2382.4305237331105,32.38184454059334,69.53554701314485,1962
22.0,22.0,veh2847,2261.6565965374557,2075.413063816336,19.894761977714516,62.414717097202065,1962
22.0,22.0,veh2848,1809.2080241350031,1811.1272804656037,20.472287964515246,46.66812107752146,1962
22.0,22.0,veh2849,1776.4001647981984,1805.2478296681709,28.65217130191951,227.82200476001154,1962
22.0,22.0,veh2850,2264.0032245930497,2171.4714411799637,23.81523151345936,254.9276104971059,1962
22.0,22.0,veh2851,2475.679654363142,2225.470479210551,22.04660513739545,250.29797470206094,1962
22.0,22.0,veh2852,2304.024562617673,2182.249339489759,24.34730239245206,254.9276104971059,1962
22.0,22.0,veh2853,2387.2310796095553,2163.851008073734,25.95911996657995,69.40478044079691,1962
22.0,22.0,veh2854,2097.24121094361,2028.9885992584316,24.158727876704038,60.01018258152782,1962
22.0,22.0,veh2856,1749.640748295461,1781.002592731345,31.92173899566749,227.8220047600098,1962
22.0,22.0,veh2857,2399.7391965948555,2191.258747756475,23.55771611130351,249.73707028904224,1962
22.0,22.0,veh2858,2425.302636099831,2178.157540222629,27.78696436827598,69.4047804407951,1962
22.0,22.0,veh2860,1619.3121110322452,1613.3680908445642,18.50226943053002,49.65756298113779,1962
22.0,22.0,veh2861,2326.827405438777,2140.2967609343514,26.67475002960352,66.5513298255237,1962
22.0,22.0,veh2863,1877.5734434213532,1829.6229394935363,19.325834868826632,50.43828675493373,1962
22.0,22.0,veh2866,2041.5068806477816,1993.5837910776074,24.555962940130918,57.108984983227735,1962
22.0,22.0,veh2869,1933.2489711846936,1934.293066640341,30.970028118753866,231.71631981031848,1962
22.0,22.0,veh2870,2851.005644739052,2363.1966780631233,20.887059021283367,249.51597948853478,1962
22.0,22.0,veh2873,1864.2656962505937,1822.7837269654628,19.114483309140866,50.437558244141655,1962
22.0,22.0,veh2874,1735.8228959316439,1746.287869735775,22.44565959376122,46.66855376395821,1962
22.0,22.0,veh2875,1723.7104281077998,1730.4685607775994,22.753767606255852,46.66812107752157,1962
22.0,22.0,veh2876,2027.0313556290685,1988.0319065734943,26.278806112881156,57.10866705774367,1962
22.0,22.0,veh2878,2448.7312951659546,2209.34544876107,27.26824451972366,249.73707028904403,1962
22.0,22.0,veh2880,2144.346788593394,2059.8658967507713,29.22392438200164,60.01147204933876,1962
22.0,22.0,veh2881,2757.2893070893538,2323.6962706593586,22.796441230529506,249.55283281120185,1962
22.0,22.0,veh2882,1883.5541098310657,1872.7143586153727,25.068180421813103,51.29087556911964,1962
22.0,22.0,veh2883,2731.1420772074553,2313.9476934682525,25.014966527329996,249.55283281120367,1962
22.0,22.0,veh2884,1738.3413103283046,1753.0635014029335,23.333190234854207,46.66805465855454,1962
22.0,22.0,veh2885,2973.5439404132535,2408.973418085592,21.99013894116713,249.50852638808217,1962
22.0,22.0,veh2886,1578.9072876076027,1579.0097765223345,27.295395226422272,49.620254601916386,1962
22.0,22.0,veh2887,2738.6249547659513,2309.9064138028243,25.110428564997676,249.55269624816162,1962
22.0,22.0,veh2888,1673.8247364683648,1683.4062314799762,23.589247361010877,46.66812107751967,1962
22.0,22.0,veh2891,2415.7731732703746,2193.7683199487733,29.355289448483255,249.73707028904334,1962
22.0,22.0,veh2894,1658.2868318907408,1646.17713909499,20.09449896121552,49.90742684512333,1962
22.0,22.0,veh2895,3397.7191267996477,2567.494078731568,18.246876712662274,249.50852638808396,1962
22.0,22.0,veh2896,1865.2944673174513,1862.1751960871647,28.13110295541389,51.289784463403585,1962
22.0,22.0,veh2898,2331.236787210753,2158.8194430425615,31.45261357602266,246.42115423660383,1962
22.0,22.0,veh2900,1588.9340153093726,1591.7352839073499,26.993788184778413,49.619371719797826,1962
22.0,22.0,veh2902,1632.1546667838236,1628.3619533404017,19.633716636142267,49.90713898144344,1962
22.0,22.0,veh2903,3685.7456092856914,2675.133916592411,16.090498110743678,249.50852638808217,1962
22.0,22.0,veh2904,1697.3929392951898,1714.4325807124228,26.71288007791007,46.66805465855454,1962
22.0,22.0,veh2908,3441.0200536543853,2583.676287761927,19.497934789133236,249.50852638808396,1962
22.0,22.0,veh2909,3584.2250063023193,2637.1941370612194,18.34023585951764,249.50852638808396,1962
22.0,22.0,veh2911,1580.4106622069826,1595.2790795964786,26.36792842997122,46.66812107751967,1962
22.0,22.0,veh2912,1388.9648431094158,1399.919914935476,23.205543998543323,44.18753559879932,1962
22.0,22.0,veh2913,3614.682781837223,2648.57666686154,18.866548332586987,249.50852638808396,1962
22.0,22.0,veh2914,2776.5094621841886,2324.031150372908,25.818100339429844,249.55269624816162,1962
22.0,22.0,veh2916,1304.9251333033953,1336.1639234130241,23.001967918261336,47.83711577705032,1962
22.0,22.0,veh2917,1284.6232030568754,1313.5026837828896,22.616354945342135,47.895922257154396,1962
22.0,22.0,veh2918,1241.1824383564183,1274.245324602142,20.76220377222252,47.895922257154396,1962
22.0,22.0,veh2920,3166.8864330439756,2476.4080193860655,26.397288106174127,249.55283281120674,1962
22.0,22.0,veh2921,2914.4205160028296,2382.2801331237083,30.29879647991697,249.55283281120856,1962
22.0,22.0,veh2922,1218.4248983856546,1253.6793670997163,19.633560248879185,47.89592225715422,1962
22.0,22.0,veh2924,3104.5553700097144,2453.168877720283,27.42686312517887,249.55283281120185,1962
22.0,22.0,veh2925,1411.3112248186935,1435.179588269403,27.28225742336892,45.39288609519924,1962
22.0,22.0,veh2927,3431.4834824482778,2575.0588046626553,24.02140579070598,249.5528328112104,1962
22.0,22.0,veh2928,3636.087752946994,2653.1608325859925,23.0043148433237,249.50827181178877,1962
22.0,22.0,veh2929,3242.9100704238376,2504.7522187790314,27.789527048768573,249.5528328112049,1962
22.0,22.0,veh2932,3809.6318790845503,2721.4320829250155,18.795190814558016,249.50852638808217,1962
22.0,22.0,veh2934,3160.764558240623,2470.710887445234,30.070972063262097,249.5529139945417,1962
22.0,22.0,veh2938,1195.591034474742,1233.044435757783,19.432894440829187,47.895922257156336,1962
22.0,22.0,veh2939,1173.6162716666822,1213.1858728983073,19.554688698861234,47.895922257154396,1962
22.0,22.0,veh2941,1261.761296983741,1292.8424107776102,20.98618922585481,47.895922257154396,1962
22.0,22.0,veh2942,3809.3658993998697,2717.918365134081,20.27638670291628,249.5082718117857,1962
22.0,22.0,veh2943,1087.9626334372442,1140.1138537798915,24.163883821533858,47.90217138688129,1962
22.0,22.0,veh2945,3711.273150903852,2679.3739153850133,23.971852959967517,249.55283281120185,1962
22.0,22.0,veh2946,3585.5298952127087,2632.492550135123,26.981077664291867,249.55283281120185,1962
22.0,22.0,veh2947,1006.6794774500609,1062.3543168967412,22.89600275152745,47.902725492671465,1962
22.0,22.0,veh2948,3838.04580417178,2728.6366230607846,21.760540394418857,249.5082718117857,1962
22.0,22.0,veh2949,3674.58302372405,2665.694587265769,25.07269338603938,249.55283281120185,1962
22.0,22.0,veh2950,3686.3929387751964,2666.68218857252,28.719955148041002,249.55291399453682,1962
22.0,22.0,veh2951,3869.212298333727,2740.284169513799,19.43140976369509,249.5082718117906,1962
22.0,22.0,veh2952,3731.896114942275,2683.647247859877,26.76902434220867,249.55291399453867,1962
22.0,22.0,veh2953,3668.109162597497,2656.452283773765,28.652017766823903,249.55269624816162,1962
22.0,22.0,veh2954,3758.38948731257,2696.9404891489326,25.31187042075255,249.55283281120674,1962
22.0,22.0,veh2957,3937.723484708531,2769.3018466415115,21.676172159404203,249.50852638808396,1962
22.0,22.0,veh2960,828.3727977985669,901.2572745870151,22.287982365435834,47.9027254926706,1962
22.0,22.0,veh2962,1040.2150894525798,1101.2792931331635,30.496500424344433,47.902784687128296,1962
22.0,22.0,veh2963,4086.392468623895,2819.2311637890057,21.263867423692368,249.55283281120674,1962
22.0,22.0,veh2964,4041.819987973446,2808.2042789338584,21.695423743182943,249.50852638808396,1962
22.0,22.0,veh2965,792.7785886916241,869.0985140644708,23.63357261965279,47.902725492670506,1962
22.0,22.0,veh2966,3785.7129985725505,2700.2993156076623,28.657017692108095,249.55269624816162,1962
22.0,22.0,veh2968,824.6952859898989,902.2516735624731,26.155723806202644,47.902171386882166,1962
22.0,22.0,veh2969,1009.0829959848511,1068.8460618523782,30.71839697120105,47.902171386883225,1962
22.0,22.0,veh2970,767.6062011968181,846.3556915229171,24.105531456041742,47.9027254926706,1962
22.0,22.0,veh2971,3920.016589257709,2753.7846595475494,28.619634385450663,249.55291399454356,1962
22.0,22.0,veh2972,795.9337819246933,876.2656402407744,24.579639952077635,47.90217138688295,1962
22.0,22.0,veh2973,4210.9849412853255,2871.4237717702854,20.986106695056026,249.50852638808396,1962
22.0,22.0,veh2975,3992.0152462515425,2784.0441232675153,27.72581928310601,249.55283281120185,1962
22.0,22.0,veh2976,897.1056811930284,971.9826534343249,31.31863135709852,47.90278468712752,1962
22.0,22.0,veh2977,4259.500223302153,2889.554663919473,21.07078815373263,249.50852638808033,1962
22.0,22.0,veh2978,4152.26356387401,2840.3738611278445,23.853057075828545,249.55291399453867,1962
22.0,22.0,veh2979,4267.133357969811,2888.9952822446903,22.941979734668692,249.5082718117857,1962
22.0,22.0,veh2980,687.2711515893355,773.7743450985117,26.088633886091063,47.902725492670506,1962
22.0,22.0,veh2981,4179.80988426522,2854.0603556952415,23.577827722044894,249.55283281120185,1962
22.0,22.0,veh2983,4317.768464718691,2911.330384000409,20.66800021028933,249.50852638808396,1962
22.0,22.0,veh2984,680.6197294366419,772.0793360884919,27.647024124123586,47.90217138688226,1962
22.0,22.0,veh2986,4127.08497609827,2827.5753337891256,29.352625361710178,249.55269624816162,1962
22.0,22.0,veh2988,4368.955776188353,2930.459853830996,22.304628374459575,249.50852638808396,1962
22.0,22.0,veh2989,597.7034123778892,697.1644021157618,26.58419582989199,47.902171386882166,1962
22.0,22.0,veh2990,559.2959779764644,658.1509596011053,25.606357952288505,47.9027254926706,1962
22.0,22.0,veh2991,4264.999570764679,2882.4054993962923,27.910044120835238,249.55291399453867,1962
22.0,22.0,veh2993,4438.517450555293,2956.456100028771,21.8489143857153,249.50852638808396,1962
22.0,22.0,veh2994,4293.537306575294,2889.634879489664,29.356646569295947,249.55269624816162,1962
22.0,22.0,veh2995,4396.360675852879,2934.797860858224,23.689686571624122,249.55283281120674,1962
22.0,22.0,veh2996,4394.453970372237,2930.67029647963,25.07198265672619,249.55291399453867,1962
22.0,22.0,veh2997,432.86760949735725,543.9250861462422,23.16338820231353,47.90272549267103,1962
22.0,22.0,veh2998,471.7792305595665,583.391840801862,27.90337120103362,47.9021713868827,1962
22.0,22.0,veh3000,4438.095858541537,2950.358157373878,25.591775510391415,249.55283281120674,1962
22.0,22.0,veh3002,416.6147746831129,533.5507273006701,26.97000538508087,47.9021713868827,1962
22.0,22.0,veh3004,4530.93073429127,2987.5816737368395,24.941122113959658,249.5082718117857,1962
22.0,22.0,veh3005,4570.7246594225035,3002.453464869502,23.238971096385114,249.5082718117857,1962
22.0,22.0,veh3006,399.67826172974304,522.5664018205887,28.45662328988945,47.90278468712761,1962
22.0,22.0,veh3008,349.99206518994026,469.04844611330293,27.141299989061594,47.902725492670506,1962
22.0,22.0,veh3009,316.94659361744584,439.1924264596141,25.17584000248503,47.90272549267098,1962
22.0,22.0,veh3010,312.95568838458314,439.89469093541135,29.13946324622027,47.90217138688173,1962
22.0,22.0,veh3011,4601.228181916405,3004.353345041615,28.47129083529565,249.55269624815304,1962
22.0,22.0,veh3013,273.7954543309243,404.5133998632601,25.022675811263337,47.90217138688266,1962
22.0,22.0,veh3014,231.06630874043083,361.6010545971305,22.736599246014553,47.902725492670506,1962
22.0,22.0,veh3017,4700.869697304093,3051.0912861938505,25.391048313035995,249.5082718117857,1962
22.0,22.0,veh3018,219.45441456275339,359.737569560823,25.706881688689368,47.902784687127564,1962
22.0,22.0,veh3019,4755.78895994691,3068.804957900013,24.830447240178188,249.55283281120185,1962
22.0,22.0,veh3020,4777.87123454433,3083.277724105694,21.95926434809191,249.50852638808396,1962
22.0,22.0,veh3023,174.30652965506783,314.625106611782,27.91922859564202,47.902171386882166,1962
22.0,22.0,veh3024,4826.542073155347,3095.1841265055955,24.49027060484201,249.55283281120185,1962
22.0,22.0,veh3025,4847.720998240911,3096.254925246025,25.651850316566527,249.55269624816162,1962
22.0,22.0,veh3026,121.0406487911105,262.1947483911325,24.4290423394041,47.9027254926704,1962
22.0,22.0,veh3027,4868.819987498575,3107.529326603294,25.5277618891421,249.55291399453867,1962
22.0,22.0,veh3028,84.53731491389321,238.20162178778466,27.021421535590182,48.386996406779055,1962
22.0,22.0,veh3029,79.65155422241212,238.1342598570648,25.13350364492155,48.387526255389474,1962
22.0,22.0,veh3030,4920.072817986831,3133.0119063807438,22.719474092841356,249.5082718117857,1962
22.0,22.0,veh3031,46.493273156937526,200.12662900914344,25.44648,48.39120681968328,1962
22.0,22.0,veh3032,4942.769902744917,3138.5178170581494,29.427353999999998,249.55283281120674,1962
23.0,23.0,veh2594,4647.548756365926,3002.938253128992,17.286982494226812,69.51704550529581,1963
23.0,23.0,veh2600,4889.750181573814,3093.411536978712,19.32381445863679,69.51704550529945,1963
23.0,23.0,veh2604,4502.627809667596,2948.80366686405,17.385290378250666,69.51704550529945,1963
23.0,23.0,veh2628,201.46623053548944,372.3683534493516,21.796045383622396,227.8366176887914,1963
23.0,23.0,veh2636,476.2399945995911,621.1981838084821,23.70597178309367,227.83661768879088,1963
23.0,23.0,veh2646,327.11459239005546,486.15309076466724,24.7802187435415,227.8366176887905,1963
23.0,23.0,veh2648,597.8215184736988,726.9734729025969,23.480631068593446,227.8366522468938,1963
23.0,23.0,veh2664,227.8831491892072,387.6499235050611,24.753011148383248,227.8363553512812,1963
23.0,23.0,veh2667,4354.075462758201,2893.31258692123,19.96934592453967,69.51704550530434,1963
23.0,23.0,veh2668,575.0622811044782,710.6897437849866,21.952534854816793,227.8366176887904,1963
23.0,23.0,veh2669,4891.044625619865,3097.3136856500096,22.118635107534203,69.51723463154048,1963
23.0,23.0,veh2673,4585.159566482569,2983.052809249405,21.170280769078417,69.51723463154048,1963
23.0,23.0,veh2675,4916.608660461108,3108.445370762449,25.120758819492035,69.53524790940997,1963
23.0,23.0,veh2678,116.29338580930369,290.9113957134142,29.486403178313882,227.8366522468938,1963
23.0,23.0,veh2690,4858.932729772143,3085.318548088228,22.292790144533726,69.51723463153559,1963
23.0,23.0,veh2693,4719.473261577669,3034.877662862147,24.98103385931431,69.53524790941849,1963
23.0,23.0,veh2698,3695.744814861724,2647.3960506209783,18.584021325603842,69.51704550529581,1963
23.0,23.0,veh2700,4242.683081000158,2856.9473625044834,23.0564769409047,69.53524790941485,1963
23.0,23.0,veh2701,1196.5209484452228,1273.5040087521286,23.952934240679973,227.8321807756659,1963
23.0,23.0,veh2702,4823.62755479394,3073.746342273842,26.19261831935564,69.53524790940997,1963
23.0,23.0,veh2705,204.46934649874004,370.76175121317374,26.121065193088914,227.836652246894,1963
23.0,23.0,veh2706,4456.688312751436,2936.8106162264758,25.332345818187424,69.53524790940997,1963
23.0,23.0,veh2708,4188.222957258119,2836.6237346915123,23.412566666548297,69.53524790941609,1963
23.0,23.0,veh2712,924.3596324058237,1027.0066999006767,21.506551609168135,227.8366176887904,1963
23.0,23.0,veh2713,388.9743860176427,533.5323884539182,30.636789217974318,227.83635535128113,1963
23.0,23.0,veh2714,4716.547703749684,3037.203858199775,26.94641702357462,69.53524790941206,1963
23.0,23.0,veh2715,3851.557570211733,2705.599224405313,20.548965259149334,69.51704550530252,1963
23.0,23.0,veh2717,4178.019418645297,2827.5476210924207,23.106351554936914,69.51704550530434,1963
23.0,23.0,veh2718,771.0894294394654,883.8813668358089,28.721887381062515,227.8366522468939,1963
23.0,23.0,veh2719,91.2212129399154,259.2762451562767,35.32006531072686,227.24468732374575,1963
23.0,23.0,veh2720,4075.184906300406,2789.1342384422514,22.327734565876355,69.51704550530252,1963
23.0,23.0,veh2721,573.9695041046017,705.3735741108397,25.103753715359176,227.8366522468939,1963
23.0,23.0,veh2724,4851.563246676036,3087.5894514532697,28.938572214403333,69.53524790941083,1963
23.0,23.0,veh2725,824.8584745790743,936.9003671257937,28.16119220257675,227.8366176887904,1963
23.0,23.0,veh2726,1059.7865851409751,1149.6607286699725,27.41952514730642,227.8321807756659,1963
23.0,23.0,veh2728,4500.091853382654,2953.0081079863617,27.365911641248072,69.53524790941485,1963
23.0,23.0,veh2729,394.9055790664264,547.5433030799312,27.12543424862475,227.8366176887914,1963
23.0,23.0,veh2730,4249.42328786769,2857.6412525613905,25.353766784513446,69.51723463154411,1963
23.0,23.0,veh2731,3122.6035991643735,2433.3016543999292,16.722353098512798,69.51704550530252,1963
23.0,23.0,veh2732,920.6646688114176,1015.0253024720648,27.915333530289754,227.83635535128113,1963
23.0,23.0,veh2733,1452.2603830479227,1508.7583909044986,25.059561861309763,226.42748622308224,1963
23.0,23.0,veh2734,1232.535722267603,1301.8044645859018,21.971605504501934,227.83120150731685,1963
23.0,23.0,veh2735,656.3115832919837,784.2675475064448,25.782579304155433,227.8366176887904,1963
23.0,23.0,veh2737,3528.1023283302206,2584.7739324554086,19.378691191173246,69.51704550530252,1963
23.0,23.0,veh2739,4154.72846057572,2822.2687698794957,24.68624058304019,69.51723463154048,1963
23.0,23.0,veh2740,4468.511721162772,2944.640884634041,27.913316056782,69.53524790941206,1963
23.0,23.0,veh2742,3539.7177952757834,2594.6122106386297,22.975656370491706,69.53524790941667,1963
23.0,23.0,veh2744,281.85954437228156,436.5303575583837,29.055242909233307,227.8363553512812,1963
23.0,23.0,veh2745,3981.412117428528,2759.445310413713,26.159208718340608,69.53524790941304,1963
23.0,23.0,veh2747,997.0266180451522,1092.8176645332671,24.1444658381621,227.8321807756659,1963
23.0,23.0,veh2748,1106.1953113443817,1183.0574073161793,29.825856611987117,227.83244033851838,1963
23.0,23.0,veh2752,3636.612138997888,2628.730631246943,23.65618806833939,69.51723463154048,1963
23.0,23.0,veh2753,938.4463363947888,1035.4363758341256,25.14535050782589,227.83665224689295,1963
23.0,23.0,veh2754,3466.534600848185,2561.775576935067,22.52508842406267,69.51704550530252,1963
23.0,23.0,veh2755,1583.4691364612663,1633.5868278879273,25.891375786169,226.42748622308412,1963
23.0,23.0,veh2756,3659.515195355969,2639.318641783072,25.350362244685577,69.53524790941485,1963
23.0,23.0,veh2758,3567.702187003713,2602.9898790513807,23.201470002512963,69.5172346315423,1963
23.0,23.0,veh2759,3296.509412717798,2498.2634110007866,21.065387517649537,69.51704550529945,1963
23.0,23.0,veh2761,464.981423479031,606.6761863518325,29.557755635939312,227.83665224689295,1963
23.0,23.0,veh2762,601.4937206252903,725.9875771546733,29.057875739714966,227.83635535128212,1963
23.0,23.0,veh2764,1322.9628688268306,1388.0251999255745,28.665662199799986,227.8321807756659,1963
23.0,23.0,veh2765,4131.156673648151,2815.32753062389,28.743040524593923,69.53524790940997,1963
23.0,23.0,veh2766,3803.250633101455,2692.9583572216684,25.878980722303584,69.53524790941667,1963
23.0,23.0,veh2769,734.9099246107625,855.4446921056584,27.91427904977368,227.8366176887914,1963
23.0,23.0,veh2770,3696.0811292733015,2652.964450505242,26.93093869841974,69.53524790941485,1963
23.0,23.0,veh2771,2676.5294222891953,2266.6725951868457,17.485768330783298,69.51704550529763,1963
23.0,23.0,veh2772,4108.149169497811,2810.1594719133846,29.420517881811627,69.5352479094157,1963
23.0,23.0,veh2776,743.7665292254037,854.8282789979771,29.65248682304314,227.83635535128113,1963
23.0,23.0,veh2777,3195.7306514373226,2460.6179451761095,20.62863735564638,69.51704550529763,1963
23.0,23.0,veh2780,1221.0896065062204,1291.4371130331128,25.45531061047973,227.83120150731506,1963
23.0,23.0,veh2783,3395.354842496757,2535.1866892926605,22.96927999366419,69.51704550530252,1963
23.0,23.0,veh2785,2168.336153784614,2137.490746390094,18.738257731785982,247.67360158777896,1963
23.0,23.0,veh2786,3218.401726156521,2474.7023068338053,24.74905046707453,69.53524790941485,1963
23.0,23.0,veh2787,3002.2926295214606,2388.360017506606,21.480421802577286,69.51704550529763,1963
23.0,23.0,veh2789,2839.079619790346,2327.392511040878,19.949813273884597,69.51704550530252,1963
23.0,23.0,veh2790,2970.060275122839,2376.3197623918877,20.732893208675318,69.51704550530069,1963
23.0,23.0,veh2791,1946.5051021803565,1967.057916758412,20.617650852913076,225.9479305354438,1963
23.0,23.0,veh2792,1100.2788383145116,1182.0124198606363,27.68377726279742,227.83120150731685,1963
23.0,23.0,veh2793,3164.076690210802,2454.4290915778734,25.42212195643606,69.53524790941304,1963
23.0,23.0,veh2794,4180.308124979991,2837.0880143739023,32.66993031713777,69.5352479094157,1963
23.0,23.0,veh2795,4055.456658263216,2793.9087900988934,31.405134082907406,69.53554701314303,1963
23.0,23.0,veh2799,1889.2880442308624,1914.6514085987271,22.003622052015757,228.42154623224164,1963
23.0,23.0,veh2800,1915.002650634486,1937.4646176863619,22.10521877999099,228.4215462322436,1963
23.0,23.0,veh2801,1966.128305216299,1986.0423176609363,18.69267797771189,225.94793053544743,1963
23.0,23.0,veh2802,1795.323541694686,1826.711258550004,22.605349904956938,227.82200476000784,1963
23.0,23.0,veh2803,2089.5522902478956,2089.0739043530784,20.679384819041267,235.02920197286974,1963
23.0,23.0,veh2806,2955.334621581601,2376.529964285683,25.262955418198235,69.53524790941485,1963
23.0,23.0,veh2807,2588.1485292937036,2265.7446518205475,17.014567507624804,250.29797470206094,1963
23.0,23.0,veh2810,2997.9133014999725,2392.419631513167,25.27161129786808,69.53524790941485,1963
23.0,23.0,veh2811,1624.3797056575072,1668.0860714778903,25.789608527919878,226.42844698292348,1963
23.0,23.0,veh2813,1162.4764789891192,1234.0320180736644,30.74212371706762,227.8324403385203,1963
23.0,23.0,veh2814,2733.9582940887954,2288.124899255803,21.29980108578121,69.51704550529763,1963
23.0,23.0,veh2816,1532.746273775425,1585.3304768161952,26.859195341282863,226.42748622308412,1963
23.0,23.0,veh2818,2264.636048252705,2174.9499550989035,21.06290778622569,254.92504650770786,1963
23.0,23.0,veh2821,1581.6424474259265,1627.4283723950282,27.489301495988066,226.42844698292348,1963
23.0,23.0,veh2822,1710.5070852956403,1749.8672962131893,26.228276527414195,227.8229654179589,1963
23.0,23.0,veh2823,2774.941176258891,2309.2100797403564,25.46733142252843,69.53524790941485,1963
23.0,23.0,veh2824,1814.395075312226,1839.564050059742,24.749327175833812,231.41040469158855,1963
23.0,23.0,veh2825,2002.124891649777,2017.9612575386793,24.432015461419503,229.31491308820773,1963
23.0,23.0,veh2826,1344.2056742285183,1402.9498377410323,30.80897573645302,227.83120150731506,1963
23.0,23.0,veh2828,2642.631908710615,2259.825549417268,25.526343584018722,69.4047804407951,1963
23.0,23.0,veh2830,2525.4244437341076,2206.2689799065915,21.741830620538263,67.93728067657476,1963
23.0,23.0,veh2831,2256.3367396372205,2129.623529335531,21.970541539366426,246.42409666933028,1963
23.0,23.0,veh2832,2270.2097760195447,2139.168212176046,22.528005390378716,246.42181389886684,1963
23.0,23.0,veh2833,2612.4829443626736,2251.9170498222384,25.52947249087253,69.40479072891247,1963
23.0,23.0,veh2834,2927.1900974405494,2369.4448536996892,28.42575796747992,69.53524790941083,1963
23.0,23.0,veh2835,2971.624132644029,2386.0269091864066,29.639938128175093,69.53524790941388,1963
23.0,23.0,veh2839,2579.7319417659164,2228.279816324402,22.38095509145522,67.93728067657278,1963
23.0,23.0,veh2841,2672.0768763136202,2274.2407704164634,26.944326842474652,69.5352479094157,1963
23.0,23.0,veh2842,2124.980070489515,2003.8229922765406,18.056248687580418,57.41587351269143,1963
23.0,23.0,veh2843,1791.5602345353548,1818.9835358528912,28.363141652132775,227.8220047600098,1963
23.0,23.0,veh2845,2982.7208093568756,2393.587689361239,31.90120888252383,69.53554701314485,1963
23.0,23.0,veh2847,2279.8011542596087,2084.892875727111,20.480885621460185,62.414717097204274,1963
23.0,23.0,veh2848,1823.4154785803291,1824.5185036087128,19.530539122523596,46.76932837087985,1963
23.0,23.0,veh2849,1754.4393715263782,1785.3503615697366,29.63486003960344,227.8220047600096,1963
23.0,23.0,veh2850,2240.7346285620633,2163.769065221076,24.56079370260158,247.6714466780601,1963
23.0,23.0,veh2851,2454.1667564552936,2218.60280434482,22.60103821888078,255.24031491675612,1963
23.0,23.0,veh2852,2280.895104603536,2176.0204886131673,23.95529956838679,254.9276104971059,1963
23.0,23.0,veh2853,2411.5663211695796,2172.9957068416593,26.00529557329172,69.40478044079691,1963
23.0,23.0,veh2854,2117.800002059622,2040.8533517437634,23.74464127114214,60.01018258152782,1963
23.0,23.0,veh2856,1726.6186212517152,1760.1466505463206,31.064084775103197,227.8229654179589,1963
23.0,23.0,veh2857,2377.5270189451094,2183.058547570543,23.670447889249974,249.73707028904403,1963
23.0,23.0,veh2858,2451.3003324935935,2187.926956383735,27.78183965328211,69.40478044079691,1963
23.0,23.0,veh2860,1630.8865476871738,1623.11002687215,15.14156144373068,49.90742684512333,1963
23.0,23.0,veh2861,2352.1721678066046,2150.6765677552175,27.405175674106495,69.40478044079995,1963
23.0,23.0,veh2863,1891.9240899252766,1841.4786832702853,18.622826069874417,50.43828675493373,1963
23.0,23.0,veh2866,2063.073188534764,2007.5308644416439,25.69166599017342,57.108984983229924,1963
23.0,23.0,veh2869,1909.2970849657418,1915.295116764972,30.571528095227727,231.41040469158855,1963
23.0,23.0,veh2870,2831.4701462730254,2355.898863803056,20.85252237171722,249.51597948853478,1963
23.0,23.0,veh2873,1879.1931178176865,1835.116291086018,19.35409256482913,50.43755824413964,1963
23.0,23.0,veh2874,1751.9931385982939,1761.5427002648455,22.23035226910214,46.66855376395999,1963
23.0,23.0,veh2875,1740.0318168602253,1745.8662138283585,22.44565959376122,46.66812107751967,1963
23.0,23.0,veh2876,2048.8012586145805,2002.1108175484737,25.92579941969585,57.10866705774289,1963
23.0,23.0,veh2878,2424.268321756199,2200.3143090742587,26.069012522883835,249.73707028904224,1963
23.0,23.0,veh2880,2169.7940822432497,2074.551105794542,29.380666121787872,60.01147204934136,1963
23.0,23.0,veh2881,2735.1484707403756,2315.4414133303576,23.622587439975423,249.55283281120185,1963
23.0,23.0,veh2882,1903.1430975872624,1888.4132196301605,25.111719614806297,51.29087556912331,1963
23.0,23.0,veh2883,2708.3844229499055,2305.4628654302423,24.280685207833773,249.55283281120978,1963
23.0,23.0,veh2884,1756.0670295701912,1769.7860433976277,24.36091523483521,46.66805465855275,1963
23.0,23.0,veh2885,2952.355762428113,2401.0577203813923,22.61679452660235,249.5159794885299,1963
23.0,23.0,veh2886,1596.5711907100185,1594.0321724029702,23.198804627357735,49.6202546019144,1963
23.0,23.0,veh2887,2715.675771681582,2301.3501149974372,24.499594605506683,249.55269624815978,1963
23.0,23.0,veh2888,1691.0644439157004,1699.6702294765444,23.708558795367374,46.66812107751967,1963
23.0,23.0,veh2891,2387.772793113118,2183.4312550201425,29.847498076769863,249.73707028904334,1963
23.0,23.0,veh2894,1674.113243551583,1659.5007094329205,20.697238013620172,49.90742684512333,1963
23.0,23.0,veh2895,3380.1887399650977,2560.942708940076,18.71314171564962,249.50852638808396,1963
23.0,23.0,veh2896,1886.7018378319872,1879.3320014102605,27.43418425456891,51.289784463403585,1963
23.0,23.0,veh2898,2302.3679993355804,2146.219670816699,31.507905828590257,246.42115423660383,1963
23.0,23.0,veh2900,1607.8971541738072,1607.8631279260321,24.88295598769614,49.619371719797826,1963
23.0,23.0,veh2902,1648.956994235853,1642.507249150948,21.953842818565242,49.90713898144344,1963
23.0,23.0,veh2903,3670.282201877599,2669.3550081676835,16.50670558302521,249.50852638808217,1963
23.0,23.0,veh2904,1717.3407789963062,1733.2514834916728,27.414832958014028,46.66805465855454,1963
23.0,23.0,veh2908,3422.251665529063,2576.6622582279692,20.03466951860299,249.50852638808217,1963
23.0,23.0,veh2909,3567.475265434755,2630.9345064340837,17.879826470081394,249.50852638808396,1963
23.0,23.0,veh2911,1600.0295765931,1613.7876294222458,26.98051499107271,46.66812107751967,1963
23.0,23.0,veh2912,1406.2975392140156,1417.751277099587,24.878773224081996,44.18753559880118,1963
23.0,23.0,veh2913,3596.960650713266,2641.95363933898,18.91782277002103,249.50852638808396,1963
23.0,23.0,veh2914,2752.934656711404,2315.2415965503405,25.167483080488854,249.55269624815674,1963
23.0,23.0,veh2916,1321.5607134382153,1351.196415870264,22.452494081848684,47.89906525851306,1963
23.0,23.0,veh2917,1301.8478406626252,1328.8619142705554,23.013499130581582,49.630248335546945,1963
23.0,23.0,veh2918,1255.7646126693114,1287.4232154285319,19.653985548756797,47.895922257156144,1963
23.0,23.0,veh2920,3142.6659010407275,2467.377780737084,25.841464435730046,249.55283281120674,1963
23.0,23.0,veh2921,2886.560887282066,2371.8931153659323,29.724103693664844,249.55283281120367,1963
23.0,23.0,veh2922,1233.700655470361,1267.4840477209543,20.588802639924694,47.895922257154396,1963
23.0,23.0,veh2924,3078.0852330281227,2443.2999097726365,28.241621749967244,249.55283281120367,1963
23.0,23.0,veh2925,1430.0232914666583,1453.6367755518777,26.289826245029165,45.39288609520109,1963
23.0,23.0,veh2927,3409.396123797389,2566.823885639554,23.56553080583159,249.55283281120367,1963
23.0,23.0,veh2928,3613.0819890651483,2644.5631153673503,24.561683299965846,249.5082718117857,1963
23.0,23.0,veh2929,3216.9000839211963,2495.054810590634,27.750676206934365,249.55283281120856,1963
23.0,23.0,veh2932,3791.7912503026614,2714.7647710415986,19.044315327588997,249.50852638808217,1963
23.0,23.0,veh2934,3132.2193867314572,2460.068322072597,30.464533930025144,249.55291399454356,1963
23.0,23.0,veh2938,1210.1041439793185,1246.1599128120965,19.56089937961192,47.895922257156144,1963
23.0,23.0,veh2939,1187.5062829538708,1225.7382569524502,18.72108200414943,47.895922257154396,1963
23.0,23.0,veh2941,1278.3746336085653,1307.8558601855236,22.391604361239,47.895922257156336,1963
23.0,23.0,veh2942,3790.330054014654,2710.8042863979676,20.32327238078571,249.5082718117857,1963
23.0,23.0,veh2943,1106.357841029824,1156.7339330489249,24.7911963066625,47.90217138688305,1963
23.0,23.0,veh2945,3689.7200749748163,2671.338195144322,22.99549180117466,249.55283281120674,1963
23.0,23.0,veh2946,3561.0519117720987,2623.3663248282273,26.11614552702979,249.55283281120185,1963
23.0,23.0,veh2947,1023.7689877243199,1077.7943978016503,23.030924332755713,47.90272549267253,1963
23.0,23.0,veh2948,3819.086014821034,2721.5509679962565,20.242072545766717,249.50827181178877,1963
23.0,23.0,veh2949,3650.4409487643907,2656.6936000728333,25.757756740896642,249.55283281120856,1963
23.0,23.0,veh2950,3659.6887168940175,2656.7259889047546,28.49979981072781,249.55291399453682,1963
23.0,23.0,veh2951,3849.0128146344236,2732.7352157080863,21.565609557378455,249.50827181178389,1963
23.0,23.0,veh2952,3707.7012717576004,2674.626625924187,25.821691801518703,249.55291399453682,1963
23.0,23.0,veh2953,3640.722315077388,2646.2414605885497,29.237060826904983,249.55269624816162,1963
23.0,23.0,veh2954,3734.018609182403,2687.854196346977,26.00187231163074,249.55283281120856,1963
23.0,23.0,veh2957,3917.2830226152087,2761.6629378629323,21.819556379203394,249.50852638808217,1963
23.0,23.0,veh2960,845.7176311012878,916.928035491121,23.375014084570953,47.902725492670506,1963
23.0,23.0,veh2962,1062.3812367618837,1121.3059873737302,29.873378898415123,47.90278468712462,1963
23.0,23.0,veh2963,4067.337925978996,2812.12698179137,20.329746928400944,249.55283281120367,1963
23.0,23.0,veh2964,4021.667802187627,2800.6731033565143,21.511830403360687,249.50852638808217,1963
23.0,23.0,veh2965,810.4408824386851,885.0560950626613,23.802844218665214,47.902725492669624,1963
23.0,23.0,veh2966,3758.3568172396454,2690.0999259039777,29.204322879248686,249.55269624815978,1963
23.0,23.0,veh2968,843.6641283442332,919.3900321259287,25.56428309654561,47.90217138688305,1963
23.0,23.0,veh2969,1034.5807893095389,1087.5626760334178,31.473759054749607,47.90272549266866,1963
23.0,23.0,veh2970,784.9902785179503,862.0619087279691,23.427901850460046,47.902725492670406,1963
23.0,23.0,veh2971,3893.4776539621307,2743.890084077484,28.323399441453546,249.55291399453682,1963
23.0,23.0,veh2972,815.6816285757874,894.107829576343,26.614146130029475,47.902171386882166,1963
23.0,23.0,veh2973,4191.802954747734,2864.2551742755904,20.476172936366005,249.50852638808396,1963
23.0,23.0,veh2975,3966.1343899846092,2774.3948592257902,27.61290407240076,249.55283281120856,1963
23.0,23.0,veh2976,920.3321021157566,992.9672848017677,31.302312620989568,47.90278468712665,1963
23.0,23.0,veh2977,4240.294232837423,2882.3770957954016,20.501796380646027,249.50852638808396,1963
23.0,23.0,veh2978,4129.213617386033,2831.7800937982165,24.599812849006845,249.55291399453867,1963
23.0,23.0,veh2979,4245.844740260223,2881.0392971279675,22.728403575834072,249.5082718117906,1963
23.0,23.0,veh2980,706.9710260409107,791.5728454924655,26.548819163203824,47.902725492670406,1963
23.0,23.0,veh2981,4157.453034725315,2845.724961296901,23.853057075828545,249.5528328112104,1963
23.0,23.0,veh2983,4298.018563219958,2903.9495481246863,21.082404461692505,249.50852638808396,1963
23.0,23.0,veh2984,701.4022171818872,790.8563241705955,28.008530528408905,47.90217138688129,1963
23.0,23.0,veh2986,4099.795044692173,2817.4006444927504,29.1335972092546,249.55269624815674,1963
23.0,23.0,veh2988,4348.414658347197,2922.7833284822905,21.927003253679143,249.50852638808033,1963
23.0,23.0,veh2989,617.0128842865756,714.610519652103,26.023349084645897,47.902171386882166,1963
23.0,23.0,veh2990,578.3108122677885,675.3305379002977,25.625614937778714,47.902725492671465,1963
23.0,23.0,veh2991,4238.262171141611,2872.4369299907285,28.535208406649627,249.55291399453867,1963
23.0,23.0,veh2993,4418.407222636236,2948.940604738657,21.467041687958673,249.50852638808396,1963
23.0,23.0,veh2994,4265.212190275395,2879.0742352232305,30.238717602718783,249.55269624815674,1963
23.0,23.0,veh2995,4374.057436239152,2926.4824540649147,23.795859364377325,249.55283281120674,1963
23.0,23.0,veh2996,4370.1364576236465,2921.603939353567,25.95260960283181,249.55291399453867,1963
23.0,23.0,veh2997,450.32627615163307,559.6986935409425,23.528423238147244,47.90272549267103,1963
23.0,23.0,veh2998,492.7777192784757,602.3639858718068,28.299634747460402,47.902171386882166,1963
23.0,23.0,veh3000,4413.9958613391045,2941.372858200905,25.712862976103636,249.55283281120552,1963
23.0,23.0,veh3002,435.7698122487349,550.8573133307386,25.81521813009545,47.902171386882166,1963
23.0,23.0,veh3004,4507.696794222109,2978.898682482324,24.805291435657793,249.5082718117906,1963
23.0,23.0,veh3005,4548.493009010925,2994.145049442649,23.73521520298983,249.50827181178207,1963
23.0,23.0,veh3006,420.40859286777226,541.2958633464872,27.938325417336802,47.90278468712752,1963
23.0,23.0,veh3008,370.41772310148883,487.50267947804355,27.52693168254213,47.90272549267098,1963
23.0,23.0,veh3009,336.05982642062384,456.4609061351225,25.758223107620555,47.902725492670506,1963
23.0,23.0,veh3010,334.7812673391254,459.6141124473143,29.414303135501697,47.90217138688266,1963
23.0,23.0,veh3011,4574.160264871892,2994.261430857967,28.89658389878444,249.55269624815674,1963
23.0,23.0,veh3013,292.3463348886207,421.2741297342104,25.00099655047206,47.902171386882166,1963
23.0,23.0,veh3014,247.7247209420332,376.6516457499668,22.449948814322884,47.902725492670506,1963
23.0,23.0,veh3017,4677.27740190027,3042.2743703347423,25.18788295854944,249.5082718117857,1963
23.0,23.0,veh3018,239.2831030131547,377.6524139966426,26.723179038372376,47.90278468712709,1963
23.0,23.0,veh3019,4731.979407937841,3059.9279465800964,25.40298005801597,249.55283281120185,1963
23.0,23.0,veh3020,4757.594292315553,3075.699925165192,21.64500401892548,249.50852638808885,1963
23.0,23.0,veh3023,195.7431597411254,333.9931126262908,28.890117273323817,47.902171386882166,1963
23.0,23.0,veh3024,4802.86422725697,3086.3562197062124,25.262459660900422,249.55283281120552,1963
23.0,23.0,veh3025,4823.13055007481,3087.0867025038897,26.251741032451505,249.55269624815674,1963
23.0,23.0,veh3026,139.43004325032587,278.8092524749768,24.782731951852316,47.902725492670506,1963
23.0,23.0,veh3027,4844.784285245728,3098.568037566336,25.651850316566527,249.55291399453867,1963
23.0,23.0,veh3028,104.85234823427811,256.24639901626745,27.17213013102066,48.38699640677916,1963
23.0,23.0,veh3029,98.31217594678535,254.70920143311798,24.959503051809698,48.38752625538961,1963
23.0,23.0,veh3030,4899.101906677164,3125.174654543172,22.38921014512258,249.5082718117857,1963
23.0,23.0,veh3031,65.16487975595388,216.70918209493553,24.97203576453451,48.39120681968328,1963
23.0,23.0,veh3032,4915.551817856245,3128.3699886751897,29.039625247082387,249.55283281120552,1963
23.0,23.0,veh3033,48.613305429214584,197.73672080292187,29.110662,48.39067652278661,1963
24.0,24.0,veh2594,4664.564030202342,3009.2942343056566,18.164774481050827,69.51704550530069,1964
24.0,24.0,veh2600,4907.700416401177,3100.116768747316,19.162898620128853,69.51704550530069,1964
24.0,24.0,veh2604,4519.417798752474,2955.075493906381,17.924270170333347,69.51704550529581,1964
24.0,24.0,veh2628,185.99466183960953,358.3575987213735,20.873363508956963,227.83661768878957,1964
24.0,24.0,veh2636,458.8240663110797,605.4266544692906,23.49658325912573,227.83661768879094,1964
24.0,24.0,veh2646,308.5657474835788,469.3556139489416,25.02505014292825,227.8366176887914,1964
24.0,24.0,veh2648,579.8248586238822,710.6760639990807,24.27951688378901,227.83665224689295,1964
24.0,24.0,veh2664,207.91520136348038,369.5671680048997,26.93860992801596,227.83635535128212,1964
24.0,24.0,veh2667,4373.078845155256,2900.4112173617314,20.287193667192188,69.51704550529945,1964
24.0,24.0,veh2668,558.6709475044286,695.8460676685553,22.11425818259321,227.83661768879227,1964
24.0,24.0,veh2669,4912.422668924508,3105.2992798814107,22.819403450963286,69.51723463153924,1964
24.0,24.0,veh2673,4605.639475039061,2990.702912549216,21.86071425385995,69.51723463153559,1964
24.0,24.0,veh2675,4939.478893959627,3116.9801679990705,24.41891689247495,69.53524790940997,1964
24.0,24.0,veh2678,94.78380824779538,271.28401878717733,29.119250805915467,227.2439843794616,1964
24.0,24.0,veh2690,4880.144297900319,3093.241956871226,22.641704109529773,69.51723463154411,1964
24.0,24.0,veh2693,4742.813336281356,3043.5877971551126,24.920573919388378,69.5352479094112,1964
24.0,24.0,veh2698,3712.3118807512114,2653.584605677952,17.686286955381526,69.51704550530252,1964
24.0,24.0,veh2700,4265.105326953231,2865.314978113285,23.940593370251314,69.53524790940997,1964
24.0,24.0,veh2701,1178.5817709234336,1257.256106377134,24.20421890797072,227.832180775664,1964
24.0,24.0,veh2702,4848.620056650452,3083.0731353647407,26.68489702165661,69.53524790941485,1964
24.0,24.0,veh2705,185.1051277745015,353.22590882466216,26.124507513060426,227.83665224689304,1964
24.0,24.0,veh2706,4480.02683806255,2945.520172311464,24.918919607968384,69.53524790940997,1964
24.0,24.0,veh2708,4210.6956796006225,2845.010187263612,23.99448782474377,69.53524790941485,1964
24.0,24.0,veh2712,908.2233855033535,1012.3940253862422,21.770109669308482,227.8366176887905,1964
24.0,24.0,veh2713,366.3290918189225,513.0250573151071,30.55059801080383,227.83635535128028,1964
24.0,24.0,veh2714,4741.787955738164,3046.623107589461,26.940591262125096,69.5352479094157,1964
24.0,24.0,veh2715,3871.212084616764,2712.9410823616345,20.98231419219788,69.51704550529763,1964
24.0,24.0,veh2717,4199.748397421928,2835.664386148346,23.196923127754776,69.51704550529581,1964
24.0,24.0,veh2718,750.150483268517,864.9194833193998,28.248991831196147,227.8366522468939,1964
24.0,24.0,veh2719,65.3911685435999,235.39475570838567,35.17716864488459,227.24468732374535,1964
24.0,24.0,veh2720,4095.829441634144,2796.8459143896234,22.03921795257081,69.51704550530069,1964
24.0,24.0,veh2721,555.0041672697688,688.1989510435856,25.586371011660933,227.8366522468939,1964
24.0,24.0,veh2724,4877.818779011824,3097.387586869772,28.024267164640275,69.5352479094157,1964
24.0,24.0,veh2725,803.8734476090187,917.8967307385055,28.31180889290696,227.8366176887914,1964
24.0,24.0,veh2726,1040.1531880389261,1131.87833485531,26.49012424275993,227.83218077566417,1964
24.0,24.0,veh2728,4525.947148383817,2962.6568813730546,27.60611516732866,69.53524790941485,1964
24.0,24.0,veh2729,374.9463800715805,529.4686367561369,26.927819935800887,227.8366176887905,1964
24.0,24.0,veh2730,4273.723084928005,2866.7182441486857,25.938149015511463,69.51723463153559,1964
24.0,24.0,veh2731,3138.4843818154422,2439.23385135258,16.95364048869273,69.51704550529763,1964
24.0,24.0,veh2732,899.5572973906981,995.9106974068308,28.47579782715224,227.83635535128028,1964
24.0,24.0,veh2733,1434.0122828120789,1491.3976449855022,25.187842710179815,226.4274862230823,1964
24.0,24.0,veh2734,1216.0143418941827,1286.8401778322698,22.291119554395557,227.83120150731506,1964
24.0,24.0,veh2735,637.3109512205699,767.0609409326703,25.63457577719214,227.8366176887914,1964
24.0,24.0,veh2737,3546.691949672283,2591.7180042621526,19.84548016171259,69.51704550529763,1964
24.0,24.0,veh2739,4177.338021691975,2830.7143875747906,24.13395321586765,69.51723463154048,1964
24.0,24.0,veh2740,4495.085505689942,2954.557786565268,28.3639587893594,69.5352479094157,1964
24.0,24.0,veh2742,3561.58771267768,2602.773706262142,23.350863274604997,69.5352479094118,1964
24.0,24.0,veh2744,260.2178495340962,416.9318750411263,29.19664957637269,227.83635535128028,1964
24.0,24.0,veh2745,4005.3963193117143,2768.395822439244,25.608318889958547,69.53524790941485,1964
24.0,24.0,veh2747,979.0778873247448,1076.5611096189725,24.217108445986042,227.8321807756659,1964
24.0,24.0,veh2748,1083.8029351905209,1162.7763309607035,30.21125766343205,227.83244033851838,1964
24.0,24.0,veh2752,3658.972945464678,2637.0833286657894,23.868426917433528,69.5172346315374,1964
24.0,24.0,veh2753,920.0393286892894,1018.7673642636396,24.83312226242134,227.8366522468939,1964
24.0,24.0,veh2754,3486.585410613277,2569.2654692911374,21.40538207300877,69.51704550530252,1964
24.0,24.0,veh2755,1565.2604412913076,1616.2635708761545,25.133451919430435,226.42748622308224,1964
24.0,24.0,veh2756,3683.204705982578,2648.1591798495506,25.29367228594555,69.53524790941304,1964
24.0,24.0,veh2758,3588.895279678911,2610.906386479161,22.621982996169994,69.51723463153559,1964
24.0,24.0,veh2759,3315.8443369629385,2505.485887449643,20.64113348381859,69.51704550529763,1964
24.0,24.0,veh2761,442.5396243422342,586.3533497746507,30.276509396270622,227.83665224689295,1964
24.0,24.0,veh2762,580.0037375281869,706.5264831334414,28.99197639462249,227.83635535128113,1964
24.0,24.0,veh2764,1301.4129461531636,1368.5069673106657,29.07597325516966,227.8321807756659,1964
24.0,24.0,veh2765,4157.483084122128,2825.152116602779,28.109132750344415,69.53524790941485,1964
24.0,24.0,veh2766,3827.9884054629947,2702.1900894296114,26.412918234548613,69.53524790941485,1964
24.0,24.0,veh2769,713.7352438815814,836.269308925619,28.567678994568045,227.8366176887914,1964
24.0,24.0,veh2770,3720.9196707228484,2662.233788089357,26.52051101385001,69.53524790941485,1964
24.0,24.0,veh2771,2692.666686825578,2272.700599826806,17.22744951756829,69.51704550530252,1964
24.0,24.0,veh2772,4135.309495335619,2820.2952614723886,28.99001314553063,69.5352479094157,1964
24.0,24.0,veh2776,722.1697065715331,835.2704322408292,29.136112846187604,227.83635535128212,1964
24.0,24.0,veh2777,3215.0241160788646,2467.8249345712397,20.596872994290926,69.51704550530252,1964
24.0,24.0,veh2780,1202.5411571177842,1274.6368028162779,25.0260991225327,227.83120150731685,1964
24.0,24.0,veh2783,3416.707619706096,2543.1629258973057,22.795306515822837,69.51704550529945,1964
24.0,24.0,veh2785,2151.64767426961,2128.840177920222,18.81626738250254,241.19587394105125,1964
24.0,24.0,veh2786,3241.876002109622,2483.462522838998,25.063862756229614,69.53524790941485,1964
24.0,24.0,veh2787,3022.358664563675,2395.8555971984033,21.421635923989772,69.51704550530434,1964
24.0,24.0,veh2789,2857.3326285175685,2334.2108426765076,19.48612701260509,69.51704550529763,1964
24.0,24.0,veh2790,2989.5286768576334,2383.5920987736436,20.783628310594008,69.51704550530252,1964
24.0,24.0,veh2791,1931.614742316903,1952.652288853891,20.72299468035534,225.9479305354438,1964
24.0,24.0,veh2792,1079.614693008807,1163.2958121145448,27.880656645368624,227.83120150731506,1964
24.0,24.0,veh2793,3187.1876553264246,2463.0537259182815,24.675949919786405,69.53524790940997,1964
24.0,24.0,veh2794,4209.926789789436,2848.1412158457833,31.613961014548693,69.53524790941083,1964
24.0,24.0,veh2795,4085.0889197737597,2804.9668894038996,31.617952760630814,69.53554701314485,1964
24.0,24.0,veh2799,1872.7508965660852,1899.9801590579805,22.112163378356975,228.42154623224533,1964
24.0,24.0,veh2800,1898.2374554894643,1922.5910514246405,22.41709039741809,228.42154623224164,1964
24.0,24.0,veh2801,1951.661890835705,1972.046834369029,20.132987449729633,225.94793053544743,1964
24.0,24.0,veh2802,1778.034736476356,1811.04682211395,23.33027393662528,227.82200476001154,1964
24.0,24.0,veh2803,2072.8458680723625,2076.9477034537817,20.73551909422528,234.07166436329675,1964
24.0,24.0,veh2806,2978.926342428174,2385.3340088050154,25.189260561779935,69.53524790941485,1964
24.0,24.0,veh2807,2571.9162186210297,2259.9319958097713,17.240350743972876,250.29797470206094,1964
24.0,24.0,veh2810,3021.9532768846184,2401.390957297603,25.66786915633537,69.53524790941485,1964
24.0,24.0,veh2811,1606.3250746425945,1650.9099636686626,24.91984215417378,226.42844698292348,1964
24.0,24.0,veh2813,1139.4614535464327,1213.1869998800119,31.05132117296834,227.83244033851838,1964
24.0,24.0,veh2814,2753.488971894216,2295.420498591565,20.850111564955576,69.51704550529763,1964
24.0,24.0,veh2816,1512.9547737933108,1566.501382384195,27.318196530334056,226.42748622308412,1964
24.0,24.0,veh2818,2244.9888621184396,2168.9695784291785,20.56700156899241,247.67360158777896,1964
24.0,24.0,veh2821,1561.7356621585454,1608.490234606155,27.476271669602166,226.42844698292348,1964
24.0,24.0,veh2822,1691.538853219175,1732.6818024850534,25.595029143869972,227.8229654179589,1964
24.0,24.0,veh2823,2798.6790872189404,2318.0686800199783,25.345350101998257,69.53524790941667,1964
24.0,24.0,veh2824,1795.4422518909996,1822.5008184726694,25.502551917524606,227.82200476001154,1964
24.0,24.0,veh2825,1985.4578047862358,2003.632847173771,21.984482960531945,229.314913088206,1964
24.0,24.0,veh2826,1321.0068653379076,1381.9374513220191,31.30049734416493,227.83120150731506,1964
24.0,24.0,veh2828,2666.051382114956,2268.574188803075,25.008462589378432,69.53524790940997,1964
24.0,24.0,veh2830,2544.835157961763,2214.1361450514037,20.945706425719713,67.93728067657476,1964
24.0,24.0,veh2831,2236.560060473968,2121.2225596069648,21.487112241142498,247.0384850024913,1964
24.0,24.0,veh2832,2250.0522061434676,2130.4128026266376,21.970541539366426,246.86361959786672,1964
24.0,24.0,veh2833,2636.8534224204896,2261.0749847698194,26.034413013544203,69.40479072891917,1964
24.0,24.0,veh2834,2953.7977963516287,2379.3744119245252,28.400157855646146,69.5352479094157,1964
24.0,24.0,veh2835,2999.2266455613662,2396.327715734182,29.461988677963493,69.53524790941388,1964
24.0,24.0,veh2839,2600.638500865984,2236.7532476016327,22.559842164801633,67.93728067657476,1964
24.0,24.0,veh2841,2698.1238292202415,2283.961067400062,27.801636536806722,69.5352479094157,1964
24.0,24.0,veh2842,2141.3976417917543,2012.5825286755562,18.622892976342893,62.41471709720196,1964
24.0,24.0,veh2843,1770.2712610472527,1799.6947667458355,28.72827688407285,227.8220047600098,1964
24.0,24.0,veh2845,3013.2288862640144,2404.9726234447844,32.552457534313334,69.53554701314485,1964
24.0,24.0,veh2847,2298.2691578630356,2094.434443370684,20.796189110048143,63.15662314500996,1964
24.0,24.0,veh2848,1839.2592049296825,1837.2158650553833,20.31055502665401,51.29087556911964,1964
24.0,24.0,veh2849,1732.6998644625296,1765.6563452103999,29.33375381928264,227.8234439730581,1964
24.0,24.0,veh2850,2218.877766055581,2154.7921854935753,23.63028686979705,247.6714466780601,1964
24.0,24.0,veh2851,2432.9535623104225,2213.0140018854995,21.935386273134277,255.24031491675237,1964
24.0,24.0,veh2852,2256.802974082195,2169.532386374667,24.952344474593215,254.9276104971059,1964
24.0,24.0,veh2853,2436.809872053766,2182.4817301506646,26.975939418701806,69.40478044079691,1964
24.0,24.0,veh2854,2138.2052015990253,2052.629464482234,23.56724869643975,60.01018258152782,1964
24.0,24.0,veh2856,1702.96299892852,1738.7143131818473,31.920019764508993,227.8229654179589,1964
24.0,24.0,veh2857,2355.226963773086,2174.8259051231685,23.764094732189754,249.73707028904403,1964
24.0,24.0,veh2858,2476.856108431878,2197.53030764531,27.30959153377047,69.40478044079691,1964
24.0,24.0,veh2860,1641.5463782224901,1632.0840763895849,13.940560532756573,49.90742684512333,1964
24.0,24.0,veh2861,2377.605613178706,2160.2339496281143,27.17886579088451,69.40478044079691,1964
24.0,24.0,veh2863,1906.7876821373318,1853.6064770961107,19.194791675686567,51.779771796704026,1964
24.0,24.0,veh2866,2084.2112913698033,2021.2010147780766,25.18155080367585,57.108984983227735,1964
24.0,24.0,veh2869,1884.6860310843458,1895.6556868942794,31.48662850739161,231.41040469158855,1964
24.0,24.0,veh2870,2811.05009031398,2348.2706082032078,21.796714041273535,249.51597948853478,1964
24.0,24.0,veh2873,1894.3068025153589,1847.6027399207446,19.59559132966629,50.43755824413999,1964
24.0,24.0,veh2874,1767.9592965538907,1776.604999503887,21.949782885390587,46.66855376395631,1964
24.0,24.0,veh2875,1756.1966446288966,1761.1161667204055,22.23035226910214,46.66812107751967,1964
24.0,24.0,veh2876,2071.4762485427327,2016.77506133355,27.003668372437698,57.10866705774367,1964
24.0,24.0,veh2878,2399.6316415283422,2191.2190410203625,26.254123512480984,249.73707028904713,1964
24.0,24.0,veh2880,2196.0596917427342,2087.0618527694833,29.133511122845594,66.54958202659517,1964
24.0,24.0,veh2881,2713.93336130085,2307.5316984992596,22.634907276524473,249.55283281120367,1964
24.0,24.0,veh2882,1923.5711423557213,1904.7845114812392,26.18733233635192,51.29087556911964,1964
24.0,24.0,veh2883,2684.861306609946,2296.692647076281,25.097374997175535,249.55283281120674,1964
24.0,24.0,veh2884,1773.660122267494,1786.3834647734545,24.178643138205025,46.66805465855275,1964
24.0,24.0,veh2885,2932.1324392474958,2393.5029576221973,21.58671813712197,249.51597948853478,1964
24.0,24.0,veh2886,1609.3404752154302,1609.0906492132297,19.51131994340281,49.61937171979951,1964
24.0,24.0,veh2887,2692.0620710456,2292.5460596286853,25.2090059411035,249.55269624816162,1964
24.0,24.0,veh2888,1708.1880259332875,1715.8246743520663,23.548859648079617,46.66812107752146,1964
24.0,24.0,veh2891,2360.0092800904,2173.1816357238727,29.595005385496062,249.73707028904334,1964
24.0,24.0,veh2894,1689.7092293839048,1672.6302942484372,20.395895023207796,49.90742684512333,1964
24.0,24.0,veh2895,3362.755863606524,2554.427780283209,18.60905232087906,249.50852638808396,1964
24.0,24.0,veh2896,1908.1933617433754,1896.5562509552467,27.542029344339763,51.289784463403585,1964
24.0,24.0,veh2898,2273.012799191229,2133.4076041285257,32.03878478469395,246.42115423660383,1964
24.0,24.0,veh2900,1624.663369109095,1622.0552900572088,21.94442383810058,49.90713898144543,1964
24.0,24.0,veh2902,1665.909578500391,1656.779040952395,22.150167670205505,49.90713898144344,1964
24.0,24.0,veh2903,3654.572577771267,2663.4840848516574,16.76953423651724,249.50852638808396,1964
24.0,24.0,veh2904,1736.7040321530887,1751.5188840777678,26.61142052325739,46.66805465855454,1964
24.0,24.0,veh2908,3403.6704002898277,2569.718159337002,19.834921668276166,249.50852638808396,1964
24.0,24.0,veh2909,3550.3163316411847,2624.5219542428304,18.316627168528434,249.50852638808217,1964
24.0,24.0,veh2911,1619.7282164794053,1632.3713925530699,27.090155871839965,46.66812107752157,1964
24.0,24.0,veh2912,1425.2044801452826,1437.2021755129854,27.13839168190785,44.18753559880118,1964
24.0,24.0,veh2913,3579.6997896870453,2635.50299540456,18.425431313427268,249.50852638808396,1964
24.0,24.0,veh2914,2728.9970451324143,2306.316775278745,25.55479980935637,249.55269624816344,1964
24.0,24.0,veh2916,1337.9811638879546,1366.0339180118665,22.130789902055085,47.89906525851306,1964
24.0,24.0,veh2917,1322.4908491966917,1339.0977082072934,22.84621460441787,47.89906525851306,1964
24.0,24.0,veh2918,1271.5949786945698,1301.72909538487,21.336309552743813,47.895922257154396,1964
24.0,24.0,veh2920,3117.725963504738,2458.0793232213496,26.609015391535973,249.55283281120185,1964
24.0,24.0,veh2921,2858.236194011914,2361.3327057162032,30.22029217588792,249.55283281120674,1964
24.0,24.0,veh2922,1248.4787996198236,1280.8390362185257,19.918115455126415,47.895922257154396,1964
24.0,24.0,veh2924,3051.623318750345,2433.434007528822,28.23284875075603,249.55283281120185,1964
24.0,24.0,veh2925,1448.63213025609,1471.9921410552004,26.14479456490901,45.39288609520109,1964
24.0,24.0,veh2927,3386.787991828345,2558.3948045995194,24.12115630482491,249.55283281120674,1964
24.0,24.0,veh2928,3589.543080614483,2635.766151287665,25.13088535383804,249.50827181178389,1964
24.0,24.0,veh2929,3191.4037808769563,2485.548921078159,27.202615048752264,249.55283281120185,1964
24.0,24.0,veh2932,3774.9224364380293,2708.4606410406996,18.006933184248926,249.50852638808706,1964
24.0,24.0,veh2934,3103.462329124998,2449.3467586935444,30.690667137815698,249.55291399453867,1964
24.0,24.0,veh2938,1225.563588163277,1260.1305912117334,20.836377762587173,47.89592225715422,1964
24.0,24.0,veh2939,1202.504834262513,1239.2924270959616,20.215182204460614,47.895922257154396,1964
24.0,24.0,veh2941,1295.1994866832156,1323.0604567175894,22.676688132630456,47.89592225715422,1964
24.0,24.0,veh2942,3771.1308520318435,2703.6291580119005,20.497677066310935,249.5082718117906,1964
24.0,24.0,veh2943,1124.5647797199108,1173.1839112703037,24.53746656229054,47.90217138688129,1964
24.0,24.0,veh2945,3667.185561858663,2662.9365617181784,24.042610591273124,249.55283281120367,1964
24.0,24.0,veh2946,3536.8858637588824,2614.35639966503,25.7833341646636,249.55283281120367,1964
24.0,24.0,veh2947,1041.2226833402,1093.5635139479896,23.52172394675119,47.90272549267234,1964
24.0,24.0,veh2948,3800.413791093957,2714.5727819958643,19.935058363894242,249.5082718117857,1964
24.0,24.0,veh2949,3627.346018572849,2648.0830240878295,24.64053296229677,249.55283281120674,1964
24.0,24.0,veh2950,3633.171051931289,2646.83934370436,28.300698902533142,249.55291399453867,1964
24.0,24.0,veh2951,3830.2180873005937,2725.7112476430543,20.065847100475157,249.5082718117857,1964
24.0,24.0,veh2952,3683.0175693689516,2665.423741428448,26.343421642997804,249.5529139945417,1964
24.0,24.0,veh2953,3612.943812485323,2635.8846139997136,29.65517551328978,249.55269624815855,1964
24.0,24.0,veh2954,3709.9965000238,2678.897936487574,25.629762360712633,249.55283281120674,1964
24.0,24.0,veh2957,3896.519449954578,2753.9032777951797,22.164466841986112,249.50852638808396,1964
24.0,24.0,veh2960,862.7905295178316,932.3531078660615,23.00853712376478,47.90272549266972,1964
24.0,24.0,veh2962,1084.322291410376,1141.1293146587782,29.570020888119345,47.90278468712674,1964
24.0,24.0,veh2963,4047.845983870344,2804.8597223872557,20.79641886959749,249.55283281120856,1964
24.0,24.0,veh2964,4001.7280063672624,2793.2213011105655,21.285110733106883,249.50852638808396,1964
24.0,24.0,veh2965,827.7647994644038,900.7079584674264,23.34682596301422,47.902725492670506,1964
24.0,24.0,veh2966,3731.9453262877973,2680.252751490449,28.195810668658854,249.55269624816162,1964
24.0,24.0,veh2968,862.5944400151363,936.4935781976147,25.51235534677957,47.902171386882166,1964
24.0,24.0,veh2969,1059.558378143427,1110.1295013090185,33.66140686397754,47.90272549267409,1964
24.0,24.0,veh2970,802.0618124152536,877.4857482830608,23.00669820978342,47.902725492671564,1964
24.0,24.0,veh2971,3867.3940196945982,2734.1652595915275,27.837484210121364,249.5529139945417,1964
24.0,24.0,veh2972,834.4754066477252,911.0880174730115,25.32834920075635,47.902171386882166,1964
24.0,24.0,veh2973,4172.131945529465,2856.9038216342024,20.99818941050495,249.50852638808396,1964
24.0,24.0,veh2975,3940.616417961712,2764.880890780593,27.225734199943595,249.55283281120674,1964
24.0,24.0,veh2976,943.6333565023086,1014.0195267863397,31.403165890071133,47.902784687128396,1964
24.0,24.0,veh2977,4220.36646539131,2874.929788734211,21.27227081838666,249.50852638808396,1964
24.0,24.0,veh2978,4106.369751456311,2823.2631599818346,24.37987554166582,249.55291399453503,1964
24.0,24.0,veh2979,4224.277766422063,2872.9792847208732,23.025585408601163,249.5082718117857,1964
24.0,24.0,veh2980,726.29196550659,809.0289845930856,26.038141978946168,47.902725492670506,1964
24.0,24.0,veh2981,4134.39627043608,2837.12861485921,24.599812849006845,249.55283281120674,1964
24.0,24.0,veh2983,4278.757086498912,2896.7512439502975,20.561026230364522,249.50852638808396,1964
24.0,24.0,veh2984,721.7787581522784,809.2665391383905,27.461436610886324,47.902171386882166,1964
24.0,24.0,veh2986,4071.9813488477384,2807.030676566126,29.69274636767464,249.55269624815674,1964
24.0,24.0,veh2988,4327.495389086213,2914.9654822482084,22.330668111503478,249.50852638808396,1964
24.0,24.0,veh2989,636.5288587390362,732.2432123401248,26.30165228262676,47.90217138688226,1964
24.0,24.0,veh2990,597.5118195127113,692.6783202860754,25.876513596565616,47.90272549267137,1964
24.0,24.0,veh2991,4211.69681894707,2862.532505444295,28.35159259890309,249.55291399454356,1964
24.0,24.0,veh2993,4398.675511678023,2941.5665669421082,21.062986626487955,249.50852638808396,1964
24.0,24.0,veh2994,4237.059149944715,2868.5777472016816,30.05501644561456,249.55269624815674,1964
24.0,24.0,veh2995,4351.820353892799,2918.1917129524695,23.725274594737208,249.55283281120185,1964
24.0,24.0,veh2996,4346.500860605741,2912.7918225196004,25.22484221463515,249.55291399453867,1964
24.0,24.0,veh2997,468.25555646819754,575.8974923486255,24.162652509330968,47.90272549266997,1964
24.0,24.0,veh2998,513.311747657467,620.9164907921145,27.673682177715854,47.9021713868827,1964
24.0,24.0,veh3000,4390.358918477265,2932.5602014456313,25.218819233685394,249.5528328112104,1964
24.0,24.0,veh3002,455.04048746947535,568.268378040098,25.97106284095585,47.902171386882166,1964
24.0,24.0,veh3004,4485.317461407907,2970.5350751678016,23.892885620752143,249.5082718117906,1964
24.0,24.0,veh3005,4526.016353309752,2985.7450706055215,23.996790622119637,249.5082718117906,1964
24.0,24.0,veh3006,441.22349093489305,560.101729491021,28.05229650485961,47.90278468712709,1964
24.0,24.0,veh3008,390.7026531630681,505.8297676318198,27.337277771333397,47.90272549267098,1964
24.0,24.0,veh3009,355.40196998460607,473.9362027767172,26.06671798701905,47.902725492670506,1964
24.0,24.0,veh3010,356.5398895885691,479.2730385426405,29.324065674913594,47.90217138688173,1964
24.0,24.0,veh3011,4547.317564960343,2984.253485897914,28.656151442625408,249.55269624816162,1964
24.0,24.0,veh3013,311.5744382930055,438.6467307861799,25.913688861831627,47.902171386882166,1964
24.0,24.0,veh3014,264.0817359189707,391.42992965358076,22.04376650927373,47.902725492670506,1964
24.0,24.0,veh3017,4653.2242043528995,3033.285206063626,25.679956707555235,249.5082718117857,1964
24.0,24.0,veh3018,258.5332458886468,395.0445534638782,25.94347154441338,47.90278468712709,1964
24.0,24.0,veh3019,4708.381663772731,3051.1299044330467,25.176997207342364,249.55283281120185,1964
24.0,24.0,veh3020,4737.31829183956,3068.1224781718997,21.643998727172963,249.50852638808396,1964
24.0,24.0,veh3023,217.17665777451447,353.35828882964563,28.885896210193284,47.90217138688173,1964
24.0,24.0,veh3024,4779.772073334994,3077.7466788089896,24.637570893947633,249.55283281120185,1964
24.0,24.0,veh3025,4798.930079481094,3078.0638777318895,25.835417174929866,249.55269624816162,1964
24.0,24.0,veh3026,157.62638322289365,295.2493351245577,24.52255929606965,47.90272549267098,1964
24.0,24.0,veh3027,4820.1864872978995,3089.3971810311555,26.251741032451505,249.55291399454356,1964
24.0,24.0,veh3028,125.05244708121808,274.4471800276324,27.190616652856097,47.902784687126974,1964
24.0,24.0,veh3029,117.11846405454328,271.5834786737822,25.267741587719613,47.90253722585662,1964
24.0,24.0,veh3030,4878.181442231416,3117.356255714471,22.335351472947025,249.5082718117857,1964
24.0,24.0,veh3031,83.98335174868987,233.42216869082253,25.168458490403854,48.39120681968339,1964
24.0,24.0,veh3032,4887.982600360296,3118.091246105839,29.414257017433357,249.55283281120674,1964
24.0,24.0,veh3033,69.78359272436523,216.538742754016,28.313615892946245,48.39067652278661,1964
24.0,24.0,veh3034,48.613305429214584,197.73672080292187,27.242044464374818,48.39067652278661,1964
25.0,25.0,veh2594,4681.1784023220025,3015.5004603981606,17.73678905196224,69.51704550530434,1965
25.0,25.0,veh2600,4924.927852736284,3106.552002298115,18.39127003904827,69.51704550530434,1965
25.0,25.0,veh2604,4535.425653704906,2961.0551581618383,17.08929741195172,69.51704550530434,1965
25.0,25.0,veh2628,170.46935906941212,344.2981834502667,20.9458584762155,227.8366176887905,1965
25.0,25.0,veh2636,441.1109967286088,589.3860396953216,23.897469450064495,227.8366176887914,1965
25.0,25.0,veh2646,289.52721602879944,452.11468642328987,25.68570747697655,227.8366176887914,1965
25.0,25.0,veh2648,561.5060394489358,694.0869141671071,24.71414602269736,227.8366522468947,1965
25.0,25.0,veh2664,187.62545139300437,351.1929919965461,27.372750808544,227.83635535128113,1965
25.0,25.0,veh2667,4391.5188761396985,2907.299410344168,19.685783930148176,69.51704550529945,1965
25.0,25.0,veh2668,543.111593445185,681.7558162056971,20.991798545266093,227.83661768878957,1965
25.0,25.0,veh2669,4933.182697314112,3113.0540196669617,22.159720453600595,69.51723463154411,1965
25.0,25.0,veh2673,4625.518367480431,2998.128511166652,21.219176157221554,69.51723463153559,1965
25.0,25.0,veh2678,72.88474191989349,251.0364657570056,29.825275397796318,227.24398437946172,1965
25.0,25.0,veh2690,4901.3940458298675,3101.179627408552,22.682458086813583,69.51723463153924,1965
25.0,25.0,veh2693,4766.97913275417,3052.606077312606,25.80221035995605,69.53524790941485,1965
25.0,25.0,veh2698,3729.0381487442187,2659.8326299849064,17.856244273445352,69.51704550529763,1965
25.0,25.0,veh2700,4286.473506259083,2873.2892332822594,22.81514942323878,69.53524790941849,1965
25.0,25.0,veh2701,1160.8792757991016,1241.2225723857007,23.884878037813834,227.83218077566417,1965
25.0,25.0,veh2702,4873.818603603688,3092.476821117109,26.9048946921348,69.53524790941485,1965
25.0,25.0,veh2705,163.722884851819,338.18870629256287,25.900726009556283,227.83661768879227,1965
25.0,25.0,veh2706,4503.85038124922,2954.4107291380615,25.43678101044552,69.53524790940997,1965
25.0,25.0,veh2708,4232.362316161851,2853.095821800821,23.1338170448655,69.53524790940997,1965
25.0,25.0,veh2712,891.8240794575687,997.5431295764513,22.125014154476418,227.8366176887914,1965
25.0,25.0,veh2713,343.56841464228853,492.4132366114843,30.706260328308005,227.83635535128016,1965
25.0,25.0,veh2714,4767.309082475549,3056.1471748434237,27.24038746897845,69.5352479094157,1965
25.0,25.0,veh2715,3890.7466476841464,2720.2381330200215,20.854259303511714,69.51704550530069,1965
25.0,25.0,veh2717,4221.775823622237,2843.892634935027,23.51553276035301,69.51704550530069,1965
25.0,25.0,veh2718,729.4522714526829,846.175603935711,27.92421412865133,227.8366522468939,1965
25.0,25.0,veh2720,4117.066765807184,2804.7790240171444,22.672053820175982,69.51704550530069,1965
25.0,25.0,veh2721,536.750765057207,671.6690414814234,24.625891187858336,227.8366522468939,1965
25.0,25.0,veh2724,4904.439830321651,3107.3221279915233,28.414409754447785,69.5352479094157,1965
25.0,25.0,veh2725,782.9234813285409,898.9248446366553,28.26450699787525,227.8366176887904,1965
25.0,25.0,veh2726,1020.4500170951492,1114.0327453580505,26.584265757172986,227.8321807756659,1965
25.0,25.0,veh2728,4551.146432346487,2972.0608421652946,26.90568160898661,69.53524790941485,1965
25.0,25.0,veh2729,355.1384938305214,511.5309963488603,26.72367734525856,227.8366176887905,1965
25.0,25.0,veh2730,4297.188070791914,2875.4833988022006,25.04705279942051,69.51723463154048,1965
25.0,25.0,veh2731,3155.153762668669,2445.460625717093,17.79551400986424,69.51704550530252,1965
25.0,25.0,veh2732,878.5015729926273,976.8428633213199,28.406121212948747,227.83635535128113,1965
25.0,25.0,veh2733,1416.0766290835238,1474.334152169909,24.75657296816686,226.42748622308224,1965
25.0,25.0,veh2734,1200.0922128341815,1272.4186646416701,21.482592520416848,227.83120150731685,1965
25.0,25.0,veh2735,618.2833285692611,749.829892209408,25.67098993767845,227.8366176887904,1965
25.0,25.0,veh2737,3564.92969731521,2598.530635186441,19.46983493542587,69.51704550530252,1965
25.0,25.0,veh2739,4199.737991352066,2839.0817140860217,23.91023058934267,69.51723463154048,1965
25.0,25.0,veh2740,4521.201467809904,2964.3038366590554,27.875294637002604,69.5352479094157,1965
25.0,25.0,veh2742,3583.1503726178516,2610.8205384242847,23.022799530833943,69.53524790940997,1965
25.0,25.0,veh2744,238.3443463061908,397.1234693774959,29.50938055119313,227.8363553512812,1965
25.0,25.0,veh2745,4029.0279613670723,2777.2147649010235,25.231885079785943,69.53524790941485,1965
25.0,25.0,veh2747,960.933608564515,1060.1274426014727,24.48094928022368,227.8321807756659,1965
25.0,25.0,veh2748,1062.117810830832,1143.1358220707614,29.257050479708713,227.83244033851838,1965
25.0,25.0,veh2752,3680.6169022587255,2645.168252718764,23.10324548043848,69.51723463154048,1965
25.0,25.0,veh2753,901.5741176424854,1002.0456449317851,24.911645111643985,227.8366522468939,1965
25.0,25.0,veh2754,3507.3756850006193,2577.0315854250334,22.1948026976216,69.51704550530069,1965
25.0,25.0,veh2755,1546.6764909829008,1598.5833063387108,25.65141638045715,226.42748622308224,1965
25.0,25.0,veh2756,3706.690072860839,2656.9235348066877,25.07570471576827,69.53524790941485,1965
25.0,25.0,veh2758,3610.3863059747514,2618.9341845881527,22.940004032714807,69.51723463153559,1965
25.0,25.0,veh2759,3335.5852910747753,2512.860034580658,21.0745935052101,69.51704550530069,1965
25.0,25.0,veh2761,420.7153898574144,566.5897671780197,29.44334526916943,227.836652246894,1965
25.0,25.0,veh2762,558.650072768934,687.188837510365,28.80807033870546,227.83635535128113,1965
25.0,25.0,veh2764,1280.4777609459409,1349.5455157593765,28.246546142879957,227.8321807756659,1965
25.0,25.0,veh2765,4183.534197355415,2834.8739661522723,27.81519344965445,69.53524790941361,1965
25.0,25.0,veh2766,3853.008983590035,2711.5273601256526,26.714874508187258,69.53524790941485,1965
25.0,25.0,veh2769,692.8664673881576,817.3709467317312,28.15497033926563,227.8366176887904,1965
25.0,25.0,veh2770,3745.1499859732735,2671.276145599839,25.87109809862301,69.53524790940997,1965
25.0,25.0,veh2771,2708.754791429474,2278.7102409888384,17.1749684881295,69.51704550530252,1965
25.0,25.0,veh2772,4162.543717329132,2830.4586278685747,29.06888740271426,69.5352479094157,1965
25.0,25.0,veh2776,700.0596250355943,815.2477838448887,29.82854658734082,227.83635535128113,1965
25.0,25.0,veh2777,3234.9449655748067,2475.266280836758,21.266642079559414,69.51704550530252,1965
25.0,25.0,veh2780,1183.8797261045504,1257.7341591749257,25.17853716638224,227.83120150731506,1965
25.0,25.0,veh2783,3438.150840896765,2551.172947455893,22.89186062008487,69.51704550530252,1965
25.0,25.0,veh2785,2135.2719303092545,2119.836000751047,18.68654896180144,241.19587394105073,1965
25.0,25.0,veh2786,3264.4853152476408,2491.8999488628638,24.140328018469415,69.53524790941485,1965
25.0,25.0,veh2787,3042.412826941899,2403.346741908457,21.40896117858468,69.51704550529763,1965
25.0,25.0,veh2789,2876.310512875492,2341.2999484359298,20.25997305734573,69.51704550530252,1965
25.0,25.0,veh2790,3009.56943494357,2391.078236368896,21.39465133268875,69.51704550530252,1965
25.0,25.0,veh2791,1916.6690936125306,1938.9430347188463,20.290070122901387,228.42154623224337,1965
25.0,25.0,veh2792,1058.3559917371622,1144.0406836296095,28.682848582058988,227.83120150731685,1965
25.0,25.0,veh2793,3210.535847684916,2471.7668895873044,24.929241270249808,69.53524790941485,1965
25.0,25.0,veh2794,4239.549779651953,2859.1960313567597,31.618577429909635,69.5352479094157,1965
25.0,25.0,veh2795,4114.265644737201,2815.8549926263217,31.131890195953254,69.5355470131418,1965
25.0,25.0,veh2799,1855.996213480536,1885.1159187725902,22.403034504515137,228.42154623224164,1965
25.0,25.0,veh2800,1881.840546026033,1908.044216909314,21.92464796863178,228.42154623224164,1965
25.0,25.0,veh2801,1937.4276105402378,1958.2759284066797,19.809925182912366,225.94793053544558,1965
25.0,25.0,veh2802,1761.489175203996,1796.0557981781287,22.327307876089296,227.8220047600098,1965
25.0,25.0,veh2803,2056.527147494821,2064.315632969798,20.660097494134938,229.71076956222907,1965
25.0,25.0,veh2806,3002.924217246734,2394.2896233464894,25.62291770341513,69.53524790941485,1965
25.0,25.0,veh2807,2555.254759126972,2253.9656651604037,17.696150066152395,250.29797470206591,1965
25.0,25.0,veh2810,3045.9527240678863,2410.34715861988,25.624596542554798,69.53524790940997,1965
25.0,25.0,veh2811,1587.534737510208,1633.0339485847198,25.935297983991582,226.42844698292535,1965
25.0,25.0,veh2813,1116.7675802219685,1192.6328534806983,30.618030425880892,227.83244033851838,1965
25.0,25.0,veh2814,2773.0316418441903,2302.720577540513,20.862913862670673,69.51704550530252,1965
25.0,25.0,veh2816,1493.715609764143,1548.1977653452986,26.55580751853656,226.42748622308412,1965
25.0,25.0,veh2818,2225.45820990983,2160.9489600602737,21.111819828721483,247.67360158778177,1965
25.0,25.0,veh2821,1542.409262464603,1590.104241315392,26.675196484698127,226.42844698292348,1965
25.0,25.0,veh2822,1672.4047256195659,1715.346005003725,25.81888241246073,227.82296541795696,1965
25.0,25.0,veh2823,2822.780651356734,2327.0629897201757,25.733628460660757,69.53524790941485,1965
25.0,25.0,veh2824,1776.3586112642804,1805.21018029434,25.752303754191445,227.8220047600096,1965
25.0,25.0,veh2825,1968.000878795523,1987.8539325885477,23.546560230931807,225.9479305354438,1965
25.0,25.0,veh2826,1298.5802181828149,1361.624452567312,30.258674616721283,227.83120150731685,1965
25.0,25.0,veh2828,2689.221721952033,2277.2209808188136,24.739345266791023,69.53524790940997,1965
25.0,25.0,veh2830,2564.6223919122663,2222.155913691645,21.35200119085685,67.93728067657476,1965
25.0,25.0,veh2831,2216.6419084796134,2112.7835906067335,21.632091205936927,247.03848500249333,1965
25.0,25.0,veh2832,2230.2616415427774,2122.028007797005,21.487112241142498,247.03877376751294,1965
25.0,25.0,veh2833,2660.737565371109,2270.0091249589036,25.500479969761606,69.5352479094157,1965
25.0,25.0,veh2834,2979.9200204203244,2389.1227988752034,27.881978429280615,69.5352479094157,1965
25.0,25.0,veh2835,3026.3242376441,2406.4400940814257,28.923053257231476,69.53524790941083,1965
25.0,25.0,veh2839,2622.433142692042,2245.58661892979,23.518154148698052,67.93728067657476,1965
25.0,25.0,veh2841,2723.748135629031,2293.5236396205096,27.35051796034993,69.5352479094157,1965
25.0,25.0,veh2842,2158.033935494066,2021.27433244423,18.778414646396605,62.41471709719964,1965
25.0,25.0,veh2843,1749.720294817289,1781.0746654639108,27.732377440348657,227.8220047600096,1965
25.0,25.0,veh2845,3043.327497029921,2416.2047538940146,32.11555260534038,69.53554701314485,1965
25.0,25.0,veh2847,2316.4285097704724,2103.6204068180587,20.355221327484614,63.18260622857964,1965
25.0,25.0,veh2848,1855.3673669932045,1850.1251486072563,20.64954321700786,51.290875569121276,1965
25.0,25.0,veh2849,1710.6819081419492,1745.7077570273614,29.710213974708232,227.8229654179589,1965
25.0,25.0,veh2850,2196.4140738878414,2145.566073430804,24.286353538668838,247.6714466780621,1965
25.0,25.0,veh2851,2411.47388441018,2207.354991938461,22.21094232893992,255.24031491675237,1965
25.0,25.0,veh2852,2233.3771790799706,2160.7472710782836,25.05787589906346,247.6714466780601,1965
25.0,25.0,veh2853,2461.930752142611,2191.921656219655,26.844850097759977,69.4047804407951,1965
25.0,25.0,veh2854,2158.8347953477505,2064.5350781109914,23.826415686054936,60.01018258152782,1965
25.0,25.0,veh2856,1679.6453006393788,1717.5881398997415,31.46403760100709,227.8229654179589,1965
25.0,25.0,veh2857,2333.2094151748893,2166.6635188385994,23.47594180777689,249.3130149657257,1965
25.0,25.0,veh2858,2502.8813125299484,2207.3100606534563,27.81123512812486,69.4047804408018,1965
25.0,25.0,veh2860,1652.2711255507447,1641.1127765426384,14.025456486641852,49.907426845121655,1965
25.0,25.0,veh2861,2403.3467919536383,2169.906971580555,27.507718006247224,69.40478044079691,1965
25.0,25.0,veh2863,1922.2849062873488,1865.1300161370025,19.320701540775328,53.365976334428176,1965
25.0,25.0,veh2866,2105.998062234573,2034.0422949028812,25.302713838650448,60.01018258152782,1965
25.0,25.0,veh2869,1860.9874810006108,1876.744427967719,30.3191990983552,231.4104046915873,1965
25.0,25.0,veh2870,2791.1560672349033,2340.838861039496,21.235217624025843,249.5159794885366,1965
25.0,25.0,veh2873,1909.487470631887,1859.6057515152245,19.350060170213197,53.36912888366435,1965
25.0,25.0,veh2874,1783.9778213530813,1791.7167010519001,22.021775211313063,46.6685537639581,1965
25.0,25.0,veh2875,1772.1574560279685,1776.1736498831044,21.949782885390587,46.66812107752146,1965
25.0,25.0,veh2876,2093.50729864626,2030.5272744271126,25.978216755308548,60.01147204933648,1965
25.0,25.0,veh2878,2375.06744047783,2182.1505305303976,26.17688594408697,249.73707028904403,1965
25.0,25.0,veh2880,2222.669954591489,2098.6049532754973,29.006078577501246,66.54958202659039,1965
25.0,25.0,veh2881,2691.638161723096,2299.2192893049946,23.787281257851,249.55283281120674,1965
25.0,25.0,veh2882,1943.8114946734772,1921.0053842430937,25.946723671191084,51.29087556911964,1965
25.0,25.0,veh2883,2662.183622456923,2288.2376346149294,24.195363192124532,249.55283281120367,1965
25.0,25.0,veh2884,1791.2110448670398,1802.9411026448133,24.120687680213102,46.66805465855454,1965
25.0,25.0,veh2885,2910.982993899219,2385.6022263394207,22.575276645298327,249.51597948853478,1965
25.0,25.0,veh2886,1622.9610049028288,1620.6221287678775,17.826232961686536,49.90713898144543,1965
25.0,25.0,veh2887,2666.39923635501,2286.39546813016,25.47290136425505,249.55291399453682,1965
25.0,25.0,veh2888,1725.809523290356,1732.4488542337378,24.233607642631053,46.66812107751967,1965
25.0,25.0,veh2891,2332.815422458882,2162.997947694095,29.041791460255503,248.14897733924496,1965
25.0,25.0,veh2894,1705.2851498410073,1685.7429868938384,20.36965421413226,49.907426845121655,1965
25.0,25.0,veh2895,3345.059504252155,2547.8143840593953,18.89031220901023,249.50852638808217,1965
25.0,25.0,veh2896,1930.1365526852785,1914.1424862615454,28.120854124732222,51.289784463403585,1965
25.0,25.0,veh2898,2243.9954443391853,2120.8952545629077,31.609883622579027,247.04065446248188,1965
25.0,25.0,veh2900,1642.253432887349,1636.8637537167913,22.983095434774828,49.90713898144344,1965
25.0,25.0,veh2902,1683.721230277967,1671.7740518511869,23.272621282993153,49.90713898144543,1965
25.0,25.0,veh2903,3639.9776662848335,2658.02974644349,15.579613248164273,249.50852638808706,1965
25.0,25.0,veh2904,1755.9882294780482,1769.7117029529854,26.502772045213206,46.66805465855454,1965
25.0,25.0,veh2908,3384.718978126863,2562.635727224348,20.230052650619275,249.50852638808217,1965
25.0,25.0,veh2909,3533.6006756486604,2618.275061647251,17.84344192802783,249.50852638808217,1965
25.0,25.0,veh2911,1639.3875342743574,1650.9180590906403,27.036078961448514,46.66812107751967,1965
25.0,25.0,veh2912,1445.4041710505317,1457.983016644736,28.99396182772067,44.18753559879932,1965
25.0,25.0,veh2913,3562.661124301654,2629.1353893302207,18.188244390246563,249.50852638808396,1965
25.0,25.0,veh2914,2705.0776787257732,2297.398756477886,25.535322021218526,249.55269624815855,1965
25.0,25.0,veh2916,1354.7935619669545,1381.2255836282377,22.659040370111736,47.89906525851499,1965
25.0,25.0,veh2917,1339.0866880872884,1354.0936911637066,22.367171038354826,47.89906525851306,1965
25.0,25.0,veh2918,1287.8469974745603,1316.4160223544504,21.904616923803793,47.895922257154396,1965
25.0,25.0,veh2920,3093.4380201347312,2449.0239513205715,25.91338723397526,249.55283281120185,1965
25.0,25.0,veh2921,2830.2761566765357,2350.9082522096064,29.83123204424123,249.55283281120856,1965
25.0,25.0,veh2922,1264.2549092905897,1295.0958847820966,21.263182350706682,47.895922257154396,1965
25.0,25.0,veh2924,3024.9027079603775,2423.4716544208227,28.508858242144715,249.55283281120185,1965
25.0,25.0,veh2925,1467.6511493739504,1490.752099770156,26.721084173448094,45.39288609520292,1965
25.0,25.0,veh2927,3364.339833180544,2550.0253670581533,23.95047694522124,249.55283281120674,1965
25.0,25.0,veh2928,3566.3401389365918,2627.0947447561666,24.77219656981988,249.5082718117906,1965
25.0,25.0,veh2929,3165.6243239153787,2475.9374621484803,27.504718730195524,249.55283281120856,1965
25.0,25.0,veh2932,3757.676158460161,2702.0154470112557,18.409864363704404,249.50852638808396,1965
25.0,25.0,veh2934,3074.9038688587,2438.6992388414264,30.478716216245747,249.55291399453682,1965
25.0,25.0,veh2938,1240.0799247534055,1273.2489845788118,19.565248874512257,47.895922257158084,1965
25.0,25.0,veh2939,1217.702518976457,1253.0265538233573,20.483575997189874,47.895922257154396,1965
25.0,25.0,veh2941,1313.6301089432588,1335.3953834143692,22.547762965308806,47.894994483268256,1965
25.0,25.0,veh2942,3752.0359131072264,2696.492994830175,20.386362517991728,249.5082718117906,1965
25.0,25.0,veh2943,1143.123055974959,1189.951653671274,25.011185301731206,47.899667054048464,1965
25.0,25.0,veh2945,3645.439815169979,2654.829007260961,23.201056839241947,249.55283281120674,1965
25.0,25.0,veh2946,3512.505051284391,2605.266403001406,26.01247150100992,249.55283281120674,1965
25.0,25.0,veh2947,1058.183167578306,1108.8870220310291,22.85704053925267,47.90272549267234,1965
25.0,25.0,veh2948,3781.122192614138,2707.363123178321,20.596322497482518,249.5082718117906,1965
25.0,25.0,veh2949,3604.2873424670006,2639.485964859838,24.601852611842247,249.55283281120674,1965
25.0,25.0,veh2950,3606.9704765352276,2637.0709197744577,27.96228839904604,249.55291399453682,1965
25.0,25.0,veh2951,3811.521885164599,2718.724100428408,19.960658473888618,249.50827181178389,1965
25.0,25.0,veh2952,3658.404999998565,2656.247377628048,26.26750567774618,249.55291399453682,1965
25.0,25.0,veh2953,3585.91073427927,2625.805689015324,28.859391401968807,249.55269624816344,1965
25.0,25.0,veh2954,3686.2653850601146,2670.050169167692,25.319293699744613,249.55283281120185,1965
25.0,25.0,veh2957,3876.7256975235186,2743.0920780847277,22.498964340497448,249.50827181178877,1965
25.0,25.0,veh2960,880.197671709918,948.0801637884248,23.45898555556117,47.902725492670406,1965
25.0,25.0,veh2962,1106.2897800138858,1160.9765245214935,29.605646003435705,47.90278468712849,1965
25.0,25.0,veh2963,4028.467261994875,2797.634675339393,20.67562149698811,249.55283281120674,1965
25.0,25.0,veh2964,3981.156960712418,2785.53359128679,21.958950262268225,249.50852638808396,1965
25.0,25.0,veh2965,845.5021170092839,916.7333221866853,23.90395111892134,47.902725492670506,1965
25.0,25.0,veh2966,3704.6589984640495,2670.0794057420007,29.129750174423137,249.55269624816162,1965
25.0,25.0,veh2968,881.698986607376,953.7545456079553,25.747171513794225,47.902171386882166,1965
25.0,25.0,veh2969,1084.0624213312367,1132.2684861743164,33.023226262666775,47.90272549267234,1965
25.0,25.0,veh2970,819.6562471320178,893.3820198053742,23.71139302041683,47.902725492670406,1965
25.0,25.0,veh2971,3839.2193963576783,2727.0766301946746,28.52399640436928,249.55283281120367,1965
25.0,25.0,veh2972,853.0933096836627,927.909302186606,25.09132265343526,47.902171386882166,1965
25.0,25.0,veh2973,4152.852171941815,2849.698679644979,20.580557565352013,249.50852638808396,1965
25.0,25.0,veh2975,3914.5739625431825,2755.1713770753095,27.785318069263937,249.55283281120185,1965
25.0,25.0,veh2976,967.6538057232825,1035.7215476814004,32.37242678555619,47.90278468712462,1965
25.0,25.0,veh2977,4201.0874704441885,2867.7249377346893,20.5797263908493,249.50852638808396,1965
25.0,25.0,veh2978,4084.2872364661343,2815.0300824787014,23.567331762659595,249.55291399453682,1965
25.0,25.0,veh2979,4202.769783854239,2864.941318539383,22.962604457092656,249.5082718117906,1965
25.0,25.0,veh2980,745.4267213809125,826.3169099960877,25.78722898403148,47.902725492670506,1965
25.0,25.0,veh2981,4111.545647660397,2828.6091249935616,24.37987554166582,249.55283281120674,1965
25.0,25.0,veh2983,4259.731634585298,2889.641145803993,20.309077102740712,249.50852638808396,1965
25.0,25.0,veh2984,741.9178603050653,827.4622280156118,27.14144063865157,47.902171386882166,1965
25.0,25.0,veh2986,4044.691819375617,2796.856137125508,29.133168121237627,249.55269624816162,1965
25.0,25.0,veh2988,4307.202284264035,2907.3816431029372,21.66225708377024,249.50852638808033,1965
25.0,25.0,veh2989,655.7027187871133,749.5668044925145,25.840585164154337,47.90217138688226,1965
25.0,25.0,veh2990,616.7070187703204,710.0208552544268,25.868686378921534,47.902725492670506,1965
25.0,25.0,veh2991,4186.037673065341,2852.965943990472,27.384453447001153,249.55291399453867,1965
25.0,25.0,veh2993,4378.136970100143,2933.8910043818205,21.924253172904983,249.50852638808396,1965
25.0,25.0,veh2994,4209.189656859004,2858.1869760130367,29.752313184774643,249.55269624816162,1965
25.0,25.0,veh2995,4329.349282282694,2909.81373267894,23.974923332295372,249.55283281120674,1965
25.0,25.0,veh2996,4321.9004581775325,2903.619994949697,26.254520636731336,249.55291399453867,1965
25.0,25.0,veh2997,485.6482286106084,591.6114748280344,23.439484784982362,47.90272549267094,1965
25.0,25.0,veh2998,534.3124412557852,639.8906279717093,28.302606260447682,47.902171386882166,1965
25.0,25.0,veh3000,4367.587459252269,2924.0702264459205,24.295414057524912,249.55283281120674,1965
25.0,25.0,veh3002,475.0507600686972,586.3476693511775,26.96781722415849,47.9021713868826,1965
25.0,25.0,veh3004,4462.533616359285,2962.020293485808,24.324755713995337,249.5082718117906,1965
25.0,25.0,veh3005,4504.167481897753,2977.579707398648,23.3265482006742,249.5082718117906,1965
25.0,25.0,veh3006,462.3398274886735,579.1799395986458,28.45854599877892,47.90278468712752,1965
25.0,25.0,veh3008,410.8987807582809,524.0766242726241,27.217601850220166,47.90272549267006,1965
25.0,25.0,veh3009,374.06555378968415,490.79843225558113,25.152247167681754,47.90272549267103,1965
25.0,25.0,veh3010,378.3704555437509,498.996965812118,29.42102410949535,47.90217138688173,1965
25.0,25.0,veh3011,4520.181082914914,2974.1360081622533,28.969781045731935,249.55269624816162,1965
25.0,25.0,veh3013,330.029882316628,455.3212337008163,24.8723768630266,47.902171386882166,1965
25.0,25.0,veh3014,280.7898370583671,406.52541391378566,22.51691282605537,47.902725492670506,1965
25.0,25.0,veh3017,4628.979194276598,3024.2243575880116,25.884741848042598,249.5082718117857,1965
25.0,25.0,veh3018,277.8993680220534,412.54147799385333,26.099777115593216,47.902784687127564,1965
25.0,25.0,veh3019,4685.118517943554,3042.456611933305,24.820006246240524,249.55283281120552,1965
25.0,25.0,veh3020,4717.4505310085315,3060.697596487232,21.208215626532564,249.50852638808396,1965
25.0,25.0,veh3023,237.9609687909658,372.1369242381966,28.010987748538724,47.90217138688266,1965
25.0,25.0,veh3024,4756.850532689959,3069.2007483480393,24.4555395113273,249.5528328112104,1965
25.0,25.0,veh3025,4774.785271109354,3069.061805881753,25.775994498827608,249.55269624815674,1965
25.0,25.0,veh3026,175.92493072976637,311.78176053723917,24.660300749805742,47.90272549267077,1965
25.0,25.0,veh3027,4795.978783481943,3080.371764235182,25.835417174929866,249.55291399454356,1965
25.0,25.0,veh3028,145.19338291385972,292.64413405896653,27.143995711181763,47.902784687127564,1965
25.0,25.0,veh3029,135.1875829903372,287.9087271258098,24.35230356737386,47.90253722585662,1965
25.0,25.0,veh3030,4857.367318350904,3109.5775984963275,22.22181891220922,249.50827181178695,1965
25.0,25.0,veh3031,102.72640192348263,250.06817196134665,25.06758680991318,48.39120681968342,1965
25.0,25.0,veh3032,4862.363063843258,3105.1219761312263,28.556287194419365,249.55291399453867,1965
25.0,25.0,veh3033,88.60222398052582,233.2521823514525,25.168458490403854,48.39067652278661,1965
25.0,25.0,veh3034,65.95577675219675,217.41159039365587,26.029808054856883,48.391206819683326,1965
25.0,25.0,veh3035,48.613305429214584,197.73672080292187,24.901992,48.39067652278661,1965
25.0,25.0,veh3036,44.362975627394114,202.51686600651155,29.860722,48.38699640677916,1965
25.0,25.0,veh3037,42.24294333451896,204.90677424235585,28.718964000000003,48.38752625538961,1965
26.0,26.0,veh2594,4697.256460208294,3021.5063486527415,17.16424304454789,69.51704550529945,1966
26.0,26.0,veh2600,4942.590280452154,3113.149724978077,18.8556481271556,69.51704550530069,1966
26.0,26.0,veh2604,4551.097319021817,2966.909240248258,16.7303958173725,69.51704550530069,1966
26.0,26.0,veh2628,155.2054251675478,330.4754587940371,20.59323441424222,227.8366176887914,1966
26.0,26.0,veh2636,423.0271081116931,573.0096183433516,24.397757472187774,227.8366176887913,1966
26.0,26.0,veh2646,271.03563962375324,435.36907085983626,24.94778672695089,227.8366176887914,1966
26.0,26.0,veh2648,543.5994802352883,677.8710985660354,24.157960998676835,227.8366522468939,1966
26.0,26.0,veh2664,167.56084011007556,333.02269912511144,27.069017879328236,227.83635535128016,1966
26.0,26.0,veh2667,4409.683019741053,2914.084546800412,19.391258426524875,69.51704550529945,1966
26.0,26.0,veh2668,527.107565455326,667.2628765928367,21.591727406982855,227.8366176887905,1966
26.0,26.0,veh2669,4955.839855246239,3118.099045735394,22.98909797089101,69.51704550529945,1966
26.0,26.0,veh2673,4645.737727943699,3005.6812888450013,21.582599368744884,69.51723463154048,1966
26.0,26.0,veh2678,51.35886834800929,231.1339612327748,29.31700821608039,227.2439843794616,1966
26.0,26.0,veh2690,4921.679122955827,3108.7569530118453,21.652746810118916,69.51723463153559,1966
26.0,26.0,veh2693,4791.066207995527,3061.5949799935324,25.718158432427707,69.5352479094112,1966
26.0,26.0,veh2698,3745.6287315338236,2666.029969677139,17.711392586430318,69.51704550530252,1966
26.0,26.0,veh2700,4308.720444843175,2881.5914270470544,23.753414867064873,69.53524790941485,1966
26.0,26.0,veh2701,1143.1043213550083,1225.1234104159382,23.982642901073927,227.832180775664,1966
26.0,26.0,veh2702,4899.226786582027,3101.9587396067104,27.128726454717793,69.53524790941849,1966
26.0,26.0,veh2705,144.2682024166786,320.5709204514902,26.247154790978136,227.8366176887905,1966
26.0,26.0,veh2706,4527.700136507008,2963.311067881059,25.464768061222824,69.53524790941849,1966
26.0,26.0,veh2708,4254.9913866840525,2861.5406209574503,24.161423295979546,69.53524790940997,1966
26.0,26.0,veh2712,874.9813812291077,982.2907063429133,22.723213754527574,227.8366176887914,1966
26.0,26.0,veh2713,320.81369604084114,471.8068119284825,30.69822165883265,227.83635535128016,1966
26.0,26.0,veh2714,4792.309691567959,3065.4769934222145,26.68480454039077,69.53524790941083,1966
26.0,26.0,veh2715,3909.8971461710216,2727.391718032907,20.444248476877473,69.51704550530069,1966
26.0,26.0,veh2717,4243.220890118688,2851.9033457995247,22.893830589166093,69.51704550529581,1966
26.0,26.0,veh2718,707.8895419973906,826.6488349718373,29.090545592307716,227.8366522468939,1966
26.0,26.0,veh2720,4137.731275452694,2812.4981612813813,22.06054166867577,69.51704550529945,1966
26.0,26.0,veh2721,517.692618245497,654.4103715879185,25.71158210190622,227.8366522468939,1966
26.0,26.0,veh2724,4931.11936184268,3117.2784929720024,28.476829553883668,69.5352479094157,1966
26.0,26.0,veh2725,761.4468073080697,879.475982146474,28.975111225279363,227.8366176887904,1966
26.0,26.0,veh2726,1000.3263239827263,1095.8062798070039,27.151650221327007,227.83218077566502,1966
26.0,26.0,veh2728,4576.076307855048,2981.3642641270153,26.61802986063672,69.53524790941485,1966
26.0,26.0,veh2729,335.1516398281261,493.431286182687,26.96513050441668,227.8366176887905,1966
26.0,26.0,veh2730,4320.470857387982,2884.180494400848,24.852569209783418,69.51723463154048,1966
26.0,26.0,veh2731,3171.7795526481736,2451.6711169012406,17.748978268023752,69.51704550530252,1966
26.0,26.0,veh2732,857.7360672278343,958.0378480609058,28.014589412889148,227.83635535128113,1966
26.0,26.0,veh2733,1398.5833201215237,1457.6914941262378,24.146004730396513,226.42748622308412,1966
26.0,26.0,veh2734,1183.2210123307843,1257.1375273211456,22.76310689223292,227.83120150731685,1966
26.0,26.0,veh2735,599.5802992835327,732.8927889884325,25.233066967775585,227.8366176887914,1966
26.0,26.0,veh2737,3583.201668349591,2605.356050109035,19.506370356113738,69.51704550530252,1966
26.0,26.0,veh2739,4222.7209663916165,2847.666817515783,24.53254362231716,69.51723463154048,1966
26.0,26.0,veh2740,4546.762135444329,2973.8426599293393,27.28259208507146,69.53524790941206,1966
26.0,26.0,veh2742,3604.8185220641762,2618.906737545477,23.135432376665047,69.53524790941667,1966
26.0,26.0,veh2744,217.10411697580412,377.88854964008124,28.65503544513903,227.83635535128113,1966
26.0,26.0,veh2745,4053.0134422303017,2786.165754220997,25.60968447756278,69.53524790941485,1966
26.0,26.0,veh2747,943.0125092261607,1043.898386014608,24.17816770279208,227.8366176887904,1966
26.0,26.0,veh2748,1040.223220322603,1123.3055968718736,29.539657191110315,227.8324403385203,1966
26.0,26.0,veh2752,3701.9603313293765,2653.1409170845386,22.782455440364565,69.51723463153559,1966
26.0,26.0,veh2753,882.5173817968877,984.7882527804763,25.709678550034106,227.8366522468938,1966
26.0,26.0,veh2754,3528.246332512512,2584.827724588336,22.280605588354483,69.51704550530434,1966
26.0,26.0,veh2755,1527.7612296786565,1580.5878415368798,26.108724765629077,226.42748622308224,1966
26.0,26.0,veh2756,3729.923895518638,2665.5940175732403,24.807126897591562,69.53524790941667,1966
26.0,26.0,veh2758,3631.861872787015,2626.9562079327698,22.923502232813792,69.5172346315374,1966
26.0,26.0,veh2759,3355.3775731967085,2520.2533550655166,21.129389081050498,69.51704550529763,1966
26.0,26.0,veh2761,399.05833778524527,546.9775815718958,29.217797403926735,227.8366522468947,1966
26.0,26.0,veh2762,537.5903433391816,668.1173765118983,28.411524371408763,227.83635535128113,1966
26.0,26.0,veh2764,1259.275435581388,1330.3421095704525,28.606981778197074,227.8321807756659,1966
26.0,26.0,veh2765,4207.359070778668,2843.7650194014145,25.43820132548452,69.53524790941485,1966
26.0,26.0,veh2766,3877.7432604715013,2720.7577878775796,26.40918605413948,69.53524790941485,1966
26.0,26.0,veh2769,671.7684240757399,798.2649649207685,28.464284135912525,227.8366176887904,1966
26.0,26.0,veh2770,3769.2232143266956,2680.2598808485695,25.70337388701588,69.53524790941667,1966
26.0,26.0,veh2771,2725.0824843540895,2284.80937932096,17.430742674075713,69.51704550529763,1966
26.0,26.0,veh2772,4189.718228675802,2840.5997112275672,29.00515427788816,69.53524790941206,1966
26.0,26.0,veh2776,678.412408985055,795.6443013780154,29.20409820290311,227.83635535128028,1966
26.0,26.0,veh2777,3254.2999156773603,2482.4962378571286,20.66251222783353,69.51704550530434,1966
26.0,26.0,veh2780,1164.730231014732,1240.3894501231125,25.837047196140567,227.83120150731506,1966
26.0,26.0,veh2783,3459.345252072225,2559.0900271207183,22.626241749747376,69.51704550529763,1966
26.0,26.0,veh2785,2119.757126938644,2111.305210416752,17.70411979568655,241.19587394105073,1966
26.0,26.0,veh2786,3287.4944410800263,2500.4865784477365,24.56721447579065,69.53524790941485,1966
26.0,26.0,veh2787,3063.2980273732605,2411.1483172512235,22.29614165922506,69.51704550530252,1966
26.0,26.0,veh2789,2894.695094402856,2348.1674285160157,19.626588474782427,69.51704550529763,1966
26.0,26.0,veh2790,3028.671316055724,2398.213660573936,20.392346658772087,69.51704550529763,1966
26.0,26.0,veh2791,1900.8942379059522,1924.948067192891,21.09288697934434,228.4215462322436,1966
26.0,26.0,veh2792,1037.908537784036,1125.5203446857442,27.588290466662336,227.83120150731506,1966
26.0,26.0,veh2793,3234.2782117002507,2480.6271516743564,25.350104700894192,69.53524790940997,1966
26.0,26.0,veh2794,4269.784964884167,2870.4793081709367,32.272014061013614,69.53524790941206,1966
26.0,26.0,veh2795,4144.441340022226,2827.1158892993853,32.197802644987185,69.5355470131418,1966
26.0,26.0,veh2799,1839.2457438982153,1870.255416577865,22.397400541895088,228.42154623224164,1966
26.0,26.0,veh2800,1865.1092968922133,1893.2007665062251,22.37170048127564,228.4215462322436,1966
26.0,26.0,veh2801,1923.0893671356087,1944.6389042174028,19.795189411336086,227.88001641741556,1966
26.0,26.0,veh2802,1744.3409384106562,1780.5187230681097,23.140584723261828,227.8220047600096,1966
26.0,26.0,veh2803,2040.6516570718006,2050.8573673495257,20.81719208445426,229.71076956222737,1966
26.0,26.0,veh2806,3025.8282026521906,2402.837016242971,24.4549543474725,69.53524790941485,1966
26.0,26.0,veh2807,2539.4233573720335,2248.2965713126146,16.814545047081253,250.29797470206768,1966
26.0,26.0,veh2810,3070.5427456537323,2419.523752653908,26.255162350127364,69.53524790941485,1966
26.0,26.0,veh2811,1569.4636340165312,1615.8421698337318,24.942578236143703,226.42844698292348,1966
26.0,26.0,veh2813,1094.2656830852197,1172.2525824974969,30.359020750781376,227.83244033851838,1966
26.0,26.0,veh2814,2792.9986282465234,2310.1791580457734,21.315895856366392,69.51704550530252,1966
26.0,26.0,veh2816,1474.6616674123293,1530.0703631691922,26.30014613924675,226.42748622308412,1966
26.0,26.0,veh2818,2206.0480201372716,2152.9778117867363,20.981604963448618,247.67360158777697,1966
26.0,26.0,veh2821,1522.9370932678528,1571.579571543595,26.876394337916892,226.42844698292348,1966
26.0,26.0,veh2822,1652.2085611031825,1698.9826426540303,26.036056162693633,229.1362957741336,1966
26.0,26.0,veh2823,2846.8855199988952,2336.058532607378,25.73715673323087,69.53524790940997,1966
26.0,26.0,veh2824,1757.406572969456,1788.0387797577548,25.5747137810826,227.82200476001154,1966
26.0,26.0,veh2825,1952.3633058054322,1972.7254158911148,21.762895246251322,225.9479305354438,1966
26.0,26.0,veh2826,1275.7563267385246,1340.9516486800771,30.794647988356473,227.83120150731685,1966
26.0,26.0,veh2828,2712.236527616799,2285.8097300242707,24.573278924361766,69.53524790941304,1966
26.0,26.0,veh2830,2584.336829218532,2230.14617784197,21.27344781455659,67.93728067657476,1966
26.0,26.0,veh2831,2196.1694184492585,2104.1097583770825,22.23412953545067,247.0384850024913,1966
26.0,26.0,veh2832,2210.337545012049,2113.5866386422254,21.632091205936927,247.0387737675157,1966
26.0,26.0,veh2833,2685.3983294931772,2279.212118950882,26.322065513750807,69.53524790940901,1966
26.0,26.0,veh2834,3006.350162468235,2398.986095781579,28.210639665470854,69.5352479094157,1966
26.0,26.0,veh2835,3053.6702981423055,2416.645196779117,29.18826003986771,69.53524790941388,1966
26.0,26.0,veh2839,2643.860612032994,2254.2711751992597,23.121945797452902,67.93728067657278,1966
26.0,26.0,veh2841,2749.448570853322,2303.114621870274,27.431775283083223,69.5352479094157,1966
26.0,26.0,veh2842,2173.7053578792634,2029.4620292104396,17.68930465606992,62.414717097202065,1966
26.0,26.0,veh2843,1729.1235611199752,1762.4161624450467,27.791355358093437,227.82296541795696,1966
26.0,26.0,veh2845,3073.8501763125214,2427.595137258503,32.5680384314164,69.53554701313998,1966
26.0,26.0,veh2847,2334.8667382142125,2112.94125298929,20.6615458305199,63.18260622858199,1966
26.0,26.0,veh2848,1871.2633221880312,1862.864366907188,20.377508773302516,51.29087556911964,1966
26.0,26.0,veh2849,1689.01813495951,1726.0800639111167,29.232292378934574,227.8229654179589,1966
26.0,26.0,veh2850,2174.6293829483543,2136.6188354451806,23.552259438758842,247.6714466780621,1966
26.0,26.0,veh2851,2390.061879704876,2201.7138110894693,22.140965235382094,255.24031491675237,1966
26.0,26.0,veh2852,2210.903718093912,2151.517146842809,24.296914980375245,247.6714466780601,1966
26.0,26.0,veh2853,2486.3746856500015,2201.107199255129,26.121446720208393,69.40478044079691,1966
26.0,26.0,veh2854,2179.7489588316835,2076.501846624151,24.108648180753775,61.03446052057696,1966
26.0,26.0,veh2856,1655.9675752687722,1698.1459294643255,30.7672520414553,237.3476899947591,1966
26.0,26.0,veh2857,2310.6645325804093,2156.824121837007,24.591156114614773,246.42181389886898,1966
26.0,26.0,veh2858,2529.5333104902734,2217.3253503028054,28.481043957071993,69.40478044079691,1966
26.0,26.0,veh2860,1663.6291844606583,1650.674634279665,14.853679638122632,49.907426845121655,1966
26.0,26.0,veh2861,2428.621402870041,2179.404666630629,27.009131006971504,69.4047804408018,1966
26.0,26.0,veh2863,1937.8528219241034,1876.7061204695488,19.408834041377258,53.365976334428176,1966
26.0,26.0,veh2866,2128.0460544012353,2046.7664851716486,25.46461325435673,60.01018258152782,1966
26.0,26.0,veh2869,1836.8072373988475,1857.4487813545495,30.935463031206343,231.41040469158855,1966
26.0,26.0,veh2870,2770.979768974969,2333.3016652309125,21.53652293927358,249.5159794885299,1966
26.0,26.0,veh2873,1925.2895412978428,1871.354620393683,19.682240869779577,53.36912888366435,1966
26.0,26.0,veh2874,1800.1745220523462,1806.9964918003063,22.26672595857016,46.6685537639581,1966
26.0,26.0,veh2875,1788.1706167346497,1791.2805195586943,22.021775211313063,46.66812107751967,1966
26.0,26.0,veh2876,2116.3281022279334,2043.69677982737,26.34820110498682,60.011472049339105,1966
26.0,26.0,veh2878,2351.999283339636,2173.634323365276,24.582624002510304,249.73707028904224,1966
26.0,26.0,veh2880,2249.106936158577,2110.072887171491,28.817196171468602,66.54958202658831,1966
26.0,26.0,veh2881,2669.673152725768,2291.029986396772,23.434993036437998,249.55283281120367,1966
26.0,26.0,veh2882,1963.8241718680354,1937.0437952994178,25.654860001247087,51.290875569121276,1966
26.0,26.0,veh2883,2639.377156037202,2279.7346077415955,24.332764070205627,249.55283281120185,1966
26.0,26.0,veh2884,1808.5879713188044,1819.3345915838504,23.8815602660052,46.66805465855454,1966
26.0,26.0,veh2885,2889.69807549204,2377.650886815302,22.719882885904262,249.51597948853293,1966
26.0,26.0,veh2886,1636.5853359610517,1632.0919798102163,17.801487526907792,49.907138981441754,1966
26.0,26.0,veh2887,2642.4147389727245,2277.4532699290085,25.597202457256902,249.55291399453682,1966
26.0,26.0,veh2888,1742.8998327074116,1748.5719096259966,23.503102177520287,46.66812107751967,1966
26.0,26.0,veh2891,2305.8979015048644,2151.251450861904,29.36886379498743,246.42409666933028,1966
26.0,26.0,veh2894,1720.5794722327457,1698.6186143275347,20.001389928587397,49.90742684512333,1966
26.0,26.0,veh2895,3327.7235933700267,2541.3356928626135,18.50554469612624,249.50852638808217,1966
26.0,26.0,veh2896,1951.6517782885603,1931.385731381601,27.572403769919557,51.289784463403585,1966
26.0,26.0,veh2898,2213.976408944002,2108.1780604333753,32.611321643912916,247.0406544624798,1966
26.0,26.0,veh2900,1658.952789968841,1650.922362349318,21.819302211842686,49.90713898144543,1966
26.0,26.0,veh2902,1700.7048645469165,1686.0719835727475,22.19073746140328,49.90713898144344,1966
26.0,26.0,veh2903,3624.416726682888,2652.2143887678394,16.61081816095251,249.50852638808396,1966
26.0,26.0,veh2904,1775.011362896183,1787.6582326883606,26.143985153790872,46.668054658554645,1966
26.0,26.0,veh2908,3366.2872692601513,2555.747519804021,19.6752749006422,249.50852638808885,1966
26.0,26.0,veh2909,3516.5393419461943,2611.8989840811464,18.21244211240083,249.50852638808396,1966
26.0,26.0,veh2911,1658.9863956702804,1669.407690858004,26.9529375221103,46.66812107752146,1966
26.0,26.0,veh2912,1467.1126913994435,1480.316096625622,31.15968522909858,44.18753559879932,1966
26.0,26.0,veh2913,3545.143163933256,2622.5886634964304,18.699876850229792,249.50852638808396,1966
26.0,26.0,veh2914,2679.0148975955285,2287.6815939004664,27.823542547706094,249.55269624815674,1966
26.0,26.0,veh2916,1371.0409328288627,1395.9066912322498,21.897520540392406,47.89906525851499,1966
26.0,26.0,veh2917,1356.6283900113474,1369.9443549845464,23.641965303819703,47.89906525851499,1966
26.0,26.0,veh2918,1307.591252424587,1328.6887902284072,23.482706664094103,90.83252514276381,1966
26.0,26.0,veh2920,3069.1945266308257,2439.9851518426767,25.86596260953407,249.55283281120674,1966
26.0,26.0,veh2921,2802.381627670576,2340.5082224377184,29.761339642015123,249.55283281120674,1966
26.0,26.0,veh2922,1280.3953203058734,1309.6819519685523,21.754190975820507,47.895922257154396,1966
26.0,26.0,veh2924,2998.577833917685,2413.656845440656,28.08663724884661,249.55283281120185,1966
26.0,26.0,veh2925,1487.7447283429951,1507.8577258804703,26.62286723182135,46.66812107752146,1966
26.0,26.0,veh2927,3342.5710818774824,2541.90923569776,23.225601012103073,249.55283281120367,1966
26.0,26.0,veh2928,3542.5268759029154,2618.1952488442635,25.42379500962788,249.5082718117906,1966
26.0,26.0,veh2929,3139.878462364924,2466.3385287314495,27.468874983179482,249.55283281120856,1966
26.0,26.0,veh2932,3740.7909084526336,2695.705174576018,18.024478254654973,249.50852638808396,1966
26.0,26.0,veh2934,3046.1209022085545,2427.968015730917,30.718318292065604,249.55291399453682,1966
26.0,26.0,veh2938,1255.693983861895,1287.359388272625,21.04476914696823,47.895922257156144,1966
26.0,26.0,veh2939,1232.649678095092,1266.5342809155984,20.145915349048767,47.895922257154396,1966
26.0,26.0,veh2941,1332.086092058949,1352.0745728405898,24.877747844988786,47.894994483270004,1966
26.0,26.0,veh2942,3732.043160185335,2689.0213004788197,21.344897221581704,249.50827181178877,1966
26.0,26.0,veh2943,1161.7896155860951,1206.8183816023043,25.157890587353943,47.899667054048464,1966
26.0,26.0,veh2945,3623.4901235318484,2646.645415185556,23.41865057984397,249.55283281120185,1966
26.0,26.0,veh2946,3488.1652620694713,2596.1917012051304,25.968702804965346,249.55283281120552,1966
26.0,26.0,veh2947,1075.7602197380393,1124.7675887096937,23.687967167407372,47.902725492672154,1966
26.0,26.0,veh2948,3762.1117247592365,2700.2585285363016,20.296178524405715,249.5082718117857,1966
26.0,26.0,veh2949,3580.529053831818,2630.628066270397,25.34828593928242,249.55283281120856,1966
26.0,26.0,veh2950,3580.7137417103067,2627.281557788789,28.022223958564677,249.55291399453867,1966
26.0,26.0,veh2951,3791.914636215025,2711.3964766742156,20.93332095193128,249.5082718117857,1966
26.0,26.0,veh2952,3633.486580610712,2646.9569830254836,26.593920890617685,249.55291399453682,1966
26.0,26.0,veh2953,3558.647794185073,2615.6410630719192,29.104782405826175,249.55269624815855,1966
26.0,26.0,veh2954,3663.4151395694216,2661.5308199667293,24.37947300729201,249.55283281120674,1966
26.0,26.0,veh2957,3855.566896813564,2735.18460819483,22.589806829021953,249.5082718117857,1966
26.0,26.0,veh2960,897.2187248737196,963.4583948622378,22.93866712317607,47.902725492670406,1966
26.0,26.0,veh2962,1128.8404854517107,1181.3506597471874,30.391648966797966,47.90278468712462,1966
26.0,26.0,veh2963,4008.6051685313146,2790.2294109124896,21.191342196319834,249.55283281120367,1966
26.0,26.0,veh2964,3960.5794247452577,2777.8434559354746,21.965878468433544,249.50852638807729,1966
26.0,26.0,veh2965,863.2203096610955,932.7414068914181,23.87817718168948,47.902725492669624,1966
26.0,26.0,veh2966,3677.492754605016,2659.9508317085215,29.001553521700593,249.55269624815674,1966
26.0,26.0,veh2968,900.6056854997148,970.8367575223872,25.480532437155258,47.902171386882166,1966
26.0,26.0,veh2969,1108.0430174973249,1153.9345455879711,32.317795354700245,47.90272549267234,1966
26.0,26.0,veh2970,836.9121018617124,908.9723900871462,23.25510083078466,47.902725492670506,1966
26.0,26.0,veh2971,3812.528221533227,2717.1252518164392,28.477452307051898,249.55283281120185,1966
26.0,26.0,veh2972,872.5655729561098,945.5025018016028,26.242742784646907,47.902171386882166,1966
26.0,26.0,veh2973,4133.6490339885395,2842.522177547433,20.498751413550295,249.50852638808396,1966
26.0,26.0,veh2975,3889.0016901758627,2745.6371636136614,27.28366853512043,249.55283281120674,1966
26.0,26.0,veh2976,991.5527447984491,1057.3137864612713,32.208667221250536,47.90278468712936,1966
26.0,26.0,veh2977,4181.897154052088,2860.5532272478104,20.485064796504066,249.50852638808033,1966
26.0,26.0,veh2978,4061.83828698518,2806.660386317605,23.9584051171795,249.55291399453682,1966
26.0,26.0,veh2979,4181.03835120388,2856.819844562542,23.201166853401062,249.5082718117906,1966
26.0,26.0,veh2980,765.1535349858824,844.1397494554242,26.585124100763004,47.902725492670506,1966
26.0,26.0,veh2981,4089.4566010195485,2820.3735766303553,23.567331762659595,249.55283281120674,1966
26.0,26.0,veh2983,4240.176051440974,2882.332929626228,20.874975673135786,249.50852638808885,1966
26.0,26.0,veh2984,762.6035927280574,846.1517976156211,27.878133511923682,47.90217138688305,1966
26.0,26.0,veh2986,4017.034693759859,2786.5445443338795,29.525598495100947,249.55269624816162,1966
26.0,26.0,veh2988,4286.469752219822,2899.6335833814082,22.13133195115661,249.50852638808033,1966
26.0,26.0,veh2989,675.2674978763291,767.2435921942777,26.367426225344108,47.902171386882166,1966
26.0,26.0,veh2990,635.1816089920862,726.7123322558928,24.89754724669006,47.902725492670406,1966
26.0,26.0,veh2991,4159.553621256439,2843.0918308635623,28.264825617802426,249.55291399453867,1966
26.0,26.0,veh2993,4358.706726172245,2926.629629358443,20.741179965052552,249.50852638808396,1966
26.0,26.0,veh2994,4180.900338301148,2847.6396784603553,30.20050142026895,249.55269624815674,1966
26.0,26.0,veh2995,4306.949454614731,2901.4623145717474,23.89891146778035,249.55283281120674,1966
26.0,26.0,veh2996,4297.883026917916,2894.6655179313602,25.6323507912965,249.55291399453503,1966
26.0,26.0,veh2997,502.9114131153334,607.2084674364658,23.26497890753412,47.90272549267094,1966
26.0,26.0,veh2998,555.252267497604,658.8097714642349,28.220575406702153,47.90217138688129,1966
26.0,26.0,veh3000,4345.738190849055,2912.5074745085662,24.696733910864246,249.55291399453503,1966
26.0,26.0,veh3002,494.75803103184927,604.1531985323775,26.5594623304592,47.902171386882166,1966
26.0,26.0,veh3004,4439.671823138,2953.4763810020854,24.407975655770652,249.5082718117906,1966
26.0,26.0,veh3005,4482.621108075985,2969.5273936324925,23.003592177634903,249.5082718117906,1966
26.0,26.0,veh3006,482.79572926730395,597.6614593963484,27.56847619997969,47.90278468712752,1966
26.0,26.0,veh3008,431.1434621052198,542.3673483995562,27.283036012119776,47.902725492670506,1966
26.0,26.0,veh3009,392.9078958570901,507.82216677399686,25.393153311126344,47.90272549267098,1966
26.0,26.0,veh3010,399.6321224762115,518.2068925297606,28.654319668679975,47.902171386882166,1966
26.0,26.0,veh3011,4493.056735804633,2964.023054776358,28.956826293025944,249.55269624816162,1966
26.0,26.0,veh3013,348.7687413298762,472.2518022004648,25.25433485989606,47.902171386882166,1966
26.0,26.0,veh3014,297.0512595685831,421.2173316549764,21.914939946516128,47.902725492670506,1966
26.0,26.0,veh3017,4605.130659949155,3015.3116800833873,25.461451761714546,249.5082718117857,1966
26.0,26.0,veh3018,297.0214510964371,429.8179178563935,25.77088499128867,47.90278468712709,1966
26.0,26.0,veh3019,4662.304437830106,3033.950746415826,24.340887302001654,249.55283281120552,1966
26.0,26.0,veh3020,4697.0171795495935,3053.0613450598994,21.81196599855868,249.50852638808396,1966
26.0,26.0,veh3023,257.00957233046745,393.66794326426594,28.55014823291695,47.90278468712752,1966
26.0,26.0,veh3024,4733.405100035962,3060.4594931160805,25.014492416076028,249.5528328112104,1966
26.0,26.0,veh3025,4750.05310381419,3059.8407450403165,26.40303448795818,249.55269624816162,1966
26.0,26.0,veh3026,194.33321683431197,328.4133329002585,24.808191549414754,47.902725492670506,1966
26.0,26.0,veh3027,4771.826758524713,3071.36710632285,25.775994498827608,249.55291399453867,1966
26.0,26.0,veh3028,165.1963686890617,310.71645282634336,26.95808003186014,47.902784687127564,1966
26.0,26.0,veh3029,153.85367876168948,304.7733375243288,25.156867485175574,47.90253722585662,1966
26.0,26.0,veh3030,4837.016058319896,3101.9719228192102,21.727650783693626,249.5082718117906,1966
26.0,26.0,veh3031,120.90348500431462,266.37542903482046,24.420000840215497,47.902171386882536,1966
26.0,26.0,veh3032,4834.990058585442,3094.9164323387045,29.213551832250033,249.55291399454356,1966
26.0,26.0,veh3033,107.34543278043756,249.8986368079589,25.06758680991318,48.39067652278661,1966
26.0,26.0,veh3034,85.94977626800875,235.16858182393378,26.740648606598544,48.39120681968339,1966
26.0,26.0,veh3035,66.94328440224983,214.01617238566195,24.514923993836536,48.39067652278655,1966
26.0,26.0,veh3036,66.67804877478119,222.33817357866516,29.847259508829495,48.38699640677916,1966
26.0,26.0,veh3037,62.98858159769476,223.3336920186778,27.748315634369234,48.387526255389474,1966
26.0,26.0,veh3038,4942.769902744917,3138.5178170581494,27.435528,249.55283281120674,1966
27.0,27.0,veh2594,4714.061137048799,3027.783662241994,17.939950186486513,69.51704550529581,1967
27.0,27.0,veh2604,4567.591767227966,2973.070669286995,17.608763440104685,69.51704550529581,1967
27.0,27.0,veh2628,138.91941651324805,315.7271629205949,21.972159735925953,227.83661768878966,1967
27.0,27.0,veh2636,405.7842718322978,557.3948377949755,23.263057331807474,227.8366176887904,1967
27.0,27.0,veh2646,252.47886705593908,418.5644149066392,25.035745694240777,227.8366176887904,1967
27.0,27.0,veh2648,526.0479975338449,661.9768330281263,23.678922874655953,227.8366522468939,1967
27.0,27.0,veh2664,147.0448348505347,314.4436287976979,27.677990136564254,227.83635535128016,1967
27.0,27.0,veh2667,4427.665359864502,2920.801771362054,19.197172853306114,69.51704550530434,1967
27.0,27.0,veh2668,511.13142911097435,652.7951951171339,21.55409757984761,227.83661768879185,1967
27.0,27.0,veh2673,4665.351111853934,3013.0077089097326,20.935766389297676,69.51723463153559,1967
27.0,27.0,veh2690,4944.037938158696,3117.108906610247,23.8663013976135,69.51723463154048,1967
27.0,27.0,veh2693,4814.836713131004,3070.4657438865424,25.380151428404176,69.53524790941485,1967
27.0,27.0,veh2698,3762.354161972932,2672.2776811194954,17.855350136928042,69.51704550529581,1967
27.0,27.0,veh2700,4331.001639185907,2889.9064045009272,23.789990292644084,69.53524790940997,1967
27.0,27.0,veh2701,1125.16858717405,1208.8786267494575,24.19957302188479,227.83218077566787,1967
27.0,27.0,veh2702,4923.687545731977,3111.087095012972,26.117146764077003,69.5352479094112,1967
27.0,27.0,veh2705,124.3043790218386,302.4920663600975,26.934058914147506,227.8366176887913,1967
27.0,27.0,veh2706,4551.234030339448,2972.0935323041294,25.127517726825864,69.53524790941849,1967
27.0,27.0,veh2708,4277.481967857292,2869.933738153207,24.013555986141945,69.53524790941485,1967
27.0,27.0,veh2712,858.9637726024862,967.7854683668766,21.61004963231117,227.8366176887914,1967
27.0,27.0,veh2713,298.59677198310976,451.68740811153134,29.97268703899931,227.83635535128028,1967
27.0,27.0,veh2714,4817.196446182004,3074.764323371084,26.56328012112776,69.5352479094157,1967
27.0,27.0,veh2715,3929.8625581704055,2734.8497104268267,21.31421509149637,69.51704550529581,1967
27.0,27.0,veh2717,4264.244183023366,2859.7565049821683,22.44356324405707,69.51704550530069,1967
27.0,27.0,veh2718,686.9342015033149,807.6721050900509,28.271109615745626,227.8366522468939,1967
27.0,27.0,veh2720,4159.230330526363,2820.5290393429423,22.95146647202962,69.51704550530434,1967
27.0,27.0,veh2721,498.7060187264347,637.2164934665506,25.615056762519792,227.83665224689304,1967
27.0,27.0,veh2725,740.7290444902312,860.7143750296433,27.951231248080113,227.8366176887904,1967
27.0,27.0,veh2726,980.2995380825648,1077.6675852210615,27.020899333974967,227.83218077566787,1967
27.0,27.0,veh2728,4601.44761897261,2990.832422640992,27.089357774724753,69.53524790941485,1967
27.0,27.0,veh2729,314.83956523639915,475.037062512474,27.403899689051702,227.8366176887905,1967
27.0,27.0,veh2730,4343.985924257212,2892.964356406645,25.10051038903099,69.51723463153924,1967
27.0,27.0,veh2731,3187.4854640342173,2457.5379914571126,16.76695544777362,69.51704550530434,1967
27.0,27.0,veh2732,836.7783869997562,939.0588017050939,28.273850552278272,227.83635535128113,1967
27.0,27.0,veh2733,1380.2494157371525,1440.2491164756018,25.306278129158148,226.42748622308224,1967
27.0,27.0,veh2734,1165.151355523315,1240.7708848315317,24.380098460187636,227.83120150731318,1967
27.0,27.0,veh2735,580.2670133873978,715.4030491306944,26.056390595336914,227.8366176887904,1967
27.0,27.0,veh2737,3602.0873516157603,2612.410714553596,20.161543137573723,69.51704550530252,1967
27.0,27.0,veh2739,4245.066498601409,2856.013809360137,23.852122832542655,69.51723463154048,1967
27.0,27.0,veh2740,4573.235407669379,2983.722052312689,28.256675357741855,69.5352479094157,1967
27.0,27.0,veh2742,3626.5621261359215,2627.021095099271,23.215996496285296,69.53524790941485,1967
27.0,27.0,veh2744,195.1118602614423,357.9726021159088,29.669589996708776,227.83635535128113,1967
27.0,27.0,veh2745,4076.3572861806247,2794.8772951351834,24.924598404767686,69.53524790941485,1967
27.0,27.0,veh2747,924.5884284185672,1027.213893164676,24.856725492723157,227.8366176887904,1967
27.0,27.0,veh2748,1018.6743650736237,1103.7885087489012,29.073199458855676,227.83244033851838,1967
27.0,27.0,veh2752,3724.2085735881183,2661.451567058834,23.748273354219993,69.51723463154048,1967
27.0,27.0,veh2753,863.342043128681,967.4234563267415,25.869687088175954,227.8366522468938,1967
27.0,27.0,veh2754,3548.6644068200653,2592.4548070091205,21.79745790163459,69.51704550529763,1967
27.0,27.0,veh2755,1509.003712449895,1562.7424501552564,25.890990705076174,226.42748622308224,1967
27.0,27.0,veh2756,3753.84339872236,2674.520385109353,25.539239067183274,69.53524790941667,1967
27.0,27.0,veh2758,3652.93977706611,2634.829687671891,22.499028315702038,69.5172346315423,1967
27.0,27.0,veh2759,3373.969044268299,2527.1981178306414,19.84745485339579,69.51704550529763,1967
27.0,27.0,veh2761,377.13399390009056,527.1233419396838,29.578404102083066,227.8366522468949,1967
27.0,27.0,veh2762,516.741066889482,649.2364994340123,28.127603820969256,227.83635535128295,1967
27.0,27.0,veh2764,1238.2313428331636,1311.2820180959034,28.393488329049283,227.8321807756659,1967
27.0,27.0,veh2765,4232.613275416812,2853.1894756918446,26.96432129931452,69.53524790940997,1967
27.0,27.0,veh2766,3903.0485602330027,2730.2013120326933,27.018876385993405,69.53524790940997,1967
27.0,27.0,veh2769,651.0604797048424,779.5122492004472,27.937984756006838,227.8366176887914,1967
27.0,27.0,veh2770,3793.9980911301054,2689.5054598275983,26.45253524512369,69.53524790941667,1967
27.0,27.0,veh2771,2741.026805016627,2290.765310620103,17.021470936817764,69.51704550529763,1967
27.0,27.0,veh2772,4217.512173504874,2850.9719570350862,29.66631662567708,69.5352479094157,1967
27.0,27.0,veh2776,656.8916967634252,776.1553793971757,29.033432828015936,227.8363553512793,1967
27.0,27.0,veh2777,3273.784724590394,2489.7747030686087,20.80114390837148,69.51704550529945,1967
27.0,27.0,veh2780,1146.0516325726296,1223.471257034765,25.201699953068104,227.83120150731685,1967
27.0,27.0,veh2783,3480.4055800342053,2566.9570205871564,22.48310027826922,69.51704550529763,1967
27.0,27.0,veh2785,2103.5243715027004,2102.2584160901442,18.575791894956478,239.9802049602292,1967
27.0,27.0,veh2786,3310.604077145915,2509.1107168085127,24.67453087196653,69.5352479094118,1967
27.0,27.0,veh2787,3084.3790336710385,2419.023035019625,22.50517558014365,69.51704550530252,1967
27.0,27.0,veh2789,2913.12610689387,2355.052252679647,19.67615617447091,69.51704550530252,1967
27.0,27.0,veh2790,3048.5376168661114,2405.6346304163694,21.20840824912791,69.51704550530069,1967
27.0,27.0,veh2791,1885.7914568432802,1911.549343651124,20.194242023771668,228.42154623224533,1967
27.0,27.0,veh2792,1017.1215333748129,1106.6924569609955,28.04642166638824,227.83120150731597,1967
27.0,27.0,veh2793,3257.7872231314504,2489.400330392086,25.100950386006485,69.53524790941485,1967
27.0,27.0,veh2794,4300.123606463391,2881.801193202412,32.3824398665702,69.5352479094157,1967
27.0,27.0,veh2795,4174.466964926265,2838.3207830522833,32.037675878587706,69.53554701314668,1967
27.0,27.0,veh2799,1822.8827918915708,1855.7387080753422,21.87924274836017,228.42154623224337,1967
27.0,27.0,veh2800,1849.156416326664,1879.0478607926593,21.330927713258735,228.4215462322436,1967
27.0,27.0,veh2801,1907.287121424635,1930.619637120714,21.12951072271281,228.4215462322436,1967
27.0,27.0,veh2802,1727.8718842354453,1765.6000562335935,22.221355922782504,227.8229654179589,1967
27.0,27.0,veh2803,2025.0711152380763,2037.6491410258855,20.430432288390843,229.71076956222907,1967
27.0,27.0,veh2806,3049.8105971959035,2411.786853798959,25.606389164474656,69.53524790941485,1967
27.0,27.0,veh2807,2523.7816866493354,2242.6954185760583,16.613031559026048,250.29797470206094,1967
27.0,27.0,veh2810,3095.359535686964,2428.784972965068,26.497286676095687,69.53524790941485,1967
27.0,27.0,veh2811,1548.6508636939532,1600.4616708009278,25.6747887340045,226.42748622308224,1967
27.0,27.0,veh2813,1071.9480539439242,1152.0392055169675,30.110410784089794,227.83244033851662,1967
27.0,27.0,veh2814,2812.1241921331507,2317.323428847713,20.417629370148195,69.51704550529763,1967
27.0,27.0,veh2816,1455.2665323513022,1511.618359535536,26.77109424795151,226.42748622308224,1967
27.0,27.0,veh2818,2187.101655624429,2145.1971418115327,20.480229217746082,247.67360158777896,1967
27.0,27.0,veh2821,1503.541434491069,1553.1276892588858,26.7707910947857,226.42844698292348,1967
27.0,27.0,veh2822,1633.3191069842062,1681.0127331127514,26.072411772186964,226.42748622308224,1967
27.0,27.0,veh2823,2870.645901594937,2344.9255185609804,25.3693423621945,69.53524790941485,1967
27.0,27.0,veh2824,1738.606447605386,1771.0067493492281,25.368377229666866,227.83669707612458,1967
27.0,27.0,veh2825,1936.9583918255785,1957.8219843602492,21.43910243830758,225.9479305354438,1967
27.0,27.0,veh2826,1252.6129493213175,1319.9894694740474,31.225707612750874,227.83120150731506,1967
27.0,27.0,veh2828,2736.0719694093855,2294.704727216066,25.449485343745874,69.53524790941485,1967
27.0,27.0,veh2830,2604.3282901632874,2238.2487197110563,21.572378381291223,67.93728067657278,1967
27.0,27.0,veh2831,2175.9669454915083,2095.550327609269,21.94087773461088,247.0384850024913,1967
27.0,27.0,veh2832,2189.8589450041363,2104.910339459813,22.23412953545067,247.03877376751294,1967
27.0,27.0,veh2833,2709.8584477380386,2288.340235181842,26.107902890939535,69.5352479094157,1967
27.0,27.0,veh2834,3033.0988874516693,2408.968282630986,28.55068431530094,69.5352479094157,1967
27.0,27.0,veh2835,3080.9174909033113,2426.813403653673,29.08273196122038,69.5352479094157,1967
27.0,27.0,veh2839,2665.279987247107,2262.470417892314,22.938297948926888,69.51704550529763,1967
27.0,27.0,veh2841,2774.947395669795,2312.630366411965,27.21658315292177,69.5352479094157,1967
27.0,27.0,veh2842,2189.7937605161596,2037.8675816233476,18.159976081201066,62.41471709719964,1967
27.0,27.0,veh2843,1707.8357558008267,1743.1291016729508,28.724975282681566,227.8229654179589,1967
27.0,27.0,veh2845,3104.360920842001,2438.981066839228,32.55530391703466,69.53554701314485,1967
27.0,27.0,veh2847,2353.1587035001344,2122.1881605823824,20.49764597713671,63.18260622857735,1967
27.0,27.0,veh2848,1887.0569907765985,1875.5216114351551,20.24638445954476,51.29087556912168,1967
27.0,27.0,veh2849,1667.4171976431448,1706.5093010020712,29.147503990804317,227.8229654179589,1967
27.0,27.0,veh2850,2152.858249880767,2125.855258335302,24.325259868376083,241.1899490701965,1967
27.0,27.0,veh2851,2367.489527701809,2196.923059082039,23.09981166863326,260.7218441871088,1967
27.0,27.0,veh2852,2188.797323306289,2142.437781167233,23.900065726890034,247.6714466780621,1967
27.0,27.0,veh2853,2511.6726163207113,2210.613657404101,27.034051125473695,69.4047804407951,1967
27.0,27.0,veh2854,2201.6874785705063,2086.017625578287,23.921245645454004,66.55132982553054,1967
27.0,27.0,veh2856,1632.9839073706767,1676.2715999506502,31.72935187312303,226.42844698292348,1967
27.0,27.0,veh2857,2288.4507179195866,2147.1292147798667,24.230038987170175,246.4218138988648,1967
27.0,27.0,veh2858,2556.208239300377,2227.349256908481,28.505548481704352,69.40478044079691,1967
27.0,27.0,veh2860,1674.4651469795474,1659.7969616835962,14.170899896090342,49.90742684512333,1967
27.0,27.0,veh2861,2454.6852816234114,2189.198952803437,27.852563908026124,69.4047804408018,1967
27.0,27.0,veh2863,1952.4402025654176,1887.5531114336918,18.186381309597483,53.365976334428176,1967
27.0,27.0,veh2866,2149.462432030155,2059.1261622686943,24.735121888073696,60.01018258152782,1967
27.0,27.0,veh2869,1812.462487017567,1837.9159448091011,31.212149833200563,230.4617984933735,1967
27.0,27.0,veh2870,2751.3678633647437,2325.9753077960972,20.934080653249712,249.5159794885299,1967
27.0,27.0,veh2873,1940.8044653484055,1882.8899952304769,19.324585916287703,53.36912888366226,1967
27.0,27.0,veh2874,1816.5505219285592,1822.4454314362542,22.51322095232389,46.6685537639581,1967
27.0,27.0,veh2875,1804.3618936759858,1806.5554246892027,22.26672595857016,46.66812107751967,1967
27.0,27.0,veh2876,2138.873656670573,2056.7074435369764,26.030406876432117,60.01147204934136,1967
27.0,27.0,veh2878,2329.622266229997,2161.604491008713,26.00039777043405,246.42409666933028,1967
27.0,27.0,veh2880,2275.964149150625,2121.7231106450686,29.275262512353727,66.54958202658831,1967
27.0,27.0,veh2881,2647.2867362715724,2282.6835684465073,23.884602723299476,249.55283281120856,1967
27.0,27.0,veh2882,1983.6924856387807,1952.9665116932986,25.46979613441852,51.290875569121276,1967
27.0,27.0,veh2883,2616.256796263547,2271.191822714617,24.640794345135106,249.73707028904403,1967
27.0,27.0,veh2884,1826.891551707487,1835.5006051526154,24.431652393179338,51.28907736305333,1967
27.0,27.0,veh2885,2869.3678002923084,2370.0561703292233,21.700880536159712,249.51597948852805,1967
27.0,27.0,veh2886,1650.3007538355937,1643.6385136790832,17.920501137017478,49.90713898144344,1967
27.0,27.0,veh2887,2619.176212668556,2268.8598156045873,24.77650792824785,249.73707028904334,1967
27.0,27.0,veh2888,1760.0096919203238,1764.7134083614276,23.52998763865233,46.66812107752157,1967
27.0,27.0,veh2891,2278.5807611407668,2139.330564711224,29.804876013367778,246.42409666933028,1967
27.0,27.0,veh2894,1736.2450235576684,1711.8067633175224,20.486870386969912,49.90742684512333,1967
27.0,27.0,veh2895,3310.5483089685977,2534.9170302027546,18.334080932947913,249.50852638808396,1967
27.0,27.0,veh2896,1973.7161904749141,1949.069118708072,28.27620276755458,51.289784463403585,1967
27.0,27.0,veh2898,2184.929105703538,2095.872528647113,31.555675803460865,247.0406544624798,1967
27.0,27.0,veh2900,1676.3176855036154,1665.541264686503,22.68889165620897,49.90713898144344,1967
27.0,27.0,veh2902,1718.4498506393072,1701.0108709469832,23.1855162091202,49.90713898144344,1967
27.0,27.0,veh2903,3608.8034083331877,2646.3794563646607,16.666730842109278,249.50852638808885,1967
27.0,27.0,veh2904,1793.631642891246,1805.2247082666606,25.590333256364175,46.66805465855275,1967
27.0,27.0,veh2908,3347.4730806373245,2548.7163739338057,20.083560122588626,249.50852638808885,1967
27.0,27.0,veh2909,3499.7270873611315,2605.615991135527,17.946557915642558,249.50852638808033,1967
27.0,27.0,veh2911,1677.9721716693975,1687.3189357997305,26.10980423686444,46.66812107751967,1967
27.0,27.0,veh2912,1490.5900823963716,1503.1498356631546,32.78372925418258,48.095621782749795,1967
27.0,27.0,veh2913,3529.6627701610932,2613.387673490238,17.951118209158174,249.50827181178695,1967
27.0,27.0,veh2914,2651.5809061180917,2277.4531937154825,29.28738975749868,249.55269624815185,1967
27.0,27.0,veh2916,1387.7723416388544,1411.9613311177886,23.097495940903585,45.392886095201064,1967
27.0,27.0,veh2917,1373.5809689155362,1385.2626878504136,22.84797016835593,47.8990652585148,1967
27.0,27.0,veh2918,1327.7505003375136,1343.8503235697583,25.120683754874726,47.89906525851306,1967
27.0,27.0,veh2920,3044.8119461368487,2430.894496001216,26.014357843251815,249.55283281120185,1967
27.0,27.0,veh2921,2773.630158794725,2329.7886963173637,30.675629269029784,249.55283281120367,1967
27.0,27.0,veh2922,1298.0635843239468,1325.6487378076258,23.813444979587466,47.895922257154396,1967
27.0,27.0,veh2924,2972.8759363596923,2404.0743032962796,27.421968748935406,249.55283281120856,1967
27.0,27.0,veh2925,1507.2017905738167,1526.2135838384947,26.757931089825636,46.66812107751967,1967
27.0,27.0,veh2927,3319.750790962029,2533.401054581916,24.34751375509128,249.55283281120674,1967
27.0,27.0,veh2928,3519.024306813695,2609.411865515698,25.09208829881618,249.5082718117857,1967
27.0,27.0,veh2929,3113.947556565338,2456.6706045205724,27.66630311491164,249.55283281120856,1967
27.0,27.0,veh2932,3722.8816618529618,2689.0122191798355,19.117562710006318,249.50852638808396,1967
27.0,27.0,veh2934,3017.164540853691,2417.1721454530352,30.90337196615067,249.5529139945417,1967
27.0,27.0,veh2938,1271.8533351485314,1301.9625717561948,21.779718843713685,47.895922257154396,1967
27.0,27.0,veh2939,1248.3614092436242,1280.732950697366,21.176412400047493,47.895922257154396,1967
27.0,27.0,veh2941,1352.3319183798978,1370.3712937565513,27.29036751761132,47.89499448326632,1967
27.0,27.0,veh2942,3712.877263626419,2681.858619000317,20.462119139259375,249.5082718117906,1967
27.0,27.0,veh2943,1180.3026434150063,1223.5463813020215,24.950967841043934,47.899667054046716,1967
27.0,27.0,veh2945,3601.5192911673876,2638.4539411278747,23.441206126003827,249.55283281120674,1967
27.0,27.0,veh2946,3463.4580066584617,2586.9799955046597,26.360761271573054,249.55283281120856,1967
27.0,27.0,veh2947,1093.0650544399123,1140.402211560499,23.321109394807465,47.902725492670406,1967
27.0,27.0,veh2948,3742.0023523061163,2692.743251117815,21.469403932479935,249.5082718117906,1967
27.0,27.0,veh2949,3557.3901242174443,2622.001085803091,24.687476998049448,249.55283281120367,1967
27.0,27.0,veh2950,3553.9626818005718,2617.3078953854897,28.549787203856496,249.55291399453682,1967
27.0,27.0,veh2951,3773.087105324903,2704.360249259648,20.10086921775432,249.5082718117906,1967
27.0,27.0,veh2952,3609.167217016966,2637.8899358443423,25.954584897848346,249.55291399453867,1967
27.0,27.0,veh2953,3531.4396347167217,2605.4968613589444,29.046300885132425,249.55269624816162,1967
27.0,27.0,veh2954,3639.9848800833443,2652.7952218081723,24.998303800602073,249.55283281120856,1967
27.0,27.0,veh2957,3834.6815907203945,2727.3793487504545,22.297815300455955,249.50827181178877,1967
27.0,27.0,veh2960,914.3110453813714,978.9010147650615,23.034711584209376,47.9027254926706,1967
27.0,27.0,veh2962,1151.522287952778,1201.8464373571885,30.570473362111827,47.89592225715502,1967
27.0,27.0,veh2963,3989.3812200400716,2783.0620686498023,20.510490074460044,249.55283281120367,1967
27.0,27.0,veh2964,3940.6492422445235,2770.3952463319706,21.274848813943716,249.50852638807908,1967
27.0,27.0,veh2965,880.4682989569282,948.3246708879174,23.244500865705724,47.902725492670506,1967
27.0,27.0,veh2966,3650.9586987901657,2650.0579606099723,28.326655825343373,249.55269624816162,1967
27.0,27.0,veh2968,919.3638789642563,987.7847947084585,25.280391873663525,47.902171386882166,1967
27.0,27.0,veh2969,1131.4275473860253,1175.0620692917162,31.514498062296177,47.902725492670406,1967
27.0,27.0,veh2970,855.0650323072009,925.3732529697829,24.46405782250855,47.902725492670506,1967
27.0,27.0,veh2971,3786.465506337322,2707.4081845766323,27.806933709929616,249.55283281120367,1967
27.0,27.0,veh2972,891.6647694487979,962.7586353943198,25.739961191889254,47.902171386882166,1967
27.0,27.0,veh2973,4114.6175392962095,2835.4098211236405,20.315527580732546,249.50852638808396,1967
27.0,27.0,veh2975,3863.767099820075,2736.228849498534,26.923387526824715,249.55283281120367,1967
27.0,27.0,veh2976,1015.5547314372029,1078.9991267629994,32.34754471171606,47.90278468712761,1967
27.0,27.0,veh2977,4162.484735466168,2853.298513823407,20.722151967912414,249.50852638808522,1967
27.0,27.0,veh2978,4039.3231081529975,2798.2659977072167,24.029087695387425,249.55291399453682,1967
27.0,27.0,veh2979,4158.826842990263,2848.518956680661,23.713710753502507,249.5082718117857,1967
27.0,27.0,veh2980,783.9811337993322,861.15016369548,25.37328435286845,47.90272549267137,1967
27.0,27.0,veh2981,4067.001011502529,2812.001368608043,23.9584051171795,249.55283281120185,1967
27.0,27.0,veh2983,4220.330973573613,2874.9165249069774,21.18400226959814,249.50852638808396,1967
27.0,27.0,veh2984,782.9941144295053,864.574644180925,27.480278423157017,47.902171386882166,1967
27.0,27.0,veh2986,3987.9822995305285,2779.124479784536,29.513019136219608,249.55291399453867,1967
27.0,27.0,veh2988,4266.578363342953,2892.1998715398695,21.23343782924058,249.50852638808396,1967
27.0,27.0,veh2989,694.598692389318,784.7093361144811,26.052624608982743,47.902171386882166,1967
27.0,27.0,veh2990,654.3273579175982,744.0101896930511,25.802043927588652,47.902725492670506,1967
27.0,27.0,veh2991,4132.99584860219,2833.190232215478,28.34350341428174,249.55291399454356,1967
27.0,27.0,veh2993,4338.5722633637415,2919.105077124856,21.492911677307248,249.50852638808396,1967
27.0,27.0,veh2994,4152.728885441474,2837.1363255713622,30.07467289675416,249.55269624815674,1967
27.0,27.0,veh2995,4283.994048956498,2892.903758081319,24.491670903241253,249.55283281120185,1967
27.0,27.0,veh2996,4274.191785155601,2885.8326549326766,25.284228482590564,249.55291399453867,1967
27.0,27.0,veh2997,520.3653680730777,622.9778178937537,23.522073452544593,47.9027254926706,1967
27.0,27.0,veh2998,576.1574175060136,677.6975849625155,28.173842293999076,47.90217138688129,1967
27.0,27.0,veh3000,4322.1004151909665,2903.6945454069087,25.227167345444865,249.55291399454356,1967
27.0,27.0,veh3002,514.1776773489673,621.6988587018927,26.171830985361296,47.90217138688357,1967
27.0,27.0,veh3004,4417.332402605685,2945.1276897109983,23.850274002528543,249.50827181178695,1967
27.0,27.0,veh3005,4459.9529943699445,2961.055863083648,24.201197261471147,249.5082718117906,1967
27.0,27.0,veh3006,504.1171090667082,616.9249221926295,28.73488335599357,47.90278468712761,1967
27.0,27.0,veh3008,451.09858762808403,560.3964637806289,26.892811940900213,47.90272549267094,1967
27.0,27.0,veh3009,412.03448083745457,525.1027099137419,25.776217361260617,47.902725492670506,1967
27.0,27.0,veh3010,421.1951545079939,537.689102765512,29.06046900402523,47.9021713868827,1967
27.0,27.0,veh3011,4466.1160794242,2953.9785880449363,28.76072569992378,249.55269624815674,1967
27.0,27.0,veh3013,367.2735959288565,488.9709475946733,24.938967428376504,47.902171386882216,1967
27.0,27.0,veh3014,313.41738217298007,436.00384414458074,22.056040534421513,47.902725492670506,1967
27.0,27.0,veh3017,4581.457235825456,3006.464444788012,25.27449855342171,249.5082718117906,1967
27.0,27.0,veh3018,316.3628368196144,447.29249350826376,26.06643978614874,47.90278468712709,1967
27.0,27.0,veh3019,4638.61604291143,3025.1189065826516,25.273714662766732,249.55283281120674,1967
27.0,27.0,veh3020,4677.208767808561,3045.658643024718,21.144862322223723,249.50852638808396,1967
27.0,27.0,veh3023,277.93154742069186,412.5705514710068,28.196604509216492,47.902784687127564,1967
27.0,27.0,veh3024,4709.727139452895,3051.6315435583415,25.262582020737828,249.55283281120674,1967
27.0,27.0,veh3025,4726.295233938296,3050.9829380808997,25.36291503318131,249.55269624815674,1967
27.0,27.0,veh3026,211.9118946892757,344.2953683668216,23.690158058968358,47.90272549267054,1967
27.0,27.0,veh3027,4747.087199089722,3062.1433965093493,26.40303448795818,249.55291399453503,1967
27.0,27.0,veh3028,184.8257616795546,328.4512375890306,26.454587988087425,47.90278468712709,1967
27.0,27.0,veh3029,171.8449513480216,321.0282526634503,24.24738766414459,47.90253722585683,1967
27.0,27.0,veh3030,4816.342699627385,3094.2458723863433,22.07153353220152,249.50827181178695,1967
27.0,27.0,veh3031,139.27315560136466,282.9724356156083,24.756780132445993,47.90217138688195,1967
27.0,27.0,veh3032,4808.176975486837,3084.9196456798036,28.61598079954618,249.55291399453867,1967
27.0,27.0,veh3033,125.50393368127918,266.227250124647,24.420000840215497,47.902725492670506,1967
27.0,27.0,veh3034,105.72247700977175,252.7290342660412,26.444676170006485,48.39120681968314,1967
27.0,27.0,veh3035,85.41319803158433,230.41990449623694,24.702075734071812,48.39067652278637,1967
27.0,27.0,veh3036,88.59146826295537,241.80271329869674,29.310032455168596,48.38699640677892,1967
27.0,27.0,veh3037,84.37545874570169,242.33017801246632,28.606004308373983,48.387526255389716,1967
27.0,27.0,veh3038,4917.146243323433,3128.964444753809,27.33849461129687,249.5528328112104,1967
27.0,27.0,veh3039,4941.35307187319,3140.964765768308,20.822362,249.5082718117906,1967
28.0,28.0,veh2594,4730.678120318476,3033.990863718175,17.73957660340906,69.51704550529945,1968
28.0,28.0,veh2604,4583.272512017493,2978.928142970728,16.740088671806753,69.51704550530434,1968
28.0,28.0,veh2628,122.94497759944181,301.2610186053123,21.55180750277125,227.8366176887904,1968
28.0,28.0,veh2636,387.7018299177503,541.0197265488158,24.395805663356118,227.8366176887914,1968
28.0,28.0,veh2646,233.4961883802173,401.37406658233624,25.61035407337755,227.8366176887914,1968
28.0,28.0,veh2648,507.67043210792866,645.3344837868403,24.79340131807924,227.836652246894,1968
28.0,28.0,veh2664,126.5490876488434,295.88290394625403,27.65066014136049,227.83635535128016,1968
28.0,28.0,veh2667,4445.523752987045,2927.472696063215,19.06485236638895,69.51704550529945,1968
28.0,28.0,veh2668,494.9333507466708,638.1265272213398,21.8535291728187,227.83661768878957,1968
28.0,28.0,veh2673,4685.278121878755,3020.451281459177,21.2705379462404,69.51723463154411,1968
28.0,28.0,veh2693,4839.095746912923,3079.518818683459,25.90176133753816,69.53524790941485,1968
28.0,28.0,veh2698,3779.689618872172,2678.753265279924,18.506588147099844,69.51704550529763,1968
28.0,28.0,veh2700,4352.80873938834,2898.044457772596,23.28379233834888,69.53524790940997,1968
28.0,28.0,veh2701,1107.1182044049515,1192.530003368738,24.354261246663302,227.8321807756659,1968
28.0,28.0,veh2702,4947.983926333895,3120.1541070325297,25.941637139148764,69.53524790941485,1968
28.0,28.0,veh2705,104.48795080417324,284.5466905032698,26.735201695910845,227.83661768878957,1968
28.0,28.0,veh2706,4574.038208634374,2980.603678818706,24.348388687027,69.53524790941485,1968
28.0,28.0,veh2708,4299.144883221562,2878.0179840005485,23.129843862900668,69.53524790941485,1968
28.0,28.0,veh2712,842.81303394515,953.1596703982536,21.78966112353683,227.83661768879148,1968
28.0,28.0,veh2713,276.31233537925345,431.50686567004925,30.06376771294631,227.83635535128113,1968
28.0,28.0,veh2714,4842.005704086925,3084.022732815101,26.480562755006986,69.5352479094157,1968
28.0,28.0,veh2715,3949.439319840724,2742.1625241889124,20.89930871694501,69.51704550530252,1968
28.0,28.0,veh2717,4286.01442881008,2867.8886851493535,23.24097801273055,69.51704550530069,1968
28.0,28.0,veh2718,665.7407503782456,788.4797470667116,28.592347619556495,227.8366522468947,1968
28.0,28.0,veh2720,4180.718134106816,2828.5557144583872,22.939454861825265,69.51704550529581,1968
28.0,28.0,veh2721,479.67704472873163,619.9842418797039,25.672224696913304,227.8366522468938,1968
28.0,28.0,veh2725,719.3361710248132,841.341400708658,28.8620522664714,227.8366176887914,1968
28.0,28.0,veh2726,960.5578291443317,1059.7870910259194,26.636262681388914,227.832180775664,1968
28.0,28.0,veh2728,4626.2295350130025,3000.0806285481785,26.46005115189733,69.53524790941485,1968
28.0,28.0,veh2729,294.81742718146177,456.90539978766276,27.012733748099215,227.8366176887905,1968
28.0,28.0,veh2730,4368.259447826396,2902.0315337449824,25.910104101127093,69.51723463154411,1968
28.0,28.0,veh2731,3203.1822998140856,2463.401475859963,16.7572667209843,69.51704550529763,1968
28.0,28.0,veh2732,813.8228250078884,922.5798601799162,28.025151249027513,227.83665224689304,1968
28.0,28.0,veh2733,1362.1061277941906,1423.478099010179,24.709760076323132,227.8321807756659,1968
28.0,28.0,veh2734,1149.6524964460418,1222.4171645471617,23.86849361294344,227.83244033851838,1968
28.0,28.0,veh2735,560.9450513420454,697.905452319272,26.068095964070878,227.8366176887914,1968
28.0,28.0,veh2737,3620.0371902795305,2619.1157983370217,19.162475692916747,69.51704550529763,1968
28.0,28.0,veh2739,4268.52343262669,2864.7759563148097,25.038458086071905,69.51723463154048,1968
28.0,28.0,veh2740,4599.6500485140505,2993.5795644234445,28.194094205435917,69.53524790941083,1968
28.0,28.0,veh2742,3648.440268073599,2635.1856599850735,23.35964474400876,69.53524790941304,1968
28.0,28.0,veh2744,173.44806672374864,338.35410725769555,29.22646276755094,227.8363553512812,1968
28.0,28.0,veh2745,4100.670559772919,2803.9506113425664,25.95967405722732,69.53524790941667,1968
28.0,28.0,veh2747,906.6460622700968,1010.9656318353165,24.20682337968504,227.8366176887914,1968
28.0,28.0,veh2748,996.745364597841,1083.9271179794393,29.586082295298116,227.83244033851838,1968
28.0,28.0,veh2752,3745.6852093834596,2669.473989713387,22.924643289354417,69.51723463154048,1968
28.0,28.0,veh2753,844.7125432843145,950.5529604033147,25.13328916490292,227.8366522468947,1968
28.0,28.0,veh2754,3568.8207678449935,2599.9841275769927,21.51806405800333,69.51704550530252,1968
28.0,28.0,veh2755,1490.592559285947,1545.2265801181557,25.412904577083452,226.42748622308412,1968
28.0,28.0,veh2756,3777.4515869185507,2683.3305749743386,25.206843016361283,69.5352479094118,1968
28.0,28.0,veh2758,3674.9155764499437,2643.038568825755,23.457461712047973,69.51723463154048,1968
28.0,28.0,veh2759,3393.3361194644704,2534.43260412674,20.675456456251297,69.51704550530252,1968
28.0,28.0,veh2761,355.5007547138588,507.53272079844,29.18567114433251,227.83665224689295,1968
28.0,28.0,veh2762,495.21091866068775,629.739032308126,29.046162875114845,227.83635535128113,1968
28.0,28.0,veh2764,1217.37530709021,1292.392253932005,28.139754682831548,227.8321807756659,1968
28.0,28.0,veh2765,4257.407183170006,2862.442156710196,26.47285489691796,69.53524790941485,1968
28.0,28.0,veh2766,3928.490039116723,2739.695656009829,27.164277029505083,69.53524790941304,1968
28.0,28.0,veh2769,629.8328338373487,760.2889018109204,28.639136556954103,227.83661768879227,1968
28.0,28.0,veh2770,3818.137279410593,2698.5138102427327,25.77380036418177,69.53524790941485,1968
28.0,28.0,veh2771,2756.711775992899,2296.6243629774244,16.744600366998178,69.51704550530252,1968
28.0,28.0,veh2772,4244.889270869018,2861.1886421837253,29.221387740798328,69.53524790941083,1968
28.0,28.0,veh2776,634.7858880203748,756.1366003958158,29.8227821942282,227.83635535128033,1968
28.0,28.0,veh2777,3293.3362989681905,2497.0781082276535,20.872419846813454,69.51704550529763,1968
28.0,28.0,veh2780,1127.43034371197,1206.6049722610408,25.124376224501113,227.83120150731702,1968
28.0,28.0,veh2783,3501.997563415573,2575.0226116119165,23.050672736264485,69.51704550530252,1968
28.0,28.0,veh2785,2088.650246622885,2092.3484925011,17.795815851641805,235.1373342655894,1968
28.0,28.0,veh2786,3333.3884350542676,2517.6134666788626,24.32722614084804,69.53524790941667,1968
28.0,28.0,veh2787,3105.207230767827,2426.8033170158938,22.23528735108087,69.51704550530252,1968
28.0,28.0,veh2789,2931.894503553,2362.0631052247472,20.036333000669497,69.51704550530252,1968
28.0,28.0,veh2790,3068.107487029494,2412.9448698861584,20.89195164056052,69.51704550530252,1968
28.0,28.0,veh2791,1870.7822914599299,1898.2336730650475,20.06906655591637,228.42154623224164,1968
28.0,28.0,veh2792,996.2989253945477,1087.8323212016098,28.094459024086436,227.83120150731506,1968
28.0,28.0,veh2793,3281.189481102778,2498.1336704639016,24.986967996418574,69.5352479094118,1968
28.0,28.0,veh2794,4330.344261463639,2893.0790475715735,32.256504982874176,69.53524790941083,1968
28.0,28.0,veh2795,4204.1091055571405,2849.38256902473,31.62849389195495,69.53554701314303,1968
28.0,28.0,veh2799,1808.9629720201067,1839.0691969187023,21.61715610903969,194.8095231667883,1968
28.0,28.0,veh2800,1832.6158901945437,1864.373613979441,22.11668079716301,228.42154623224533,1968
28.0,28.0,veh2801,1892.7348294651915,1917.7092906054238,19.458171618200815,228.42154623224533,1968
28.0,28.0,veh2802,1710.4682458158163,1749.8321070804209,23.483824468410283,227.8229654179589,1968
28.0,28.0,veh2803,2010.0014634804168,2024.7326120280447,19.852345085488892,229.31491308820802,1968
28.0,28.0,veh2806,3073.610098165287,2420.6684384631308,25.411110747574693,69.53524790941485,1968
28.0,28.0,veh2807,2507.7696508363556,2236.961641168153,17.006396631228917,250.29797470206591,1968
28.0,28.0,veh2810,3119.9665990336875,2437.967926705641,26.273358112868742,69.53524790940997,1968
28.0,28.0,veh2811,1530.3313211069442,1583.0329565734278,25.28645454816487,226.42748622308224,1968
28.0,28.0,veh2813,1049.677088990301,1131.8680929190455,30.04745257957638,227.83244033852014,1968
28.0,28.0,veh2814,2831.584625935618,2324.5927888431715,20.77512208876097,69.51704550530252,1968
28.0,28.0,veh2816,1436.0652155108526,1493.3507492819267,26.503567064782942,226.42748622308412,1968
28.0,28.0,veh2818,2168.5264583117696,2137.56889841338,20.079012966855217,247.67360158777896,1968
28.0,28.0,veh2821,1483.8611635305328,1534.4050437806275,27.16362607925027,226.42844698292348,1968
28.0,28.0,veh2822,1615.018529536665,1663.6020618027806,25.26027697659759,226.42748622308412,1968
28.0,28.0,veh2823,2894.6630917218686,2353.888341259753,25.643540969456726,69.53524790941485,1968
28.0,28.0,veh2824,1719.3472417329579,1753.5586751034457,25.98698276425951,227.82296541795714,1968
28.0,28.0,veh2825,1920.4637752306294,1942.3095597130805,22.652908609633176,228.42154623224337,1968
28.0,28.0,veh2826,1229.852464930785,1299.37409670414,30.709097375516603,227.83120150731685,1968
28.0,28.0,veh2828,2759.233318647147,2303.3481640871273,24.72974585900545,69.53524790941485,1968
28.0,28.0,veh2830,2624.2788091799075,2246.334667811041,21.528198780418194,67.93728067657476,1968
28.0,28.0,veh2831,2156.667928505652,2084.942420731183,22.061686275500872,239.19105543372035,1968
28.0,28.0,veh2832,2169.650442654936,2096.3484742765286,21.94087773461088,247.0387737675177,1968
28.0,28.0,veh2833,2733.434035082716,2297.1382589420336,25.163784525899487,69.5352479094157,1968
28.0,28.0,veh2834,3060.068651213989,2419.0329575389133,28.786613631606496,69.5352479094157,1968
28.0,28.0,veh2835,3107.780611562961,2436.8382810991907,28.67278639084554,69.53524790941083,1968
28.0,28.0,veh2839,2686.7960751503933,2270.5076584929366,22.969649988306884,69.51704550530252,1968
28.0,28.0,veh2841,2800.2550918628503,2322.0747848761553,27.012578924899824,69.5352479094157,1968
28.0,28.0,veh2842,2205.607867899777,2046.1298256432422,17.850362047343705,62.41471709720196,1968
28.0,28.0,veh2843,1686.9423700683571,1724.199390774359,28.19276011495983,227.8229654179589,1968
28.0,28.0,veh2845,3134.478243961078,2450.220180321445,32.13551889439219,69.5355470131418,1968
28.0,28.0,veh2847,2370.9110917031967,2131.1623025460535,19.893005641942874,63.18260622858199,1968
28.0,28.0,veh2848,1902.5955377030393,1887.9743982563011,19.91933623598595,51.29087556911964,1968
28.0,28.0,veh2849,1645.1912323200863,1687.8867892216294,29.146052930954387,226.4084564954243,1968
28.0,28.0,veh2850,2131.5589504229606,2114.1410032974645,24.309925106581424,241.1899490701965,1968
28.0,28.0,veh2851,2345.5182909273344,2193.333731769903,22.260799216208756,260.7218441871088,1968
28.0,28.0,veh2852,2166.3474110765383,2133.2173286928833,24.271455522650893,247.6714466780621,1968
28.0,28.0,veh2853,2536.8539478569865,2220.0762999222156,26.90945014515927,69.40478044079691,1968
28.0,28.0,veh2854,2223.572473626858,2095.5101883331063,23.8628835912811,66.5513298255237,1968
28.0,28.0,veh2856,1610.3828345868185,1654.7702764165879,31.19505271658761,226.42844698292348,1968
28.0,28.0,veh2857,2266.565974992936,2137.577926453982,23.871099243127013,246.42181389887165,1968
28.0,28.0,veh2858,2581.8617690388483,2236.989342099897,27.41405388155548,69.4047804407951,1968
28.0,28.0,veh2860,1685.1563193499705,1668.7973965342017,13.98154830906955,49.90742684512333,1968
28.0,28.0,veh2861,2479.7200644959335,2198.6065252544827,26.752844289928245,69.40478044079691,1968
28.0,28.0,veh2863,1967.8374103047236,1899.0022795419316,19.196009066702526,53.36597633442662,1968
28.0,28.0,veh2866,2171.6530668964974,2071.9326735414543,25.62936028226984,60.01018258152782,1968
28.0,28.0,veh2869,1789.6454408900267,1817.2486465435018,30.78630742669298,227.82200476001154,1968
28.0,28.0,veh2870,2731.5038615937506,2318.554775597318,21.20317237063633,249.5159794885299,1968
28.0,28.0,veh2873,1956.3759725662326,1894.4674397571846,19.395062979123992,53.36912888366226,1968
28.0,28.0,veh2874,1834.0340225872826,1837.1217050857958,22.841939629580146,51.289784463403585,1968
28.0,28.0,veh2875,1820.7324097527,1821.9994246229498,22.51322095232389,46.66812107751967,1968
28.0,28.0,veh2876,2161.9088726654327,2070.0006827673433,26.595755112531933,60.01147204934136,1968
28.0,28.0,veh2878,2304.647833059345,2150.7059353569507,27.24882159092099,246.42409666933028,1968
28.0,28.0,veh2880,2302.8863763838003,2133.4015362421624,29.346130214695368,66.54958202658831,1968
28.0,28.0,veh2881,2624.4437443266893,2274.2142464538924,24.35527829363099,249.73707028904403,1968
28.0,28.0,veh2882,2003.4523308611251,1968.8023000290782,25.330747000876528,51.29087556911964,1968
28.0,28.0,veh2883,2593.1968756905053,2262.678656290667,24.573846691734396,249.73707028904403,1968
28.0,28.0,veh2884,1845.2007408790066,1850.174763206694,23.456245089030215,51.28907736305333,1968
28.0,28.0,veh2885,2849.257733613156,2362.5437164424056,21.4658262267031,249.5159794885299,1968
28.0,28.0,veh2886,1663.2170708521744,1654.5123122944206,16.87639967655318,49.90713898144543,1968
28.0,28.0,veh2887,2596.0023769877835,2260.304594470724,24.702558037733944,249.73707028904334,1968
28.0,28.0,veh2888,1776.887644562621,1780.6361256580556,23.211062820394528,46.66812107752157,1968
28.0,28.0,veh2891,2251.1362550689855,2127.39823566183,29.92640406751294,246.8876731403602,1968
28.0,28.0,veh2894,1751.4401090027545,1724.5988474650226,19.871611255529952,49.90742684512333,1968
28.0,28.0,veh2895,3292.569492149035,2528.198075366783,19.191826751997798,249.50852638808396,1968
28.0,28.0,veh2896,1995.918288675678,1966.8628536432484,28.452651504499745,51.289784463403585,1968
28.0,28.0,veh2898,2156.0094211105456,2080.8241832013878,32.6851501701034,239.188787781384,1968
28.0,28.0,veh2900,1693.045263707183,1679.6236317013731,21.856175798551366,49.90713898144543,1968
28.0,28.0,veh2902,1735.8636103063532,1715.6709102997083,22.75273730392781,49.90713898144375,1968
28.0,28.0,veh2903,3593.872820659839,2640.7996707058737,15.937937118344449,249.50852638808217,1968
28.0,28.0,veh2904,1812.8679775896808,1823.37237327415,26.436993197439865,46.66805465855454,1968
28.0,28.0,veh2908,3329.1445297537016,2541.8667182066347,19.56515696800032,249.50852638808217,1968
28.0,28.0,veh2909,3482.3383820494937,2599.11756986468,18.56190110460266,249.50852638808396,1968
28.0,28.0,veh2911,1697.1970201066486,1705.4557224837822,26.438583769415278,46.66812107751967,1968
28.0,28.0,veh2912,1513.6508228707717,1527.7081419052759,33.63321785295725,49.61937171979754,1968
28.0,28.0,veh2913,3512.469139070902,2606.962067331958,18.3564659614266,249.5082718117906,1968
28.0,28.0,veh2914,2622.25855704653,2266.584489876144,31.281142568218996,249.73772142144514,1968
28.0,28.0,veh2916,1403.625332217141,1427.5983861580223,22.272920228860723,45.39288609520109,1968
28.0,28.0,veh2917,1390.2430548624575,1401.2349011645867,23.00253326105241,44.18753559879932,1968
28.0,28.0,veh2918,1345.8675511455097,1364.5292638334008,27.308593214476815,47.894994483270004,1968
28.0,28.0,veh2920,3020.52050109802,2421.8378185591255,25.917123248127208,249.55283281120367,1968
28.0,28.0,veh2921,2744.8450579949244,2319.0566310711365,30.711511972454215,249.55283281120367,1968
28.0,28.0,veh2922,1319.8211950893499,1336.6854115010449,24.146600009153204,47.89906525851306,1968
28.0,28.0,veh2924,2947.0850527777466,2394.458584133635,27.516910064549094,249.55283281120367,1968
28.0,28.0,veh2925,1526.887037592105,1544.7847120925808,27.07173760112439,46.66812107751967,1968
28.0,28.0,veh2927,3297.9436071599075,2525.2705942778666,23.266605563840642,249.55283281120552,1968
28.0,28.0,veh2928,3494.8367900349012,2600.372503443077,25.823360179844258,249.5082718117857,1968
28.0,28.0,veh2929,3087.8013941862846,2446.922425330858,27.895965503917175,249.55283281120185,1968
28.0,28.0,veh2932,3704.939253490515,2682.306870733064,19.152961858479834,249.50852638808217,1968
28.0,28.0,veh2934,2988.328074962891,2406.420976091165,30.775414793714962,249.55291399453682,1968
28.0,28.0,veh2938,1289.2899955168114,1317.720057696194,23.50128749961155,47.895922257154396,1968
28.0,28.0,veh2939,1264.8338061987738,1295.619033120067,22.2016446082147,47.895922257156144,1968
28.0,28.0,veh2941,1373.7484148643655,1389.725982123531,28.86837270731603,47.894994483270004,1968
28.0,28.0,veh2942,3692.942308682589,2674.408524917213,21.28319026675883,249.50827181178389,1968
28.0,28.0,veh2943,1198.7000140108198,1240.169875451463,24.795090589074285,47.899667054048464,1968
28.0,28.0,veh2945,3579.8047894311235,2630.3580358523054,23.167720852787905,249.55283281120367,1968
28.0,28.0,veh2946,3439.0446366849737,2577.8778602973525,26.047207874774383,249.55283281120674,1968
28.0,28.0,veh2947,1110.0669858770261,1155.7631664805567,22.912897453162916,47.9027254926706,1968
28.0,28.0,veh2948,3723.435822661102,2685.8045651242,19.822216009098803,249.5082718117857,1968
28.0,28.0,veh2949,3534.4420039316465,2613.4452455474557,24.483897965279088,249.55283281120367,1968
28.0,28.0,veh2950,3527.018165014514,2607.2621059868284,28.756252019485213,249.55291399453682,1968
28.0,28.0,veh2951,3753.3168147409197,2696.971693563586,21.10738937276821,249.5082718117906,1968
28.0,28.0,veh2952,3584.575327421033,2628.721282134297,26.24543540606139,249.55291399453682,1968
28.0,28.0,veh2953,3503.6331557034073,2595.1295841321707,29.685041978540742,249.55269624815674,1968
28.0,28.0,veh2954,3616.819867953415,2644.1585168913784,24.715305057236822,249.55283281120674,1968
28.0,28.0,veh2957,3813.444686183995,2719.442689887875,22.673192951713396,249.5082718117857,1968
28.0,28.0,veh2960,931.0718216575294,994.0440901124435,22.58790123177963,47.902725492671465,1968
28.0,28.0,veh2962,1173.6800921080824,1221.8704144298636,29.865366803624074,47.89592225715696,1968
28.0,28.0,veh2963,3969.439266698992,2775.62702974262,21.276546608199947,249.55283281120367,1968
28.0,28.0,veh2964,3920.809332434291,2762.9807729935665,21.178485529644565,249.50852638808396,1968
28.0,28.0,veh2965,897.4115573050797,963.6326156733381,22.833825820882286,47.902725492671465,1968
28.0,28.0,veh2966,3623.631329811188,2639.869313210647,29.173564006993004,249.55269624816162,1968
28.0,28.0,veh2968,938.4522287306719,1005.0311282785583,25.725343073613246,47.90217138688226,1968
28.0,28.0,veh2969,1154.0068004707523,1195.4648208083784,30.431120077938164,47.895922257156144,1968
28.0,28.0,veh2970,872.3257610306971,940.9680268217812,23.261669338637578,47.902725492671465,1968
28.0,28.0,veh2971,3760.6751553484046,2697.792663982795,27.516341828319163,249.55283281120367,1968
28.0,28.0,veh2972,910.622512331719,979.886965579797,25.54932435398676,47.902171386882166,1968
28.0,28.0,veh2973,4095.292059634042,2828.1875980854534,20.629347375741293,249.50852638808396,1968
28.0,28.0,veh2975,3837.936758054232,2726.5984189820188,27.559008943952264,249.55283281120185,1968
28.0,28.0,veh2976,1039.7160365312282,1100.8284082713826,32.56225864072755,47.90278468712655,1968
28.0,28.0,veh2977,4143.208576184216,2846.094722554701,20.57669940663638,249.50852638808396,1968
28.0,28.0,veh2978,4016.754960188742,2789.8518604871333,24.08561844423064,249.55291399453682,1968
28.0,28.0,veh2979,4136.68863653057,2840.2454631402643,23.635451475762945,249.5082718117906,1968
28.0,28.0,veh2980,803.2128033073105,878.5256489126853,25.9178360364117,47.902725492670506,1968
28.0,28.0,veh2981,4044.47917304471,2803.604460725894,24.029087695387425,249.55283281120185,1968
28.0,28.0,veh2983,4200.923015242044,2867.6634783468535,20.717390785369506,249.50852638808396,1968
28.0,28.0,veh2984,803.1472373822527,882.7830008579298,27.160336451729258,47.90217138688226,1968
28.0,28.0,veh2986,3961.174172422814,2769.1295408797123,28.610691570417345,249.55291399453867,1968
28.0,28.0,veh2988,4245.9027205041075,2884.4730721718643,22.070604497040044,249.50852638808396,1968
28.0,28.0,veh2989,714.1275723868084,802.3536889688982,26.319045068147982,47.902171386882166,1968
28.0,28.0,veh2990,673.2105076931533,761.070793279407,25.448148405982334,47.902725492670506,1968
28.0,28.0,veh2991,4106.972744652474,2823.4879753943947,27.77288386535468,249.55291399453867,1968
28.0,28.0,veh2993,4319.035469611966,2911.8038828262943,20.85491858205086,249.50852638808396,1968
28.0,28.0,veh2994,4125.446481089779,2826.9644426374775,29.125561638632018,249.55269624815793,1968
28.0,28.0,veh2995,4261.115559475906,2884.3738785596697,24.409607195112844,249.55283281120552,1968
28.0,28.0,veh2996,4249.981082616344,2876.8061201154383,25.838617530818606,249.55291399453503,1968
28.0,28.0,veh2997,537.6769419927402,638.6185295128289,23.330191598597178,47.902725492671465,1968
28.0,28.0,veh2998,597.0931219769175,696.6130044329559,28.215020501634026,47.90217138688313,1968
28.0,28.0,veh3000,4298.15826634609,2894.768136113442,25.552006426315018,249.55291399453503,1968
28.0,28.0,veh3002,533.896754894886,639.515055136533,26.57537404603004,47.90217138688313,1968
28.0,28.0,veh3004,4393.979983516725,2936.4004204610287,24.93178339553976,249.5082718117906,1968
28.0,28.0,veh3005,4437.278245239013,2952.5818527429074,24.208281451571576,249.5082718117857,1968
28.0,28.0,veh3006,525.2018196915988,635.9745588725352,28.41592364571223,47.90278468712752,1968
28.0,28.0,veh3008,470.79805055126576,578.1945923657017,26.548264561045148,47.90272549267103,1968
28.0,28.0,veh3009,431.25646939089046,542.4694485537208,25.90478935877368,47.902725492670506,1968
28.0,28.0,veh3010,442.4442432699268,556.8876650997859,28.63736808533083,47.902171386882166,1968
28.0,28.0,veh3011,4439.567724244937,2944.080385617852,28.341921232826856,249.55269624815674,1968
28.0,28.0,veh3013,385.75401360472165,505.6680142166135,24.90603382025992,47.902171386882216,1968
28.0,28.0,veh3014,329.92261940494365,450.91604432623797,22.243520363255115,47.90272549267054,1968
28.0,28.0,veh3017,4557.828843166811,2997.6340386579036,25.22642153286039,249.5082718117906,1968
28.0,28.0,veh3018,335.64828260230905,464.7165284834774,25.991049371464662,47.90278468712709,1968
28.0,28.0,veh3019,4615.638451777935,3016.5520785919884,24.515341117004578,249.55283281120674,1968
28.0,28.0,veh3020,4656.860109526387,3038.0540427141023,21.72155867132207,249.50852638808396,1968
28.0,28.0,veh3023,298.9131745989448,431.5270542093994,28.27699779555959,47.902784687127564,1968
28.0,28.0,veh3024,4686.549261977831,3042.990042003024,24.72903140142713,249.5528328112104,1968
28.0,28.0,veh3025,4702.095403051948,3041.9603518153144,25.83473424991604,249.55269624815674,1968
28.0,28.0,veh3026,229.6707044999594,360.3401499814745,23.932915480071664,47.90272549267077,1968
28.0,28.0,veh3027,4723.322228279484,3053.283044931305,25.36291503318131,249.55291399453503,1968
28.0,28.0,veh3028,204.65210397385357,346.3639623172507,26.720017117212976,47.902784687127564,1968
28.0,28.0,veh3029,190.5955131682518,337.96917719984145,25.270704959527322,47.90253722585613,1968
28.0,28.0,veh3030,4795.753832819702,3086.5513982722096,21.981327315739563,249.5082718117906,1968
28.0,28.0,veh3031,157.33769888824474,299.2937595189025,24.34556047064673,47.902171386882166,1968
28.0,28.0,veh3032,4781.926787489138,3071.7244256292342,29.264090940802074,249.55269624815674,1968
28.0,28.0,veh3033,143.87407125449326,282.8243559406027,24.756780132445993,47.90272549267098,1968
28.0,28.0,veh3034,125.66991150545135,270.6818977647993,26.836655600223846,47.90217138688243,1968
28.0,28.0,veh3035,103.269443417799,246.27861784457377,23.881342095498375,48.39067652278651,1968
28.0,28.0,veh3036,110.78342143103094,261.55538562513124,29.709756514138473,48.03807510267306,1968
28.0,28.0,veh3037,105.38546725303786,260.99191761927864,28.10192389101753,48.38752625538913,1968
28.0,28.0,veh3038,4891.549123477582,3119.420967306508,27.31017890379119,249.55283281120185,1968
28.0,28.0,veh3039,4922.2427095391595,3133.822838547911,20.402829039137146,249.5082718117906,1968
28.0,28.0,veh3041,46.493273156937526,200.12662900914344,28.874532000000006,48.39120681968328,1968
29.0,29.0,veh2594,4746.714764728145,3039.98128214956,17.12003179819525,69.51704550530434,1969
29.0,29.0,veh2604,4599.98539561826,2985.171167596457,17.841955671983325,69.51704550530069,1969
29.0,29.0,veh2628,106.95163847599167,286.7777586240728,21.577306594301472,227.8366176887904,1969
29.0,29.0,veh2636,369.85623684058544,524.859101049603,24.076262637271107,227.8366176887913,1969
29.0,29.0,veh2646,215.25776565318915,384.85770211558247,24.606246134088597,227.8366176887913,1969
29.0,29.0,veh2648,489.50636767857293,628.8854767030042,24.50536447713469,227.8366522468939,1969
29.0,29.0,veh2664,106.27878968511561,277.526343462795,27.346508250887048,227.83635535128113,1969
29.0,29.0,veh2667,4463.670944365385,2934.2515000906424,19.37316096238996,69.51704550529945,1969
29.0,29.0,veh2668,478.77446120429767,623.4933479681612,21.800657835611663,227.83661768879185,1969
29.0,29.0,veh2673,4705.346217175861,3027.947555264787,21.42113553384075,69.51723463154048,1969
29.0,29.0,veh2693,4863.30307696425,3088.552598493422,25.846556431107135,69.53524790940997,1969
29.0,29.0,veh2698,3796.313886654947,2684.963187854136,17.74735323626899,69.51704550530069,1969
29.0,29.0,veh2700,4374.942861924106,2906.3045504325837,23.632959354078352,69.53524790940997,1969
29.0,29.0,veh2701,1089.5819584857543,1176.6470448901268,23.660568302906835,227.8321807756659,1969
29.0,29.0,veh2705,85.10430917228834,266.7012520875259,26.348431799723958,227.24328187508186,1969
29.0,29.0,veh2706,4597.911453308954,2989.512783428023,25.489848090097624,69.53524790941485,1969
29.0,29.0,veh2708,4321.868803121133,2886.4981793941215,24.262695504828514,69.53524790941485,1969
29.0,29.0,veh2712,826.2226178548551,938.1357090117058,22.38284899383162,227.8366176887904,1969
29.0,29.0,veh2713,254.00242558947764,411.30325498956654,30.09813339864954,227.83635535128016,1969
29.0,29.0,veh2714,4867.27816985764,3093.4540038616556,26.974975163706265,69.53524790941206,1969
29.0,29.0,veh2715,3968.7054194752236,2749.3592915052604,20.567659289805814,69.51704550530434,1969
29.0,29.0,veh2717,4308.008064523262,2876.1043116472492,23.479459489703363,69.51704550530069,1969
29.0,29.0,veh2718,646.5052621352065,766.7495376181569,28.891544158328,227.8363553512793,1969
29.0,29.0,veh2720,4202.334000914781,2836.6302270327706,23.076169655217722,69.51704550530434,1969
29.0,29.0,veh2721,460.75291768531844,602.846937560884,25.53077437123427,227.83665224689295,1969
29.0,29.0,veh2725,698.3073783538282,822.2981309452543,28.37085509582827,227.8366176887905,1969
29.0,29.0,veh2726,940.2757844812709,1041.4200607773714,27.36338575229297,227.83661768879236,1969
29.0,29.0,veh2728,4651.54279685366,3009.527124021061,27.027377626226787,69.53524790941849,1969
29.0,29.0,veh2729,274.6429243680433,438.63575847113725,27.218295643744437,227.8366176887905,1969
29.0,29.0,veh2730,4392.39707959539,2911.0479498064237,25.765050142257554,69.51723463153559,1969
29.0,29.0,veh2731,3219.261194509727,2469.4076767010183,17.165136386215856,69.51704550530434,1969
29.0,29.0,veh2732,792.8560688899995,903.5927925415281,28.286510575336106,227.8366522468939,1969
29.0,29.0,veh2733,1343.9664425627375,1407.0485924513753,24.47475151692385,227.8321807756659,1969
29.0,29.0,veh2734,1130.7646460482379,1205.310184319759,25.483035438292884,227.83244033851855,1969
29.0,29.0,veh2735,542.0860451663227,680.8270994298302,25.443502146511808,227.83661768878957,1969
29.0,29.0,veh2737,3638.8958493992805,2626.1603680297962,20.132693321228114,69.51704550529763,1969
29.0,29.0,veh2739,4290.8908884229795,2873.1311375366186,23.87552456104792,69.51723463154535,1969
29.0,29.0,veh2740,4626.1564536593105,3003.471321470927,28.292040316106373,69.5352479094157,1969
29.0,29.0,veh2742,3669.425971728119,2643.0171814940586,22.406774006177656,69.53524790940997,1969
29.0,29.0,veh2744,152.11745169768972,319.0373352212955,28.776974115053413,227.83635535128016,1969
29.0,29.0,veh2745,4124.748674005614,2812.936169921563,25.70859061905904,69.53524790941485,1969
29.0,29.0,veh2747,888.7634386390938,994.7714721795184,24.12622216150524,227.8366176887904,1969
29.0,29.0,veh2748,974.8024492654845,1064.0531243371643,29.604855886560404,227.83244033851838,1969
29.0,29.0,veh2752,3767.261486515932,2677.5336325791477,23.031002689977896,69.51723463153559,1969
29.0,29.0,veh2753,825.8919750782015,933.5094368599911,25.391061860152796,227.8366522468939,1969
29.0,29.0,veh2754,3588.872081851461,2607.4742082902253,21.405920379412674,69.51704550529945,1969
29.0,29.0,veh2755,1472.1494304795244,1527.6802893250629,25.45704053878834,226.42748622308594,1969
29.0,29.0,veh2756,3801.0549373802696,2692.138959475911,25.201677689300315,69.53524790940997,1969
29.0,29.0,veh2758,3696.1422743939156,2650.9676292284094,22.657854014639327,69.51723463154048,1969
29.0,29.0,veh2759,3412.780041019279,2541.6957960442523,20.757494323391324,69.51704550530252,1969
29.0,29.0,veh2761,333.76726233628347,487.8513124074044,29.320923967477636,227.83665224689372,1969
29.0,29.0,veh2762,474.39653879517095,610.8897571958037,28.08052509874282,227.83635535128113,1969
29.0,29.0,veh2764,1196.3436165194048,1273.3433953786805,28.376754840748468,227.8321807756659,1969
29.0,29.0,veh2765,4280.35699590464,2871.006651616696,24.503884925407085,69.53524790941485,1969
29.0,29.0,veh2766,3953.5336546130447,2749.0415238754485,26.739471878648818,69.53524790940997,1969
29.0,29.0,veh2769,608.3927295678523,740.8731561831235,28.925773390148745,227.8366176887913,1969
29.0,29.0,veh2770,3842.2326664293187,2707.5058147430836,25.727033051078582,69.5352479094118,1969
29.0,29.0,veh2771,2772.1971292032745,2302.408848990721,16.53149702615262,69.51704550529763,1969
29.0,29.0,veh2772,4271.855099176728,2871.251848444333,28.78241306046586,69.53524790941083,1969
29.0,29.0,veh2776,613.3998595799619,736.7696465764936,28.851731940298627,227.83635535128028,1969
29.0,29.0,veh2777,3312.7554818211715,2504.332059111218,20.731084349389448,69.51704550530252,1969
29.0,29.0,veh2780,1108.4690986490764,1189.4307712007276,25.583054868535193,227.83120150731506,1969
29.0,29.0,veh2783,3524.1221753734785,2583.2871637136,23.61928409497598,69.51704550529763,1969
29.0,29.0,veh2785,2075.2172577093156,2078.662114388664,18.77505793724906,233.9818351939733,1969
29.0,29.0,veh2786,3356.908518807436,2526.39077740613,25.1127724826193,69.53524790941485,1969
29.0,29.0,veh2787,3126.0967743299893,2434.60651471619,22.300778198860307,69.51704550530252,1969
29.0,29.0,veh2789,2950.8742391689825,2369.152902513527,20.26194938082272,69.51704550530252,1969
29.0,29.0,veh2790,3087.369874767588,2420.140250639827,20.563696628860427,69.51704550530252,1969
29.0,29.0,veh2791,1855.7611700502734,1884.9073954596106,20.08505320684243,228.42154623224533,1969
29.0,29.0,veh2792,975.2532685906395,1068.7701583426956,28.395402884824044,227.83120150731597,1969
29.0,29.0,veh2793,3304.982542781003,2507.012852089889,25.404235412626626,69.53524790941485,1969
29.0,29.0,veh2794,4360.084993830942,2904.177802660366,31.74425179707017,69.5352479094157,1969
29.0,29.0,veh2795,4234.058357714495,2860.558962171398,31.9561853080481,69.5355470131418,1969
29.0,29.0,veh2799,1791.6917221501626,1823.420666419202,23.306583977619205,227.8220047600098,1969
29.0,29.0,veh2800,1816.1040751356338,1849.7248387486372,22.078290625262618,228.42154623224337,1969
29.0,29.0,veh2801,1877.7375131090357,1904.4041321123825,20.053222975722495,228.42154623224337,1969
29.0,29.0,veh2802,1693.081916847231,1734.0798405412713,23.460467736894905,227.8229654179589,1969
29.0,29.0,veh2803,1994.3385768313074,2011.2674954635897,20.6599070053038,229.31491308820773,1969
29.0,29.0,veh2806,3097.065558330889,2429.421632724048,25.04377283667387,69.53524790941485,1969
29.0,29.0,veh2807,2491.2891880302186,2231.060123933658,17.50391333250626,250.29797470206094,1969
29.0,29.0,veh2810,3144.6866577983465,2447.1930484888267,26.394005141679088,69.53524790941485,1969
29.0,29.0,veh2811,1512.2534488721412,1565.8341609416489,24.95287709405147,226.42748622308224,1969
29.0,29.0,veh2813,1026.6535845517178,1111.0153951847306,31.062760831180817,227.83244033851662,1969
29.0,29.0,veh2814,2851.6926738176726,2332.1040622476753,21.466487024732768,69.51704550529763,1969
29.0,29.0,veh2816,1416.800142958854,1475.0224835795427,26.591569038337433,226.427486223084,1969
29.0,29.0,veh2818,2150.6143628778377,2128.2720132698114,20.201102095284288,241.19587394105326,1969
29.0,29.0,veh2821,1463.728754599737,1515.2522609866069,27.787687952432925,226.42844698292348,1969
29.0,29.0,veh2822,1595.983713245111,1645.492855639865,26.273746448799134,226.42748622308412,1969
29.0,29.0,veh2823,2918.941858061716,2362.9487799246813,25.92283010765742,69.53524790941667,1969
29.0,29.0,veh2824,1700.122333978598,1736.1406294835551,25.941377787736773,227.8229654179589,1969
29.0,29.0,veh2825,1904.8279269483292,1928.4379153049288,20.90701726718176,228.4215462322436,1969
29.0,29.0,veh2826,1209.5574418636122,1276.6738795887618,30.34276561718975,227.83244033851838,1969
29.0,29.0,veh2828,2782.374200851749,2311.983962996029,24.70789287784599,69.53524790941485,1969
29.0,29.0,veh2830,2644.384799202521,2254.4836283311274,21.69596437683404,67.93728067657476,1969
29.0,29.0,veh2831,2138.1102120659725,2073.8758745264586,21.60684339254822,239.191055433723,1969
29.0,29.0,veh2832,2150.67298009725,2085.0919453012257,22.061686275500872,239.19064547832653,1969
29.0,29.0,veh2833,2757.763543169083,2306.2176335971867,25.968494025438364,69.5352479094157,1969
29.0,29.0,veh2834,3086.640026883807,2428.948960523959,28.361387656498163,69.53524790941388,1969
29.0,29.0,veh2835,3134.871782485346,2446.9482631743713,28.916199527861426,69.53524790941388,1969
29.0,29.0,veh2839,2708.3641511331407,2278.564319013429,23.025150225810904,69.51704550530252,1969
29.0,29.0,veh2841,2825.9544156940246,2331.665352372179,27.43058901966167,69.5352479094157,1969
29.0,29.0,veh2842,2221.337404878624,2054.3478849801745,17.75490219576769,62.414717097202065,1969
29.0,29.0,veh2843,1665.966808865731,1705.195227706409,28.303644647851044,227.82296541795696,1969
29.0,29.0,veh2845,3165.8795894115,2458.5198697731485,31.675725611579733,69.5352479094157,1969
29.0,29.0,veh2847,2388.6226141101824,2140.1157861368206,19.84721216882768,63.182606228575,1969
29.0,29.0,veh2848,1918.637078416752,1900.830290621029,20.5641392810008,51.290875569121276,1969
29.0,29.0,veh2849,1623.6820541333157,1667.4223670918582,29.689252971353483,226.42844698292348,1969
29.0,29.0,veh2850,2113.266314267486,2104.08036230483,20.87827422786705,241.1899490701965,1969
29.0,29.0,veh2851,2322.89033680953,2189.637119942063,22.926171542387234,260.7218441871054,1969
29.0,29.0,veh2852,2145.4019539644564,2121.7544214897393,23.881537235552482,241.1899490701965,1969
29.0,29.0,veh2853,2561.919141238269,2229.4953000363603,26.78534177991131,69.4047804408018,1969
29.0,29.0,veh2854,2245.4340822174313,2104.992607265939,23.837383539347762,66.55132982552577,1969
29.0,29.0,veh2856,1587.9168180390423,1633.39743739541,31.008641812796647,226.42844698292348,1969
29.0,29.0,veh2857,2244.2437904092735,2127.9519140568023,24.302355583384834,247.0387737675177,1969
29.0,29.0,veh2858,2607.581932281134,2246.654466834016,27.485260241167303,69.40478044079691,1969
29.0,29.0,veh2860,1696.7182012285837,1678.5308439984608,15.120232321461154,49.90742684512333,1969
29.0,29.0,veh2861,2505.295658696944,2208.2173238242044,27.33076986391613,69.40478044079691,1969
29.0,29.0,veh2863,1982.7997850364507,1910.1281113487405,18.653893996404214,53.365976334428176,1969
29.0,29.0,veh2866,2194.361023012358,2082.8397935076364,25.236670853511963,66.55132982552577,1969
29.0,29.0,veh2869,1766.415495190048,1796.2012691663465,31.347510129783366,227.82200476001154,1969
29.0,29.0,veh2870,2711.9556235976247,2311.2522022713592,20.86612076219959,249.51597948853478,1969
29.0,29.0,veh2873,1971.7419617185506,1905.8920812206188,19.13908032001878,53.36912888366435,1969
29.0,29.0,veh2874,1851.4499117071548,1851.0795622152073,22.318981714605606,51.289784463403585,1969
29.0,29.0,veh2875,1838.3617487339677,1836.4966323794156,22.841939629580146,51.29087556911964,1969
29.0,29.0,veh2876,2185.371992589205,2082.425702190723,26.587582310184242,66.54958202659039,1969
29.0,29.0,veh2878,2279.80618754277,2139.8653267115506,27.10394114175447,246.4240966693255,1969
29.0,29.0,veh2880,2329.0210518746485,2144.738334664544,28.487672413972685,66.54958202659039,1969
29.0,29.0,veh2881,2601.7877290021083,2265.8501921046677,24.143424322228828,249.73707028904403,1969
29.0,29.0,veh2882,2024.3580218961065,1982.4935111663444,25.005084350266205,57.108984983229924,1969
29.0,29.0,veh2883,2569.5831511006245,2253.9610387825655,25.164008958944358,249.73707028904403,1969
29.0,29.0,veh2884,1863.6412222730874,1864.954147265435,23.62444601381323,51.289077363053735,1969
29.0,29.0,veh2885,2827.9832846864124,2354.596287968919,22.708707584931727,249.51597948853478,1969
29.0,29.0,veh2886,1676.9359868086183,1666.061791076926,17.925071714543943,49.90713898144344,1969
29.0,29.0,veh2887,2572.25663234209,2251.538238342606,25.312194465335743,249.73707028904641,1969
29.0,29.0,veh2888,1794.18000307262,1796.9497948442474,23.78096610382107,46.66812107752336,1969
29.0,29.0,veh2891,2224.2401868149204,2116.0028468582655,29.21045093530544,247.03848500249813,1969
29.0,29.0,veh2894,1767.2188749412123,1737.8823069334082,20.634928573068848,49.90742684512333,1969
29.0,29.0,veh2895,3274.61704323324,2521.4889746138865,19.163679836324523,249.50852638808396,1969
29.0,29.0,veh2896,2019.3291462915988,1983.0507764487963,28.493726274327283,57.108667057741485,1969
29.0,29.0,veh2898,2128.8410412694348,2064.6213716619095,31.64243897442774,239.188787781384,1969
29.0,29.0,veh2900,1710.3319455767787,1694.1766886707935,22.586698045442997,49.90713898144344,1969
29.0,29.0,veh2902,1753.0330787768623,1730.125289380141,22.433547563932173,49.90713898144543,1969
29.0,29.0,veh2903,3578.230990184204,2634.9540828914764,16.697166648133166,249.50852638808396,1969
29.0,29.0,veh2904,1831.6450850600206,1839.3103915433155,24.63936946670055,51.28907736305536,1969
29.0,29.0,veh2908,3310.6928965955676,2534.9710647782886,19.69654346091391,249.50852638808217,1969
29.0,29.0,veh2909,3464.642729039872,2592.5044376125447,18.88955820800148,249.50852638808217,1969
29.0,29.0,veh2911,1716.92081223854,1724.0632143276991,27.12474598858855,46.66812107752157,1969
29.0,29.0,veh2912,1539.4564138515284,1549.6553811847457,33.86145032218069,49.619371719797826,1969
29.0,29.0,veh2913,3494.9813719234335,2600.4265366061977,18.670494946642883,249.5082718117906,1969
29.0,29.0,veh2914,2592.629008224906,2255.646357788158,31.593401887643626,249.73772142144156,1969
29.0,29.0,veh2916,1419.998544410159,1443.7485768102722,23.00381415509005,45.39288609520109,1969
29.0,29.0,veh2917,1407.5581830107149,1419.0481899377992,24.853556766168293,44.18753559879932,1969
29.0,29.0,veh2918,1367.0497525280803,1383.672213147431,28.552554556109,47.89499448326632,1969
29.0,29.0,veh2920,2995.8947680605916,2412.656507174047,26.273783102912745,249.55283281120674,1969
29.0,29.0,veh2921,2717.0134231534043,2308.6800503842824,29.694236354879873,249.55283281120185,1969
29.0,29.0,veh2922,1337.4466002858653,1352.611709512806,23.754777040776403,47.89906525851499,1969
29.0,29.0,veh2924,2920.501535157884,2384.547344025261,28.3625902625992,249.55283281120674,1969
29.0,29.0,veh2925,1546.6579099847947,1563.436619612903,27.18949216451094,46.66812107752146,1969
29.0,29.0,veh2927,3276.0534598328977,2517.1092023481706,23.35512133127246,249.55283281120856,1969
29.0,29.0,veh2928,3470.5949339666095,2591.312833683767,25.881374529041295,249.5082718117906,1969
29.0,29.0,veh2929,3061.705276832027,2437.1929046296127,27.84257127094744,249.55283281120367,1969
29.0,29.0,veh2932,3688.1685878338567,2676.0394201968497,17.902163030441447,249.50852638808396,1969
29.0,29.0,veh2934,2960.106833057132,2395.8991821764703,30.118823469299905,249.55291399453682,1969
29.0,29.0,veh2938,1310.2236809190806,1328.7403889825528,23.751361424666538,99.31283755307062,1969
29.0,29.0,veh2939,1281.8499094479707,1310.9964621712497,22.934456836123246,47.895922257154396,1969
29.0,29.0,veh2941,1395.347158175417,1411.0728426562437,30.476986282310605,44.185228513614526,1969
29.0,29.0,veh2942,3672.440758607948,2670.161693353236,20.485080762201616,249.50852638808396,1969
29.0,29.0,veh2943,1216.8008659762559,1256.5254413286762,24.39545705104978,47.899667054048464,1969
29.0,29.0,veh2945,3558.0587060411463,2622.2503558613867,23.20141607389815,249.55283281120674,1969
29.0,29.0,veh2946,3413.8151173759697,2568.471436841053,26.91797710581907,249.55283281120367,1969
29.0,29.0,veh2947,1127.437373414477,1171.457015199665,23.409452616571546,47.9027254926706,1969
29.0,29.0,veh2948,3702.98175741258,2678.160469067159,21.837408895058662,249.5082718117906,1969
29.0,29.0,veh2949,3511.2370175479073,2604.7936368683636,24.757954543962757,249.55283281120674,1969
29.0,29.0,veh2950,3500.428670331834,2597.3486803381174,28.377358415332377,249.55291399454356,1969
29.0,29.0,veh2951,3733.897188599911,2689.7141882310243,20.733008889811313,249.50827181178389,1969
29.0,29.0,veh2952,3559.370127120221,2619.3239663099484,26.899984802355558,249.55291399453503,1969
29.0,29.0,veh2953,3475.9742501990354,2584.817327732658,29.527498630252577,249.55269624815674,1969
29.0,29.0,veh2954,3596.287382251227,2633.08791587963,23.528337785448695,249.55291399453682,1969
29.0,29.0,veh2957,3792.8799243518515,2711.7572242884903,21.955592079206077,249.5082718117857,1969
29.0,29.0,veh2960,947.9749114555595,1009.3157432982952,22.77969209653596,47.9027254926706,1969
29.0,29.0,veh2962,1196.0207972381863,1242.0596788613536,30.111889638777228,47.89592225715521,1969
29.0,29.0,veh2963,3949.6643009520662,2768.2542494937707,21.098383553195397,249.55283281120674,1969
29.0,29.0,veh2964,3900.0677345905133,2755.2293252460936,22.141009409709984,249.50852638808885,1969
29.0,29.0,veh2965,914.6646623828972,979.2205016915614,23.25139522288222,47.902725492670506,1969
29.0,29.0,veh2966,3596.298150641451,2629.67849955869,29.179766725305857,249.55269624816162,1969
29.0,29.0,veh2968,957.2465017954304,1022.0117634014881,25.329016301908766,47.902171386882166,1969
29.0,29.0,veh2969,1175.9050311984176,1215.2542217322941,29.51463211383643,47.895922257154396,1969
29.0,29.0,veh2970,889.481534901031,956.4679757549737,23.12022542112668,47.902725492670506,1969
29.0,29.0,veh2971,3734.5796534302235,2688.063372737065,27.841914647488775,249.55283281120552,1969
29.0,29.0,veh2972,929.6519949756338,997.0801126752467,25.64600793251287,47.902171386882166,1969
29.0,29.0,veh2973,4076.434808552408,2821.1403591253115,20.129527955579636,249.50852638808396,1969
29.0,29.0,veh2975,3812.4035983024587,2717.0787880345997,27.24193835084943,249.5528328112104,1969
29.0,29.0,veh2976,1063.52309516295,1122.3376348109273,32.08483968992211,47.90278468712849,1969
29.0,29.0,veh2977,4124.145992475856,2838.9707476970207,20.34871413664097,249.50852638808396,1969
29.0,29.0,veh2978,3994.4162022848304,2781.5232473183682,23.840804316058055,249.55291399454356,1969
29.0,29.0,veh2979,4114.987708808957,2832.135389469559,23.168598823807386,249.5082718117906,1969
29.0,29.0,veh2980,822.7883594158432,896.211829805159,26.38127976003534,47.902725492670314,1969
29.0,29.0,veh2981,4021.9043497874063,2795.18779830722,24.08561844423064,249.55283281120185,1969
29.0,29.0,veh2983,4181.584209997235,2860.43627533758,20.643572019998402,249.50852638808885,1969
29.0,29.0,veh2984,823.361848489211,901.0469121130467,27.24320395370802,47.90217138688226,1969
29.0,29.0,veh2986,3934.318176890125,2759.1167550741648,28.66177864328152,249.55291399453867,1969
29.0,29.0,veh2988,4225.7332740244465,2876.9354460130653,21.530255656209196,249.50852638808396,1969
29.0,29.0,veh2989,733.5307289857685,819.8844506698027,26.14960781457966,47.902171386882166,1969
29.0,29.0,veh2990,692.073273010857,778.1129798559494,25.420676998153482,47.902725492670506,1969
29.0,29.0,veh2991,4080.255465144245,2813.526907419937,28.51373542579925,249.55291399453867,1969
29.0,29.0,veh2993,4299.637276830075,2904.5544857992786,20.706966365373493,249.50852638808396,1969
29.0,29.0,veh2994,4097.293527462553,2816.467986942163,30.05492388460708,249.55269624815674,1969
29.0,29.0,veh2995,4237.830499843718,2875.6924158483544,24.843386606386854,249.55283281120674,1969
29.0,29.0,veh2996,4226.1451060578565,2867.9192952924413,25.438695170851002,249.55291399453503,1969
29.0,29.0,veh2997,555.3206355045784,654.5593055159034,23.777777344125518,47.90272549267137,1969
29.0,29.0,veh2998,618.1948305445202,715.6784086878702,28.438743997455493,47.9021713868812,1969
29.0,29.0,veh3000,4273.934104398419,2885.736583192393,25.852981942823348,249.55291399453867,1969
29.0,29.0,veh3002,553.1463801442168,656.9071011861854,25.94269382305588,47.902171386882166,1969
29.0,29.0,veh3004,4370.853582529236,2927.7576187267964,24.690479300753005,249.5082718117906,1969
29.0,29.0,veh3005,4414.995555738792,2944.2543629808797,23.78970615306481,249.5082718117906,1969
29.0,29.0,veh3006,546.1928779732016,654.939582434168,28.289708119995687,47.90278468712849,1969
29.0,29.0,veh3008,490.4078987854647,595.9117556085292,26.42749403643997,47.902725492670506,1969
29.0,29.0,veh3009,450.78907018111994,560.1168200491286,26.323390407464878,47.90272549267103,1969
29.0,29.0,veh3010,464.51896210654934,576.8321846198746,29.75006861645031,47.90217138688173,1969
29.0,29.0,veh3011,4413.386939340748,2934.3192268970265,27.949518475169164,249.55269624816162,1969
29.0,29.0,veh3013,404.3816588290753,522.4981010023191,25.10445218754148,47.9021713868826,1969
29.0,29.0,veh3014,346.1580495572776,465.58447841563486,21.87991097154812,47.902725492670506,1969
29.0,29.0,veh3017,4533.7998347132,2988.6539143382092,25.654131663740976,249.50827181178695,1969
29.0,29.0,veh3018,355.4840858056212,482.63780096379,26.732767610825153,47.90278468712752,1969
29.0,29.0,veh3019,4591.82473112199,3007.673513058641,25.407427686992747,249.55283281120185,1969
29.0,29.0,veh3020,4636.118974681343,3030.302767996235,22.140515172987595,249.50852638808885,1969
29.0,29.0,veh3023,317.5340697868773,452.65675451362574,27.959298700340938,47.90253722585596,1969
29.0,29.0,veh3024,4663.940529757912,3034.560737169034,24.12179672682811,249.55283281120185,1969
29.0,29.0,veh3025,4677.480307896563,3032.7829397698306,26.278053134433108,249.55269624815674,1969
29.0,29.0,veh3026,248.1418280867323,377.0284949373815,24.89287538617848,47.90272549267098,1969
29.0,29.0,veh3027,4699.115164362096,3044.2578667102634,25.83473424991604,249.55291399453503,1969
29.0,29.0,veh3028,227.06182511903464,362.28954247420126,27.323397584513277,47.90217138688195,1969
29.0,29.0,veh3029,208.5972988894115,354.23359083961924,24.261556537108227,47.90253722585662,1969
29.0,29.0,veh3030,4775.373988236993,3078.935039972528,21.758168557838744,249.5082718117906,1969
29.0,29.0,veh3031,175.38521282394413,315.5996973948796,24.322610037172698,47.90217138688243,1969
29.0,29.0,veh3032,4755.093321170541,3061.7199232919556,28.646294042331814,249.55269624815674,1969
29.0,29.0,veh3033,161.93907376088328,299.14577743073045,24.34556047064673,47.90272549267071,1969
29.0,29.0,veh3034,144.5762554463853,287.76378898045937,25.480054069628682,47.902171386882166,1969
29.0,29.0,veh3035,121.55452529691429,262.6590270449623,24.54884319348578,47.9027254926704,1969
29.0,29.0,veh3036,132.53433350761964,281.20692269799247,29.31376521066942,47.90278468712709,1969
29.0,29.0,veh3037,126.67308679721951,280.21597429760544,28.683922119671795,47.90253722585662,1969
29.0,29.0,veh3038,4866.295823748171,3110.005677700142,26.943349004674772,249.55283281120185,1969
29.0,29.0,veh3039,4902.740935664818,3126.534632953234,20.82071241577462,249.5082718117906,1969
29.0,29.0,veh3041,67.36076966879477,218.65938712186437,27.908892919683247,48.39120681968322,1969
29.0,29.0,veh3042,48.613305429214584,197.73672080292187,31.302504000000003,48.39067652278661,1969
30.0,30.0,veh2594,4763.405244756115,3046.215938018585,17.818038581295095,69.51704550530434,1970
30.0,30.0,veh2604,4616.099268794513,2991.1904344960726,17.20247790761061,69.51704550529945,1970
30.0,30.0,veh2628,90.71053506857989,271.8848131846399,22.0366832525446,227.24328187508186,1970
30.0,30.0,veh2636,352.0036359408257,508.69212940117393,24.085717194291323,227.8366176887913,1970
30.0,30.0,veh2646,196.52554246770342,367.89416146107374,25.272453722529338,227.8366176887913,1970
30.0,30.0,veh2648,471.0829347394495,612.2015907752241,24.855281748704993,227.8366522468939,1970
30.0,30.0,veh2664,85.81995906232785,258.6392878402485,27.843721639424107,227.24433579658972,1970
30.0,30.0,veh2667,4482.409716908733,2941.2512866767634,20.004707568862653,69.51704550529945,1970
30.0,30.0,veh2668,462.6892167902711,608.926860325281,21.70130000287626,227.8366176887904,1970
30.0,30.0,veh2673,4725.30477923489,3035.4029138200303,21.30421729603073,69.51723463154048,1970
30.0,30.0,veh2693,4887.245277818822,3097.487436421748,25.563473714800462,69.53524790940997,1970
30.0,30.0,veh2698,3813.88911610565,2691.5283380032424,18.76255900986378,69.51704550530252,1970
30.0,30.0,veh2700,4396.925602509752,2914.508149823726,23.47132640619851,69.53524790941485,1970
30.0,30.0,veh2701,1071.742177015708,1160.489167676164,24.07010998396647,227.83218077566417,1970
30.0,30.0,veh2705,65.92764488427352,248.97035561374625,26.11840001025722,227.24328187508186,1970
30.0,30.0,veh2706,4620.808982122381,2998.0577668299175,24.4480605401046,69.53524790941972,1970
30.0,30.0,veh2708,4343.83575669842,2894.6958873318463,23.454470362943756,69.53524790940997,1970
30.0,30.0,veh2712,809.926307198708,923.378083843741,21.986058612869424,227.8366176887904,1970
30.0,30.0,veh2713,231.8731582466164,391.2632321363868,29.854430016792637,227.83635535128113,1970
30.0,30.0,veh2714,4892.12110550304,3102.724981287822,26.516509236099818,69.53524790941206,1970
30.0,30.0,veh2715,3988.20755037945,2756.644227270845,20.81963612110972,69.51704550530252,1970
30.0,30.0,veh2717,4330.031588370605,2884.3311027270356,23.51136677617505,69.51704550529945,1970
30.0,30.0,veh2718,625.5738598107146,747.794288244877,28.238399227955053,227.83635535128212,1970
30.0,30.0,veh2720,4223.928185234157,2844.6966402083053,23.053022363015383,69.51704550530069,1970
30.0,30.0,veh2721,442.2414799887738,586.0833563157996,24.974010057818646,227.836652246894,1970
30.0,30.0,veh2725,677.0429996331611,803.0415189911323,28.68869444032604,227.8366176887914,1970
30.0,30.0,veh2726,920.8029524977746,1023.7858390547515,26.271641132848025,227.83661768879236,1970
30.0,30.0,veh2728,4676.685219233547,3018.9098650002356,26.844969580645245,69.53524790941849,1970
30.0,30.0,veh2729,254.61717831074805,420.5008284088577,27.01760146036782,227.8366176887914,1970
30.0,30.0,veh2730,4415.795206325253,2919.7881297741105,24.975685858469536,69.51723463154048,1970
30.0,30.0,veh2731,3235.196307418804,2475.3601684840987,17.011641135270878,69.51704550529763,1970
30.0,30.0,veh2732,771.5320376209232,884.2821837972592,28.768514910462947,227.83665224689372,1970
30.0,30.0,veh2733,1326.0928392673743,1390.8600820762642,24.115743673852254,227.8321807756659,1970
30.0,30.0,veh2734,1110.8236647486153,1187.249369265479,26.903894431082882,227.83244033852014,1970
30.0,30.0,veh2735,522.9952542646998,663.5388467552982,25.756212960433686,227.8366176887904,1970
30.0,30.0,veh2737,3657.913599138263,2633.2643653280825,20.30253162346137,69.51704550529763,1970
30.0,30.0,veh2739,4314.163663649014,2881.824493469402,24.84188284861054,69.51723463154048,1970
30.0,30.0,veh2740,4652.888491582066,3013.447280982105,28.532873111146124,69.53524790941206,1970
30.0,30.0,veh2742,3691.39620410778,2651.2161130272243,23.457971193081683,69.53524790940997,1970
30.0,30.0,veh2744,130.6938834495228,299.63638576200765,28.90237661578994,227.8363553512812,1970
30.0,30.0,veh2745,4148.761688506871,2821.8974343451014,25.63908258662815,69.53524790941485,1970
30.0,30.0,veh2747,870.7242922013523,978.4355684835616,24.337393860168625,227.8366176887914,1970
30.0,30.0,veh2748,953.270697239858,1044.5529657576803,29.049158295586246,227.83635535128016,1970
30.0,30.0,veh2752,3789.4114760163116,2685.8075810345426,23.64339615375341,69.5172346315423,1970
30.0,30.0,veh2753,807.3564673222238,916.7240582589423,25.006483273363948,227.8366522468938,1970
30.0,30.0,veh2754,3608.9442582237775,2614.972082049042,21.428192143854066,69.51704550529763,1970
30.0,30.0,veh2755,1453.9807974888545,1510.395146380322,25.07815411541195,226.42748622308594,1970
30.0,30.0,veh2756,3824.6827941325896,2700.956489324483,25.227843450726407,69.5352479094118,1970
30.0,30.0,veh2758,3718.117402915644,2659.1762597871893,23.456745618772278,69.5172346315423,1970
30.0,30.0,veh2759,3432.2234651855283,2548.958802164442,20.75696333275907,69.51704550530252,1970
30.0,30.0,veh2761,312.1032566117815,468.2328297152442,29.227178662484285,227.836652246894,1970
30.0,30.0,veh2762,452.7580890256552,591.2942133772974,29.192271678361013,227.8363553512817,1970
30.0,30.0,veh2764,1174.812435554386,1253.8421375360035,29.050686230818823,227.8321807756659,1970
30.0,30.0,veh2765,4303.867750535296,2879.780480867964,25.102811628160985,69.53524790941361,1970
30.0,30.0,veh2766,3977.8561588818934,2758.1182848204094,25.96952979935062,69.53524790941485,1970
30.0,30.0,veh2769,587.0015850298581,721.5017475455252,28.85971969559228,227.8366176887904,1970
30.0,30.0,veh2770,3866.8498783994555,2716.6925557839945,26.284193961646782,69.53524790941485,1970
30.0,30.0,veh2771,2787.6570593081924,2308.183838314085,16.504356412274475,69.51704550529763,1970
30.0,30.0,veh2772,4299.384951542159,2881.525539262064,29.38443326248418,69.53524790941083,1970
30.0,30.0,veh2776,591.8545696889962,717.2584673266927,29.066590378955294,227.83635535128212,1970
30.0,30.0,veh2777,3332.333540425422,2511.645357337306,20.900693267827183,69.51704550530252,1970
30.0,30.0,veh2780,1089.0431792711918,1171.8356900723209,26.21000676209392,227.83120150731702,1970
30.0,30.0,veh2783,3545.650387797461,2591.328933375939,22.982593605098035,69.51704550529763,1970
30.0,30.0,veh2785,2060.569616140559,2067.742589576889,18.295844979290834,230.11097252765788,1970
30.0,30.0,veh2786,3380.7012814953987,2535.2698474538397,25.403916175905294,69.53524790941485,1970
30.0,30.0,veh2787,3146.2612609127464,2442.138870550677,21.52673855404249,69.51704550529763,1970
30.0,30.0,veh2789,2970.1517882718417,2376.353946728741,20.57988224975789,69.51704550530434,1970
30.0,30.0,veh2790,3107.119652506861,2427.5176937983074,21.0840132303352,69.51704550530252,1970
30.0,30.0,veh2791,1840.5569375736652,1871.4186673390436,20.329894815014715,228.42154623224337,1970
30.0,30.0,veh2792,954.2241986092293,1049.7244867545915,28.37203821401655,227.83665224689295,1970
30.0,30.0,veh2793,3328.7120297022875,2515.8683086559686,25.336355620044383,69.53524790941485,1970
30.0,30.0,veh2794,4390.375899166179,2915.481873306024,32.331487814338324,69.5352479094157,1970
30.0,30.0,veh2795,4263.895399697602,2871.6934809829118,31.836455803523368,69.5355470131418,1970
30.0,30.0,veh2799,1773.2243779447738,1806.6884205644478,24.920646265184526,227.8220047600096,1970
30.0,30.0,veh2800,1801.7456225337874,1832.529953122643,22.292601977378673,227.82200476001154,1970
30.0,30.0,veh2801,1863.3795172957457,1891.6661591709878,19.1983742084775,228.42154623224164,1970
30.0,30.0,veh2802,1676.3606659958646,1718.9301444349435,22.563035982341216,227.8229654179589,1970
30.0,30.0,veh2803,1978.9643034976107,1998.0504948448825,20.279215732328854,229.31491308820802,1970
30.0,30.0,veh2806,3120.9560491855555,2438.3371733258155,25.508262114521912,69.53524790941485,1970
30.0,30.0,veh2807,2475.0714142943316,2225.2526734795456,17.224911051251173,250.29797470206094,1970
30.0,30.0,veh2810,3168.8685388297167,2456.2173311406077,25.819384102352785,69.53524790940997,1970
30.0,30.0,veh2811,1493.6998044284874,1548.1827285791182,25.609585212021734,226.42748622308224,1970
30.0,30.0,veh2813,1003.9417283321691,1090.4449614353925,30.642292517281923,227.8324403385203,1970
30.0,30.0,veh2814,2871.416731266576,2339.471897704098,21.05655535462675,69.51704550530434,1970
30.0,30.0,veh2816,1397.135050206556,1456.3136495456552,27.14371670060452,226.427486223084,1970
30.0,30.0,veh2818,2132.529422031311,2118.328036869692,20.63693310166781,241.19587394105326,1970
30.0,30.0,veh2821,1443.6593082206716,1496.1593770393463,27.70078410768244,226.42844698292348,1970
30.0,30.0,veh2822,1577.3171128909974,1627.7339600983628,25.76549819304804,226.42748622308594,1970
30.0,30.0,veh2823,2942.454960308717,2371.723485267987,25.105318215967337,69.53524790941485,1970
30.0,30.0,veh2824,1680.9685629768824,1718.7870347946464,25.845388491011754,227.8229654179589,1970
30.0,30.0,veh2825,1889.1075114619061,1914.4912454703976,21.02009383104369,228.42154623224337,1970
30.0,30.0,veh2826,1186.4845072726039,1255.7764123003494,31.129450809099534,227.83244033852014,1970
30.0,30.0,veh2828,2805.402385478873,2320.577705011506,24.587563858092725,69.53524790941304,1970
30.0,30.0,veh2830,2664.4585622567297,2262.1635781771806,21.495740260994815,69.51704550529763,1970
30.0,30.0,veh2831,2119.5039296136283,2062.7803668907904,21.663389047465355,239.19105543372035,1970
30.0,30.0,veh2832,2132.109843984698,2074.0219871224313,21.60684339254822,239.19064547832653,1970
30.0,30.0,veh2833,2782.2777340743137,2315.3659288609642,26.16561821969905,69.53524790941388,1970
30.0,30.0,veh2834,3113.6831152255645,2439.0409989661507,28.864877807613855,69.5352479094157,1970
30.0,30.0,veh2835,3162.0704537090405,2457.09836260448,29.03094171345594,69.5352479094157,1970
30.0,30.0,veh2839,2729.881456709256,2286.6020144704157,22.970949923443808,69.51704550529763,1970
30.0,30.0,veh2841,2851.3129940026565,2341.128759210031,27.06688877406148,69.5352479094157,1970
30.0,30.0,veh2842,2238.0307624161605,2063.0695023399603,18.842826130008515,62.41471709719964,1970
30.0,30.0,veh2843,1644.4424795217146,1687.1739722667326,28.222758758679422,226.4084564954243,1970
30.0,30.0,veh2845,3195.907859601266,2469.725929276334,32.051159943268765,69.5352479094157,1970
30.0,30.0,veh2847,2406.806891858769,2149.3082558009582,20.376973267455615,63.18260622857964,1970
30.0,30.0,veh2848,1934.4136580215309,1913.4738398225854,20.224477571106373,51.290875569121276,1970
30.0,30.0,veh2849,1602.6086893549966,1647.3744145728276,29.086439013861593,226.42844698292348,1970
30.0,30.0,veh2850,2094.826766183189,2092.760639575119,21.720204123677387,235.1092984924944,1970
30.0,30.0,veh2851,2301.149800410624,2184.7849997330063,22.3016926460059,254.92504650770786,1970
30.0,30.0,veh2852,2125.9497942754456,2111.0560621335912,22.20169476174143,241.18994907019606,1970
30.0,30.0,veh2853,2586.8203975604106,2238.8526958710063,26.61015421631781,69.40478044079691,1970
30.0,30.0,veh2854,2267.937221088711,2114.7532883794597,24.536893060339466,66.55132982552577,1970
30.0,30.0,veh2856,1564.796492480002,1611.4021274907927,31.911749567659513,226.42844698292348,1970
30.0,30.0,veh2857,2222.594356669448,2118.779560273635,23.50533307718599,247.0387737675177,1970
30.0,30.0,veh2858,2633.8582223474323,2256.5285729447864,28.07955236680867,69.4047804408018,1970
30.0,30.0,veh2860,1707.964911166715,1687.998961860057,14.708061274280263,49.907426845121655,1970
30.0,30.0,veh2861,2530.8906957412764,2217.835428626944,27.351547010760324,69.40478044079691,1970
30.0,30.0,veh2863,1997.549354794566,1921.0957040801015,18.388585748827747,53.365976334430265,1970
30.0,30.0,veh2866,2217.1645232697133,2092.730755633289,24.864400047331653,66.55132982553054,1970
30.0,30.0,veh2869,1743.340669896253,1775.2944378657953,31.138183833157704,227.82200476001154,1970
30.0,30.0,veh2870,2692.510562484637,2303.988172406699,20.755988007326103,249.51597948853478,1970
30.0,30.0,veh2873,1987.0731027514046,1917.2908130425324,19.095675307115975,53.36912888366226,1970
30.0,30.0,veh2874,1869.3751931408274,1865.445668678885,22.971783168440005,51.289784463403585,1970
30.0,30.0,veh2875,1855.7721955788904,1850.4495833243836,22.318981714605606,51.290875569121276,1970
30.0,30.0,veh2876,2209.743588899254,2092.9977054549468,26.56585700210404,66.5495820265931,1970
30.0,30.0,veh2878,2255.482504123277,2129.250750773359,26.538808925227343,246.42409666933028,1970
30.0,30.0,veh2880,2355.3927764833397,2155.3077413172437,28.41965060582712,69.40479072891429,1970
30.0,30.0,veh2881,2579.218158222224,2257.518050996129,24.051304534478994,249.73707028904403,1970
30.0,30.0,veh2882,2045.3511001677025,1996.0698731623468,25.00878490123776,57.108984983227735,1970
30.0,30.0,veh2883,2546.94914245622,2245.605108768817,24.119972863098845,249.73707028904403,1970
30.0,30.0,veh2884,1882.3436069777883,1879.9434374286425,23.95997524921442,51.28907736305333,1970
30.0,30.0,veh2885,2807.022470847494,2346.766023161379,22.37392817314456,249.51597948853293,1970
30.0,30.0,veh2886,1690.097311540851,1677.1418531771087,17.196525617088398,49.90713898144344,1970
30.0,30.0,veh2887,2548.567462963709,2242.79276843847,25.25188706333498,249.73707028904334,1970
30.0,30.0,veh2888,1811.7769755840943,1813.5508379040891,24.199880345025104,46.66812107751967,1970
30.0,30.0,veh2891,2197.3098035672697,2104.592919398344,29.247718703478917,247.0384850024961,1970
30.0,30.0,veh2894,1782.1904103597378,1750.4861939982875,19.579260202945825,49.907426845121655,1970
30.0,30.0,veh2895,3257.763282026002,2515.1904700179407,17.990864941507684,249.50852638808217,1970
30.0,30.0,veh2896,2043.4169798265427,1998.6287266190056,28.686225248573255,57.108667057741485,1970
30.0,30.0,veh2898,2100.8379275044235,2047.9207374133239,32.61463596966186,239.188787781384,1970
30.0,30.0,veh2900,1727.5646918980297,1708.68433917565,22.516226109095104,49.90713898144344,1970
30.0,30.0,veh2902,1770.1944202302784,1744.572826607196,22.422928841237248,49.90713898144511,1970
30.0,30.0,veh2903,3562.92282329653,2629.2331901891334,16.34099116462606,249.50852638808217,1970
30.0,30.0,veh2904,1850.4396441873546,1854.3735561983747,24.0780616280252,51.289077363053735,1970
30.0,30.0,veh2908,3293.761387246622,2525.2265764624744,19.538562643706776,249.50827181178389,1970
30.0,30.0,veh2909,3448.0288598808083,2586.2955842908386,17.73478765488945,249.50852638808396,1970
30.0,30.0,veh2911,1736.0910113593397,1742.1484446627817,26.363428402877183,46.66812107751967,1970
30.0,30.0,veh2912,1563.7566161393095,1570.3223116397448,31.886116973652353,49.619371719797826,1970
30.0,30.0,veh2913,3477.6716483055698,2593.9575443326275,18.480410026610933,249.5082718117857,1970
30.0,30.0,veh2914,2564.127647412788,2245.1247109305873,30.39043732669997,249.73772142144335,1970
30.0,30.0,veh2916,1436.4281450767655,1459.9543878617635,23.083038069837176,45.39288609520109,1970
30.0,30.0,veh2917,1426.0588336345438,1438.0811089686495,26.555216141248202,44.18753559879932,1970
30.0,30.0,veh2918,1388.7018786298495,1404.2358259322987,29.97626788885094,44.185228513614526,1970
30.0,30.0,veh2920,2971.5922621720724,2403.5957058707486,25.928924333003266,249.5528328112049,1970
30.0,30.0,veh2921,2688.21299821816,2297.942271778823,30.72786165878719,249.55283281120856,1970
30.0,30.0,veh2922,1355.2140058799173,1368.666318937766,23.94615918181518,47.89906525851306,1970
30.0,30.0,veh2924,2894.070341233082,2374.692895374568,28.20007247198643,249.55283281120674,1970
30.0,30.0,veh2925,1566.4195467168197,1582.0798141798873,27.176791009079373,46.66812107751967,1970
30.0,30.0,veh2927,3253.906773013139,2508.852163764548,23.62882944706995,249.55283281120552,1970
30.0,30.0,veh2928,3446.4955981454323,2582.306426610665,25.729215392251444,249.5082718117906,1970
30.0,30.0,veh2929,3035.8855998011677,2427.5664502892614,27.547630483323807,249.55283281120185,1970
30.0,30.0,veh2932,3671.4604086437253,2669.7953217950203,17.83546067444394,249.50852638808706,1970
30.0,30.0,veh2934,2930.879484005505,2385.002278899818,31.192580734086302,249.55291399453682,1970
30.0,30.0,veh2938,1326.6705807951303,1347.1804234667604,24.339174678223202,47.89499448326632,1970
30.0,30.0,veh2939,1299.1440768866837,1326.6251774472128,23.309234248949664,47.89592225715422,1970
30.0,30.0,veh2941,1418.3216960725913,1434.710268102501,32.948430806273755,44.185228513614526,1970
30.0,30.0,veh2942,3652.982665062259,2662.889910507919,20.770908564276688,249.50852638808885,1970
30.0,30.0,veh2943,1235.5333060230696,1273.451697496709,25.246681067610957,47.899667054048464,1970
30.0,30.0,veh2945,3535.817967776067,2613.9582516980154,23.729175181798936,249.55283281120674,1970
30.0,30.0,veh2946,3388.9199664990374,2559.189677316079,26.561231434640856,249.55283281120674,1970
30.0,30.0,veh2947,1145.0240714940792,1187.3471410140157,23.70153260664931,47.895922257154396,1970
30.0,30.0,veh2948,3682.0612240798055,2670.3420444939884,22.33542501892193,249.5082718117857,1970
30.0,30.0,veh2949,3488.2298728724195,2596.2157903114244,24.546872497250938,249.55283281120856,1970
30.0,30.0,veh2950,3474.2795077075216,2587.599424756324,27.90741865938132,249.55291399453017,1970
30.0,30.0,veh2951,3713.1849368191647,2681.973602667913,22.113057026951623,249.5082718117857,1970
30.0,30.0,veh2952,3535.1863865575306,2610.3074837916815,25.80984264503097,249.55291399453867,1970
30.0,30.0,veh2953,3447.166894780098,2577.490963666488,29.078914030366487,249.55291399454356,1970
30.0,30.0,veh2954,3572.2607666505464,2624.130014641189,25.642152682655308,249.55291399453682,1970
30.0,30.0,veh2957,3771.9531838818084,2703.9364799831333,22.342051955570174,249.5082718117906,1970
30.0,30.0,veh2960,965.3478473442656,1025.0118944092756,23.41288693879536,47.902725492671465,1970
30.0,30.0,veh2962,1218.3773866454567,1262.2632978922236,30.13329924058855,47.89592225715502,1970
30.0,30.0,veh2963,3930.538086114282,2761.123345663346,20.406215703868888,249.55283281120185,1970
30.0,30.0,veh2964,3879.839984071214,2747.6699099888783,21.592493401824647,249.50852638808217,1970
30.0,30.0,veh2965,931.7456840989804,994.6529133290138,23.019484605232666,47.902725492670506,1970
30.0,30.0,veh2966,3569.5389717755547,2619.701694313742,28.566987843554855,249.55269624815674,1970
30.0,30.0,veh2968,976.1820785425904,1039.1200664722082,25.519451082905057,47.902171386882166,1970
30.0,30.0,veh2969,1197.0488796194652,1234.3618884055654,28.49786886342085,47.895922257156144,1970
30.0,30.0,veh2970,906.9526448135963,972.2528254211978,23.54519257416189,47.902725492670406,1970
30.0,30.0,veh2971,3708.3057612002713,2678.2675715117957,28.03224353443078,249.55283281120367,1970
30.0,30.0,veh2972,948.4812622282885,1014.09236506446,25.37617792144283,47.902171386882166,1970
30.0,30.0,veh2973,4056.9442848706867,2813.856456649347,20.805526723999595,249.50852638808217,1970
30.0,30.0,veh2975,3787.046765251514,2707.624897682327,27.05381117974093,249.55283281120856,1970
30.0,30.0,veh2976,1087.5338210179946,1144.0308708290427,32.359322578021846,47.90278468712849,1970
30.0,30.0,veh2977,4104.665509365212,2831.690597533807,20.794808727229444,249.50852638808033,1970
30.0,30.0,veh2978,3971.1707616330095,2772.8565934265416,24.80845193830435,249.55291399453867,1970
30.0,30.0,veh2979,4092.740925817916,2823.8213186930434,23.751371224852463,249.5082718117857,1970
30.0,30.0,veh2980,842.0563056310905,913.6200904083294,25.966724862758653,47.902725492670506,1970
30.0,30.0,veh2981,3999.558984440315,2786.8566856068114,23.840804316058055,249.55283281120367,1970
30.0,30.0,veh2983,4161.642469439642,2852.983746314015,21.287186679503364,249.50852638808033,1970
30.0,30.0,veh2984,843.8858874532575,919.5903915919508,27.66021945675226,47.902171386882166,1970
30.0,30.0,veh2986,3907.154487596453,2748.9892510590953,28.99016157202082,249.55291399453867,1970
30.0,30.0,veh2988,4205.053335258124,2869.20704119221,22.075190265764835,249.50852638808396,1970
30.0,30.0,veh2989,753.2426527928296,837.6941836978036,26.565732961880432,47.902171386882166,1970
30.0,30.0,veh2990,711.3323137447067,795.5131945086467,25.954723262658494,47.902725492670506,1970
30.0,30.0,veh2991,4053.930321932083,2803.7120405697056,28.095232090029032,249.55291399453682,1970
30.0,30.0,veh2993,4279.666180279357,2897.0909859986077,21.318523287459076,249.50852638808396,1970
30.0,30.0,veh2994,4069.7122723528882,2806.1846814633445,29.444602294279424,249.55269624816162,1970
30.0,30.0,veh2995,4215.389090817022,2867.3254947954524,23.94327561315521,249.55283281120674,1970
30.0,30.0,veh2996,4202.492307764259,2859.100765265232,25.24320009511853,249.55291399453867,1970
30.0,30.0,veh2997,573.0427220083491,670.5709082494336,23.88342478729059,47.90272549267137,1970
30.0,30.0,veh2998,639.0546943288033,734.525306059981,28.112810111205945,47.902171386882166,1970
30.0,30.0,veh3000,4250.074530210177,2876.840960407989,25.46387949290332,249.55291399453867,1970
30.0,30.0,veh3002,572.4184984889375,674.3194697587834,25.97300773718539,47.902171386882074,1970
30.0,30.0,veh3004,4348.211516962102,2919.2958228919797,24.173387442086614,249.5082718117857,1970
30.0,30.0,veh3005,4392.251873203499,2939.1659564221777,22.9960958069105,249.50852638808033,1970
30.0,30.0,veh3006,567.0974785508963,673.8264930979324,28.17318882994985,47.90278468712752,1970
30.0,30.0,veh3008,509.9945922958973,613.6079989535629,26.396289239904075,47.902725492671465,1970
30.0,30.0,veh3009,469.59666520434325,577.1091612060743,25.346325957240015,47.9027254926706,1970
30.0,30.0,veh3010,485.88648742665606,596.1377544437512,28.796984874040366,47.902171386882166,1970
30.0,30.0,veh3011,4386.872209481053,2924.433561224762,28.306024238373933,249.55269624816162,1970
30.0,30.0,veh3013,423.4577040480353,539.7333174076327,25.708760251707,47.902171386882166,1970
30.0,30.0,veh3014,362.7818488667009,480.60379741104714,22.403302252313765,47.902725492670506,1970
30.0,30.0,veh3017,4510.206252004294,2979.8365173872703,25.189257326290377,249.5082718117906,1970
30.0,30.0,veh3018,375.36880108589764,500.6032645791865,26.798686554134378,47.902784687127564,1970
30.0,30.0,veh3019,4569.0409309113675,2999.178936919478,24.308580950023323,249.5528328112104,1970
30.0,30.0,veh3020,4616.465138182502,3022.957833058937,20.97985806760227,249.50852638808396,1970
30.0,30.0,veh3023,338.90179573519384,471.96225779802126,28.797937004391684,47.9025372258564,1970
30.0,30.0,veh3024,4640.647693519343,3025.876375074192,24.85168365358528,249.55283281120185,1970
30.0,30.0,veh3025,4653.376182457456,3023.7960360120233,25.7325630898216,249.55269624816162,1970
30.0,30.0,veh3026,266.4233722276082,393.54555809904264,24.637385919047507,47.90272549267098,1970
30.0,30.0,veh3027,4674.492712058302,3035.077818231885,26.278053134433108,249.55291399453867,1970
30.0,30.0,veh3028,247.31591530449217,380.5891230965065,27.296409854220673,47.902171386882216,1970
30.0,30.0,veh3029,227.09402637569758,370.94517887199936,24.92860467350922,47.90253722585683,1970
30.0,30.0,veh3030,4754.315286354144,3071.0649790299613,22.482938145909667,249.5082718117857,1970
30.0,30.0,veh3031,194.25997591660868,332.65305529831807,25.43749260327734,47.902171386882166,1970
30.0,30.0,veh3032,4727.943305653227,3051.597399780639,28.984228818168578,249.55269624815674,1970
30.0,30.0,veh3033,179.98704648318875,315.4518128015465,24.322610037172698,47.90272549267098,1970
30.0,30.0,veh3034,163.4752097544782,304.83900365914803,25.47009507147799,47.90217138688243,1970
30.0,30.0,veh3035,139.7962156020069,279.14008294608817,24.58367632400562,47.90272549267098,1970
30.0,30.0,veh3036,154.34462687699946,300.9121096441376,29.393793545511482,47.902784687127564,1970
30.0,30.0,veh3037,147.27347654932498,298.82819784357594,27.76377457208032,47.90253722585613,1970
30.0,30.0,veh3038,4841.760612140426,3100.858115784843,26.177203626230426,249.55283281120674,1970
30.0,30.0,veh3039,4883.313159985306,3119.2740819740307,20.741709595633004,249.5082718117857,1970
30.0,30.0,veh3041,88.03779296554922,237.02298291938152,27.654147624225704,48.39120681968339,1970
30.0,30.0,veh3042,71.82647200077696,218.35309040376788,31.045808344639184,48.39067652278661,1970
30.0,30.0,veh3044,48.613305429214584,197.73672080292187,29.69682,48.39067652278661,1970
